groups,transport,battery,relay,component,gap,units,cv,A_uav,B_uav,C_uav,A_battery,B_battery,C_battery,R_uav,R_component
S001;S002 | S003;S004;S005;S006;S007;S008;S009;S010;S011;S012;S013;S014 | S015,12,18,6,8,14,44,0.6084962359486406,5,4,3,7,6,5,6,8
S001;S002 | S003;S004;S005;S006;S007;S008;S009;S010;S011;S013;S014 | S012;S015,12,19,6,9,16,46,0.4900682868850143,5,4,3,7,7,5,6,9
S001;S002 | S003;S004;S005;S006;S007;S008;S009;S010;S011;S013;S014;S015 | S012,12,19,6,8,15,45,0.6348237088499185,5,4,3,7,7,5,6,8
S001;S002 | S003;S004;S005;S006;S007;S008;S011 | S009;S010;S012;S013;S014;S015,14,19,6,9,18,48,0.16850450242721043,7,4,3,7,7,5,6,9
S001;S002 | S003;S004;S005;S006;S007;S008;S011;S012 | S009;S010;S013;S014;S015,14,18,6,9,17,47,0.24971592400341824,7,4,3,7,6,5,6,9
S001;S002 | S003;S004;S005;S006;S007;S008;S011;S012;S015 | S009;S010;S013;S014,13,18,6,9,16,46,0.29521152420039415,7,3,3,7,6,5,6,9
S001;S002 | S003;S004;S005;S006;S007;S008;S011;S015 | S009;S010;S012;S013;S014,14,19,6,9,18,48,0.20355486543938675,7,4,3,7,7,5,6,9
S001;S002 | S003;S004;S005;S006;S007;S009;S010;S011;S012;S013;S014 | S008;S015,12,19,6,9,16,46,0.44100174889401583,5,4,3,7,7,5,6,9
S001;S002 | S003;S004;S005;S006;S007;S009;S010;S011;S012;S013;S014;S015 | S008,13,19,6,8,16,46,0.5645939851625555,5,5,3,7,7,5,6,8
S001;S002 | S003;S004;S005;S006;S007;S009;S010;S011;S013;S014 | S008;S012;S015,12,18,6,9,15,45,0.343122619014381,5,4,3,7,6,5,6,9
S001;S002 | S003;S004;S005;S006;S007;S009;S010;S011;S013;S014;S015 | S008;S012,13,18,6,9,16,46,0.39222189197029017,5,5,3,7,6,5,6,9
S001;S002 | S003;S004;S005;S006;S007;S011 | S008;S009;S010;S012;S013;S014;S015,14,18,6,9,17,47,0.18910153885334333,7,4,3,7,6,5,6,9
S001;S002 | S003;S004;S005;S006;S007;S011;S012 | S008;S009;S010;S013;S014;S015,14,19,6,9,18,48,0.18708120115336133,7,4,3,7,7,5,6,9
S001;S002 | S003;S004;S005;S006;S007;S011;S012;S015 | S008;S009;S010;S013;S014,15,19,6,9,19,49,0.2009830251824241,7,5,3,7,7,5,6,9
S001;S002 | S003;S004;S005;S006;S007;S011;S015 | S008;S009;S010;S012;S013;S014,15,18,6,9,18,48,0.1692527594329157,7,5,3,7,6,5,6,9
S001;S002 | S003;S004;S005;S007;S008;S009;S010;S011;S012;S013;S014 | S006;S015,13,19,6,8,16,46,0.5642053116053187,5,4,4,7,6,6,6,8
S001;S002 | S003;S004;S005;S007;S008;S009;S010;S011;S012;S013;S014;S015 | S006,12,19,4,6,11,41,0.8196461044758062,5,3,4,7,6,6,4,6
S001;S002 | S003;S004;S005;S007;S008;S009;S010;S011;S013;S014 | S006;S012;S015,13,20,6,9,18,48,0.44899715342369995,5,4,4,7,7,6,6,9
S001;S002 | S003;S004;S005;S007;S008;S009;S010;S011;S013;S014;S015 | S006;S012,13,20,6,8,17,47,0.5893892944809462,5,4,4,7,7,6,6,8
S001;S002 | S003;S004;S005;S007;S008;S011 | S006;S009;S010;S012;S013;S014;S015,15,20,6,9,20,50,0.15322805095912512,7,4,4,7,7,6,6,9
S001;S002 | S003;S004;S005;S007;S008;S011;S012 | S006;S009;S010;S013;S014;S015,15,19,6,9,19,49,0.2196528029523757,7,4,4,7,6,6,6,9
S001;S002 | S003;S004;S005;S007;S008;S011;S012;S015 | S006;S009;S010;S013;S014,14,19,6,9,18,48,0.2605097301099964,7,3,4,7,6,6,6,9
S001;S002 | S003;S004;S005;S007;S008;S011;S015 | S006;S009;S010;S012;S013;S014,15,20,6,9,20,50,0.17588545668688413,7,4,4,7,7,6,6,9
S001;S002 | S003;S004;S005;S007;S009;S010;S011;S012;S013;S014 | S006;S008;S015,13,20,6,9,18,48,0.40016948504226596,5,4,4,7,7,6,6,9
S001;S002 | S003;S004;S005;S007;S009;S010;S011;S012;S013;S014;S015 | S006;S008,14,20,6,8,18,48,0.5196487421178041,5,5,4,7,7,6,6,8
S001;S002 | S003;S004;S005;S007;S009;S010;S011;S013;S014 | S006;S008;S012;S015,13,19,6,9,17,47,0.30799740166828543,5,4,4,7,6,6,6,9
S001;S002 | S003;S004;S005;S007;S009;S010;S011;S013;S014;S015 | S006;S008;S012,14,19,6,9,18,48,0.3550803905022145,5,5,4,7,6,6,6,9
S001;S002 | S003;S004;S005;S007;S011 | S006;S008;S009;S010;S012;S013;S014;S015,15,19,6,9,19,49,0.21381439730146629,7,4,4,7,6,6,6,9
S001;S002 | S003;S004;S005;S007;S011;S012 | S006;S008;S009;S010;S013;S014;S015,15,20,6,9,20,50,0.18767519787755335,7,4,4,7,7,6,6,9
S001;S002 | S003;S004;S005;S007;S011;S012;S015 | S006;S008;S009;S010;S013;S014,16,20,6,9,21,51,0.18902799768340495,7,5,4,7,7,6,6,9
S001;S002 | S003;S004;S005;S007;S011;S015 | S006;S008;S009;S010;S012;S013;S014,16,19,6,9,20,50,0.1826002278832434,7,5,4,7,6,6,6,9
S001;S002 | S003;S006;S007;S008;S009;S010;S011;S012;S013;S014 | S004;S005;S015,12,18,6,9,15,45,0.42637302488651885,5,4,3,7,6,5,6,9
S001;S002 | S003;S006;S007;S008;S009;S010;S011;S012;S013;S014;S015 | S004;S005,11,18,6,9,14,44,0.48137694361306205,5,3,3,7,6,5,6,9
S001;S002 | S003;S006;S007;S008;S009;S010;S011;S013;S014 | S004;S005;S012;S015,12,19,6,9,16,46,0.33040120500865466,5,4,3,7,7,5,6,9
S001;S002 | S003;S006;S007;S008;S009;S010;S011;S013;S014;S015 | S004;S005;S012,12,19,6,9,16,46,0.3788530654481917,5,4,3,7,7,5,6,9
S001;S002 | S003;S006;S007;S008;S011 | S004;S005;S009;S010;S012;S013;S014;S015,14,19,6,9,18,48,0.19711090050315982,7,4,3,7,7,5,6,9
S001;S002 | S003;S006;S007;S008;S011;S012 | S004;S005;S009;S010;S013;S014;S015,14,18,6,9,17,47,0.1861651100839529,7,4,3,7,6,5,6,9
S001;S002 | S003;S006;S007;S008;S011;S012;S015 | S004;S005;S009;S010;S013;S014,13,18,6,9,16,46,0.19573465933737863,7,3,3,7,6,5,6,9
S001;S002 | S003;S006;S007;S008;S011;S015 | S004;S005;S009;S010;S012;S013;S014,14,19,6,9,18,48,0.17281725222923122,7,4,3,7,7,5,6,9
S001;S002 | S003;S006;S007;S009;S010;S011;S012;S013;S014 | S004;S005;S008;S015,12,19,6,9,16,46,0.27923059789238397,5,4,3,7,7,5,6,9
S001;S002 | S003;S006;S007;S009;S010;S011;S012;S013;S014;S015 | S004;S005;S008,13,19,6,9,17,47,0.3322280175811988,5,5,3,7,7,5,6,9
S001;S002 | S003;S006;S007;S009;S010;S011;S013;S014 | S004;S005;S008;S012;S015,12,18,6,9,15,45,0.20789779492790122,5,4,3,7,6,5,6,9
S001;S002 | S003;S006;S007;S009;S010;S011;S013;S014;S015 | S004;S005;S008;S012,13,18,6,9,16,46,0.2460454196276431,5,5,3,7,6,5,6,9
S001;S002 | S003;S006;S007;S011 | S004;S005;S008;S009;S010;S012;S013;S014;S015,14,18,6,8,16,46,0.3156774762057579,7,4,3,7,6,5,6,8
S001;S002 | S003;S006;S007;S011;S012 | S004;S005;S008;S009;S010;S013;S014;S015,14,19,6,9,18,48,0.2334493526339295,7,4,3,7,7,5,6,9
S001;S002 | S003;S006;S007;S011;S012;S015 | S004;S005;S008;S009;S010;S013;S014,15,19,6,9,19,49,0.19821929130678245,7,5,3,7,7,5,6,9
S001;S002 | S003;S006;S007;S011;S015 | S004;S005;S008;S009;S010;S012;S013;S014,15,18,6,8,17,47,0.26367190061023293,7,5,3,7,6,5,6,8
S001;S002 | S003;S007;S008;S009;S010;S011;S012;S013;S014 | S004;S005;S006;S015,12,18,6,9,15,45,0.38581892910384274,5,4,3,7,6,5,6,9
S001;S002 | S003;S007;S008;S009;S010;S011;S012;S013;S014;S015 | S004;S005;S006,11,18,6,9,14,44,0.4399149846241637,5,3,3,7,6,5,6,9
S001;S002 | S003;S007;S008;S009;S010;S011;S013;S014 | S004;S005;S006;S012;S015,12,19,6,9,16,46,0.2959777219064039,5,4,3,7,7,5,6,9
S001;S002 | S003;S007;S008;S009;S010;S011;S013;S014;S015 | S004;S005;S006;S012,12,19,6,9,16,46,0.3421729156677212,5,4,3,7,7,5,6,9
S001;S002 | S003;S007;S008;S011 | S004;S005;S006;S009;S010;S012;S013;S014;S015,14,19,6,9,18,48,0.22409624509660475,7,4,3,7,7,5,6,9
S001;S002 | S003;S007;S008;S011;S012 | S004;S005;S006;S009;S010;S013;S014;S015,14,18,6,9,17,47,0.19023312047214896,7,4,3,7,6,5,6,9
S001;S002 | S003;S007;S008;S011;S012;S015 | S004;S005;S006;S009;S010;S013;S014,13,18,6,9,16,46,0.1869707255193833,7,3,3,7,6,5,6,9
S001;S002 | S003;S007;S008;S011;S015 | S004;S005;S006;S009;S010;S012;S013;S014,14,19,6,9,18,48,0.18966118418896868,7,4,3,7,7,5,6,9
S001;S002 | S003;S007;S009;S010;S011;S012;S013;S014 | S004;S005;S006;S008;S015,12,19,6,9,16,46,0.24185282019069626,5,4,3,7,7,5,6,9
S001;S002 | S003;S007;S009;S010;S011;S012;S013;S014;S015 | S004;S005;S006;S008,13,19,6,9,17,47,0.2920865588626166,5,5,3,7,7,5,6,9
S001;S002 | S003;S007;S009;S010;S011;S013;S014 | S004;S005;S006;S008;S012;S015,12,18,6,9,15,45,0.1863647146321691,5,4,3,7,6,5,6,9
S001;S002 | S003;S007;S009;S010;S011;S013;S014;S015 | S004;S005;S006;S008;S012,13,18,6,9,16,46,0.21650595040575235,5,5,3,7,6,5,6,9
S001;S002 | S003;S007;S011 | S004;S005;S006;S008;S009;S010;S012;S013;S014;S015,14,18,6,8,16,46,0.35665169647849915,7,4,3,7,6,5,6,8
S001;S002 | S003;S007;S011;S012 | S004;S005;S006;S008;S009;S010;S013;S014;S015,14,19,6,9,18,48,0.26545565946317345,7,4,3,7,7,5,6,9
S001;S002 | S003;S007;S011;S012;S015 | S004;S005;S006;S008;S009;S010;S013;S014,15,19,6,9,19,49,0.2237971372902246,7,5,3,7,7,5,6,9
S001;S002 | S003;S007;S011;S015 | S004;S005;S006;S008;S009;S010;S012;S013;S014,15,18,6,8,17,47,0.30246830768889427,7,5,3,7,6,5,6,8
S001;S002;S003;S004;S005;S006;S007;S008;S009;S010;S011;S013;S014 | S012 | S015,10,15,6,7,8,38,0.8759145858189464,4,4,2,6,5,4,6,7
S001;S002;S003;S004;S005;S006;S007;S008;S011 | S009;S010;S012;S013;S014 | S015,13,16,6,8,13,43,0.530250494855671,7,4,2,7,5,4,6,8
S001;S002;S003;S004;S005;S006;S007;S008;S011 | S009;S010;S013;S014 | S012;S015,12,16,6,9,13,43,0.44873102087284467,7,3,2,7,5,4,6,9
S001;S002;S003;S004;S005;S006;S007;S008;S011 | S009;S010;S013;S014;S015 | S012,13,16,6,8,13,43,0.5599862924892858,7,4,2,7,5,4,6,8
S001;S002;S003;S004;S005;S006;S007;S008;S011;S012 | S009;S010;S013;S014 | S015,12,15,6,8,11,41,0.569775311701001,7,3,2,7,4,4,6,8
S001;S002;S003;S004;S005;S006;S007;S008;S011;S015 | S009;S010;S013;S014 | S012,12,16,6,8,12,42,0.5965816677202609,7,3,2,7,5,4,6,8
S001;S002;S003;S004;S005;S006;S007;S009;S010;S011;S012;S013;S014 | S008 | S015,11,16,6,7,10,40,0.8104212819730965,4,5,2,6,6,4,6,7
S001;S002;S003;S004;S005;S006;S007;S009;S010;S011;S013;S014 | S008 | S012;S015,11,16,6,8,11,41,0.6962016679494382,4,5,2,6,6,4,6,8
S001;S002;S003;S004;S005;S006;S007;S009;S010;S011;S013;S014 | S008;S012 | S015,11,15,6,8,10,40,0.6477763105102047,4,5,2,6,5,4,6,8
S001;S002;S003;S004;S005;S006;S007;S009;S010;S011;S013;S014 | S008;S015 | S012,11,16,6,8,11,41,0.7202928890927776,4,5,2,6,6,4,6,8
S001;S002;S003;S004;S005;S006;S007;S009;S010;S011;S013;S014;S015 | S008 | S012,11,16,6,7,10,40,0.8372061593678356,4,5,2,6,6,4,6,7
S001;S002;S003;S004;S005;S006;S007;S011 | S008 | S009;S010;S012;S013;S014;S015,14,17,6,8,15,45,0.4539033736972098,7,5,2,7,6,4,6,8
S001;S002;S003;S004;S005;S006;S007;S011 | S008;S009;S010;S012;S013;S014 | S015,14,16,6,8,14,44,0.4620974338763873,7,5,2,7,5,4,6,8
S001;S002;S003;S004;S005;S006;S007;S011 | S008;S009;S010;S013;S014 | S012;S015,14,17,6,9,16,46,0.35870588298147205,7,5,2,7,6,4,6,9
S001;S002;S003;S004;S005;S006;S007;S011 | S008;S009;S010;S013;S014;S015 | S012,14,17,6,8,15,45,0.4920998905144667,7,5,2,7,6,4,6,8
S001;S002;S003;S004;S005;S006;S007;S011 | S008;S012 | S009;S010;S013;S014;S015,14,16,6,9,15,45,0.3034978210115728,7,5,2,7,5,4,6,9
S001;S002;S003;S004;S005;S006;S007;S011 | S008;S012;S015 | S009;S010;S013;S014,13,16,6,9,14,44,0.29620575976043867,7,4,2,7,5,4,6,9
S001;S002;S003;S004;S005;S006;S007;S011 | S008;S015 | S009;S010;S012;S013;S014,14,17,6,9,16,46,0.3546327937801386,7,5,2,7,6,4,6,9
S001;S002;S003;S004;S005;S006;S007;S011;S012 | S008 | S009;S010;S013;S014;S015,14,17,6,8,15,45,0.48783658057548124,7,5,2,7,6,4,6,8
S001;S002;S003;S004;S005;S006;S007;S011;S012 | S008;S009;S010;S013;S014 | S015,14,17,6,8,15,45,0.4835528530142179,7,5,2,7,6,4,6,8
S001;S002;S003;S004;S005;S006;S007;S011;S012 | S008;S015 | S009;S010;S013;S014,13,17,6,9,15,45,0.3983176359318397,7,4,2,7,6,4,6,9
S001;S002;S003;S004;S005;S006;S007;S011;S012;S015 | S008 | S009;S010;S013;S014,13,17,6,8,14,44,0.5252510563435008,7,4,2,7,6,4,6,8
S001;S002;S003;S004;S005;S006;S007;S011;S015 | S008 | S009;S010;S012;S013;S014,14,17,6,8,15,45,0.4855546442769842,7,5,2,7,6,4,6,8
S001;S002;S003;S004;S005;S006;S007;S011;S015 | S008;S009;S010;S013;S014 | S012,14,17,6,8,15,45,0.511753811732133,7,5,2,7,6,4,6,8
S001;S002;S003;S004;S005;S006;S007;S011;S015 | S008;S012 | S009;S010;S013;S014,13,16,6,9,14,44,0.34752304366090386,7,4,2,7,5,4,6,9
S001;S002;S003;S004;S005;S007;S008;S009;S010;S011;S012;S013;S014 | S006 | S015,10,15,4,5,5,34,1.063067891221579,4,3,3,6,4,5,4,5
S001;S002;S003;S004;S005;S007;S008;S009;S010;S011;S013;S014 | S006 | S012;S015,10,16,4,6,6,36,0.9432791785021063,4,3,3,6,5,5,4,6
S001;S002;S003;S004;S005;S007;S008;S009;S010;S011;S013;S014 | S006;S012 | S015,11,16,6,7,10,40,0.8335714646293553,4,4,3,6,5,5,6,7
S001;S002;S003;S004;S005;S007;S008;S009;S010;S011;S013;S014 | S006;S015 | S012,11,16,6,7,10,40,0.8348246351308715,4,4,3,6,5,5,6,7
S001;S002;S003;S004;S005;S007;S008;S009;S010;S011;S013;S014;S015 | S006 | S012,10,16,4,5,6,35,1.0939283951311172,4,3,3,6,5,5,4,5
S001;S002;S003;S004;S005;S007;S008;S011 | S006 | S009;S010;S012;S013;S014;S015,13,17,4,6,10,40,0.7186270988977131,7,3,3,7,5,5,4,6
S001;S002;S003;S004;S005;S007;S008;S011 | S006;S009;S010;S012;S013;S014 | S015,14,17,6,8,15,45,0.5055300820816743,7,4,3,7,5,5,6,8
S001;S002;S003;S004;S005;S007;S008;S011 | S006;S009;S010;S013;S014 | S012;S015,13,17,6,9,15,45,0.4181846175182711,7,3,3,7,5,5,6,9
S001;S002;S003;S004;S005;S007;S008;S011 | S006;S009;S010;S013;S014;S015 | S012,14,17,6,8,15,45,0.5355666060798512,7,4,3,7,5,5,6,8
S001;S002;S003;S004;S005;S007;S008;S011 | S006;S012 | S009;S010;S013;S014;S015,14,17,6,8,15,45,0.5134175666952798,7,4,3,7,5,5,6,8
S001;S002;S003;S004;S005;S007;S008;S011 | S006;S012;S015 | S009;S010;S013;S014,13,17,6,9,15,45,0.40649279893296686,7,3,3,7,5,5,6,9
S001;S002;S003;S004;S005;S007;S008;S011 | S006;S015 | S009;S010;S012;S013;S014,14,17,6,8,15,45,0.48460302394284155,7,4,3,7,5,5,6,8
S001;S002;S003;S004;S005;S007;S008;S011;S012 | S006 | S009;S010;S013;S014;S015,13,16,4,6,9,39,0.7495707357592415,7,3,3,7,4,5,4,6
S001;S002;S003;S004;S005;S007;S008;S011;S012 | S006;S009;S010;S013;S014 | S015,13,16,6,8,13,43,0.5413762826018236,7,3,3,7,4,5,6,8
S001;S002;S003;S004;S005;S007;S008;S011;S012 | S006;S015 | S009;S010;S013;S014,13,16,6,8,13,43,0.5247314149317948,7,3,3,7,4,5,6,8
S001;S002;S003;S004;S005;S007;S008;S011;S012;S015 | S006 | S009;S010;S013;S014,12,16,4,6,8,38,0.7835954660734041,7,2,3,7,4,5,4,6
S001;S002;S003;S004;S005;S007;S008;S011;S015 | S006 | S009;S010;S012;S013;S014,13,17,4,6,10,40,0.7474979501480007,7,3,3,7,5,5,4,6
S001;S002;S003;S004;S005;S007;S008;S011;S015 | S006;S009;S010;S013;S014 | S012,13,17,6,8,14,44,0.5686508329287597,7,3,3,7,5,5,6,8
S001;S002;S003;S004;S005;S007;S008;S011;S015 | S006;S012 | S009;S010;S013;S014,13,17,6,8,14,44,0.5504781622867876,7,3,3,7,5,5,6,8
S001;S002;S003;S004;S005;S007;S009;S010;S011;S012;S013;S014 | S006 | S008;S015,11,17,4,6,8,38,0.9033084943374251,4,4,3,6,6,5,4,6
S001;S002;S003;S004;S005;S007;S009;S010;S011;S012;S013;S014 | S006;S008 | S015,12,17,6,7,12,42,0.7693763153165544,4,5,3,6,6,5,6,7
S001;S002;S003;S004;S005;S007;S009;S010;S011;S012;S013;S014 | S006;S015 | S008,12,17,6,7,12,42,0.7682981168990675,4,5,3,6,6,5,6,7
S001;S002;S003;S004;S005;S007;S009;S010;S011;S012;S013;S014;S015 | S006 | S008,11,17,4,5,8,37,1.027079816284041,4,4,3,6,6,5,4,5
S001;S002;S003;S004;S005;S007;S009;S010;S011;S013;S014 | S006 | S008;S012;S015,11,16,4,6,7,37,0.8120165088468065,4,4,3,6,5,5,4,6
S001;S002;S003;S004;S005;S007;S009;S010;S011;S013;S014 | S006;S008 | S012;S015,12,17,6,8,13,43,0.6541766792322975,4,5,3,6,6,5,6,8
S001;S002;S003;S004;S005;S007;S009;S010;S011;S013;S014 | S006;S008;S012 | S015,12,16,6,8,12,42,0.6161192912675115,4,5,3,6,5,5,6,8
S001;S002;S003;S004;S005;S007;S009;S010;S011;S013;S014 | S006;S008;S015 | S012,12,17,6,8,13,43,0.6849662916440307,4,5,3,6,6,5,6,8
S001;S002;S003;S004;S005;S007;S009;S010;S011;S013;S014 | S006;S012 | S008;S015,12,17,6,8,13,43,0.6762019057448292,4,5,3,6,6,5,6,8
S001;S002;S003;S004;S005;S007;S009;S010;S011;S013;S014 | S006;S012;S015 | S008,12,17,6,8,13,43,0.6587819760431153,4,5,3,6,6,5,6,8
S001;S002;S003;S004;S005;S007;S009;S010;S011;S013;S014 | S006;S015 | S008;S012,12,16,6,8,12,42,0.6053312090998575,4,5,3,6,5,5,6,8
S001;S002;S003;S004;S005;S007;S009;S010;S011;S013;S014;S015 | S006 | S008;S012,11,16,4,6,7,37,0.8515105612985585,4,4,3,6,5,5,4,6
S001;S002;S003;S004;S005;S007;S009;S010;S011;S013;S014;S015 | S006;S008 | S012,12,17,6,7,12,42,0.7960618846181173,4,5,3,6,6,5,6,7
S001;S002;S003;S004;S005;S007;S009;S010;S011;S013;S014;S015 | S006;S012 | S008,12,17,6,7,12,42,0.7936172563202437,4,5,3,6,6,5,6,7
S001;S002;S003;S004;S005;S007;S011 | S006 | S008;S009;S010;S012;S013;S014;S015,14,17,4,6,11,41,0.6698845079535609,7,4,3,7,5,5,4,6
S001;S002;S003;S004;S005;S007;S011 | S006;S008 | S009;S010;S012;S013;S014;S015,15,18,6,8,17,47,0.40740015442900485,7,5,3,7,6,5,6,8
S001;S002;S003;S004;S005;S007;S011 | S006;S008;S009;S010;S012;S013;S014 | S015,15,17,6,8,16,46,0.4516618409664786,7,5,3,7,5,5,6,8
S001;S002;S003;S004;S005;S007;S011 | S006;S008;S009;S010;S013;S014 | S012;S015,15,18,6,9,18,48,0.34236263665618616,7,5,3,7,6,5,6,9
S001;S002;S003;S004;S005;S007;S011 | S006;S008;S009;S010;S013;S014;S015 | S012,15,18,6,8,17,47,0.48176931611999163,7,5,3,7,6,5,6,8
S001;S002;S003;S004;S005;S007;S011 | S006;S008;S012 | S009;S010;S013;S014;S015,15,17,6,9,17,47,0.26288119691658673,7,5,3,7,5,5,6,9
S001;S002;S003;S004;S005;S007;S011 | S006;S008;S012;S015 | S009;S010;S013;S014,14,17,6,9,16,46,0.2591834229597279,7,4,3,7,5,5,6,9
S001;S002;S003;S004;S005;S007;S011 | S006;S008;S015 | S009;S010;S012;S013;S014,15,18,6,9,18,48,0.3109777522692268,7,5,3,7,6,5,6,9
S001;S002;S003;S004;S005;S007;S011 | S006;S009;S010;S012;S013;S014 | S008;S015,15,18,6,9,18,48,0.3276210504111726,7,5,3,7,6,5,6,9
S001;S002;S003;S004;S005;S007;S011 | S006;S009;S010;S012;S013;S014;S015 | S008,15,18,6,8,17,47,0.43441650304276397,7,5,3,7,6,5,6,8
S001;S002;S003;S004;S005;S007;S011 | S006;S009;S010;S013;S014 | S008;S012;S015,14,17,6,9,16,46,0.26081010202873783,7,4,3,7,5,5,6,9
S001;S002;S003;S004;S005;S007;S011 | S006;S009;S010;S013;S014;S015 | S008;S012,15,17,6,9,17,47,0.27356458625358027,7,5,3,7,5,5,6,9
S001;S002;S003;S004;S005;S007;S011 | S006;S012 | S008;S009;S010;S013;S014;S015,15,18,6,8,17,47,0.44835247169242415,7,5,3,7,6,5,6,8
S001;S002;S003;S004;S005;S007;S011 | S006;S012;S015 | S008;S009;S010;S013;S014,15,18,6,9,18,48,0.31599034450391644,7,5,3,7,6,5,6,9
S001;S002;S003;S004;S005;S007;S011 | S006;S015 | S008;S009;S010;S012;S013;S014,15,17,6,8,16,46,0.41902689225798356,7,5,3,7,5,5,6,8
S001;S002;S003;S004;S005;S007;S011;S012 | S006 | S008;S009;S010;S013;S014;S015,14,18,4,6,12,42,0.6824468398173703,7,4,3,7,6,5,4,6
S001;S002;S003;S004;S005;S007;S011;S012 | S006;S008 | S009;S010;S013;S014;S015,15,18,6,8,17,47,0.4414290945175394,7,5,3,7,6,5,6,8
S001;S002;S003;S004;S005;S007;S011;S012 | S006;S008;S009;S010;S013;S014 | S015,15,18,6,8,17,47,0.46763378754580576,7,5,3,7,6,5,6,8
S001;S002;S003;S004;S005;S007;S011;S012 | S006;S008;S015 | S009;S010;S013;S014,14,18,6,9,17,47,0.3560849502289079,7,4,3,7,6,5,6,9
S001;S002;S003;S004;S005;S007;S011;S012 | S006;S009;S010;S013;S014 | S008;S015,14,18,6,9,17,47,0.3669082865631454,7,4,3,7,6,5,6,9
S001;S002;S003;S004;S005;S007;S011;S012 | S006;S009;S010;S013;S014;S015 | S008,15,18,6,8,17,47,0.4631748705808964,7,5,3,7,6,5,6,8
S001;S002;S003;S004;S005;S007;S011;S012 | S006;S015 | S008;S009;S010;S013;S014,15,18,6,8,17,47,0.43939693717811845,7,5,3,7,6,5,6,8
S001;S002;S003;S004;S005;S007;S011;S012;S015 | S006 | S008;S009;S010;S013;S014,14,18,4,6,12,42,0.7004264908369072,7,4,3,7,6,5,4,6
S001;S002;S003;S004;S005;S007;S011;S012;S015 | S006;S008 | S009;S010;S013;S014,14,18,6,8,16,46,0.4794596849682526,7,4,3,7,6,5,6,8
S001;S002;S003;S004;S005;S007;S011;S012;S015 | S006;S009;S010;S013;S014 | S008,14,18,6,8,16,46,0.49665954731768447,7,4,3,7,6,5,6,8
S001;S002;S003;S004;S005;S007;S011;S015 | S006 | S008;S009;S010;S012;S013;S014,14,17,4,6,11,41,0.6814712034585727,7,4,3,7,5,5,4,6
S001;S002;S003;S004;S005;S007;S011;S015 | S006;S008 | S009;S010;S012;S013;S014,15,18,6,8,17,47,0.43912154004889425,7,5,3,7,6,5,6,8
S001;S002;S003;S004;S005;S007;S011;S015 | S006;S008;S009;S010;S013;S014 | S012,15,18,6,8,17,47,0.49636639659682885,7,5,3,7,6,5,6,8
S001;S002;S003;S004;S005;S007;S011;S015 | S006;S008;S012 | S009;S010;S013;S014,14,17,6,9,16,46,0.30874789703012573,7,4,3,7,5,5,6,9
S001;S002;S003;S004;S005;S007;S011;S015 | S006;S009;S010;S012;S013;S014 | S008,15,18,6,8,17,47,0.46118146146927397,7,5,3,7,6,5,6,8
S001;S002;S003;S004;S005;S007;S011;S015 | S006;S009;S010;S013;S014 | S008;S012,14,17,6,9,16,46,0.3140282229226896,7,4,3,7,5,5,6,9
S001;S002;S003;S004;S005;S007;S011;S015 | S006;S012 | S008;S009;S010;S013;S014,15,18,6,8,17,47,0.4669301152416846,7,5,3,7,6,5,6,8
S001;S002;S003;S006;S007;S008;S009;S010;S011;S012;S013;S014 | S004;S005 | S015,10,15,6,8,9,39,0.7300893109680321,4,3,3,6,4,5,6,8
S001;S002;S003;S006;S007;S008;S009;S010;S011;S013;S014 | S004;S005 | S012;S015,10,16,6,9,11,41,0.6168896882081731,4,3,3,6,5,5,6,9
S001;S002;S003;S006;S007;S008;S009;S010;S011;S013;S014 | S004;S005;S012 | S015,11,16,6,8,11,41,0.6363237076863673,4,4,3,6,5,5,6,8
S001;S002;S003;S006;S007;S008;S009;S010;S011;S013;S014 | S004;S005;S015 | S012,11,16,6,8,11,41,0.7075519457066834,4,4,3,6,5,5,6,8
S001;S002;S003;S006;S007;S008;S009;S010;S011;S013;S014;S015 | S004;S005 | S012,10,16,6,8,10,40,0.7559195383251234,4,3,3,6,5,5,6,8
S001;S002;S003;S006;S007;S008;S011 | S004;S005 | S009;S010;S012;S013;S014;S015,13,17,6,9,15,45,0.3628429416031545,7,3,3,7,5,5,6,9
S001;S002;S003;S006;S007;S008;S011 | S004;S005;S009;S010;S012;S013;S014 | S015,14,17,6,8,15,45,0.4579122958177897,7,4,3,7,5,5,6,8
S001;S002;S003;S006;S007;S008;S011 | S004;S005;S009;S010;S013;S014 | S012;S015,13,17,6,9,15,45,0.35237372616506746,7,3,3,7,5,5,6,9
S001;S002;S003;S006;S007;S008;S011 | S004;S005;S009;S010;S013;S014;S015 | S012,14,17,6,8,15,45,0.48796358370865356,7,4,3,7,5,5,6,8
S001;S002;S003;S006;S007;S008;S011 | S004;S005;S012 | S009;S010;S013;S014;S015,14,17,6,9,16,46,0.2889552488999943,7,4,3,7,5,5,6,9
S001;S002;S003;S006;S007;S008;S011 | S004;S005;S012;S015 | S009;S010;S013;S014,13,17,6,9,15,45,0.2828288468136096,7,3,3,7,5,5,6,9
S001;S002;S003;S006;S007;S008;S011 | S004;S005;S015 | S009;S010;S012;S013;S014,14,17,6,9,16,46,0.33905767143028953,7,4,3,7,5,5,6,9
S001;S002;S003;S006;S007;S008;S011;S012 | S004;S005 | S009;S010;S013;S014;S015,13,16,6,9,14,44,0.3997764669362009,7,3,3,7,4,5,6,9
S001;S002;S003;S006;S007;S008;S011;S012 | S004;S005;S009;S010;S013;S014 | S015,13,16,6,8,13,43,0.4774682219753903,7,3,3,7,4,5,6,8
S001;S002;S003;S006;S007;S008;S011;S012 | S004;S005;S015 | S009;S010;S013;S014,13,16,6,9,14,44,0.38321544822963566,7,3,3,7,4,5,6,9
S001;S002;S003;S006;S007;S008;S011;S012;S015 | S004;S005 | S009;S010;S013;S014,12,16,6,9,13,43,0.4398605525996264,7,2,3,7,4,5,6,9
S001;S002;S003;S006;S007;S008;S011;S015 | S004;S005 | S009;S010;S012;S013;S014,13,17,6,9,15,45,0.39731043098034685,7,3,3,7,5,5,6,9
S001;S002;S003;S006;S007;S008;S011;S015 | S004;S005;S009;S010;S013;S014 | S012,13,17,6,8,14,44,0.5058617573307888,7,3,3,7,5,5,6,8
S001;S002;S003;S006;S007;S008;S011;S015 | S004;S005;S012 | S009;S010;S013;S014,13,17,6,9,15,45,0.3335961306982605,7,3,3,7,5,5,6,9
S001;S002;S003;S006;S007;S009;S010;S011;S012;S013;S014 | S004;S005 | S008;S015,11,17,6,9,13,43,0.5460388703633884,4,4,3,6,6,5,6,9
S001;S002;S003;S006;S007;S009;S010;S011;S012;S013;S014 | S004;S005;S008 | S015,12,17,6,8,13,43,0.6045744435733417,4,5,3,6,6,5,6,8
S001;S002;S003;S006;S007;S009;S010;S011;S012;S013;S014 | S004;S005;S015 | S008,12,17,6,8,13,43,0.6148321900101702,4,5,3,6,6,5,6,8
S001;S002;S003;S006;S007;S009;S010;S011;S012;S013;S014;S015 | S004;S005 | S008,11,17,6,8,12,42,0.6658929186198618,4,4,3,6,6,5,6,8
S001;S002;S003;S006;S007;S009;S010;S011;S013;S014 | S004;S005 | S008;S012;S015,11,16,6,9,12,42,0.45471212017799145,4,4,3,6,5,5,6,9
S001;S002;S003;S006;S007;S009;S010;S011;S013;S014 | S004;S005;S008 | S012;S015,12,17,6,9,14,44,0.48313977333832914,4,5,3,6,6,5,6,9
S001;S002;S003;S006;S007;S009;S010;S011;S013;S014 | S004;S005;S008;S012 | S015,12,16,6,8,12,42,0.5295306506563306,4,5,3,6,5,5,6,8
S001;S002;S003;S006;S007;S009;S010;S011;S013;S014 | S004;S005;S008;S015 | S012,12,17,6,8,13,43,0.588775973073754,4,5,3,6,6,5,6,8
S001;S002;S003;S006;S007;S009;S010;S011;S013;S014 | S004;S005;S012 | S008;S015,12,17,6,9,14,44,0.4472486000055974,4,5,3,6,6,5,6,9
S001;S002;S003;S006;S007;S009;S010;S011;S013;S014 | S004;S005;S012;S015 | S008,12,17,6,8,13,43,0.5283801697985544,4,5,3,6,6,5,6,8
S001;S002;S003;S006;S007;S009;S010;S011;S013;S014 | S004;S005;S015 | S008;S012,12,16,6,9,13,43,0.44553936296655794,4,5,3,6,5,5,6,9
S001;S002;S003;S006;S007;S009;S010;S011;S013;S014;S015 | S004;S005 | S008;S012,11,16,6,9,12,42,0.49983787911090455,4,4,3,6,5,5,6,9
S001;S002;S003;S006;S007;S009;S010;S011;S013;S014;S015 | S004;S005;S008 | S012,12,17,6,8,13,43,0.63158345195056,4,5,3,6,6,5,6,8
S001;S002;S003;S006;S007;S009;S010;S011;S013;S014;S015 | S004;S005;S012 | S008,12,17,6,8,13,43,0.5704003726664731,4,5,3,6,6,5,6,8
S001;S002;S003;S006;S007;S011 | S004;S005 | S008;S009;S010;S012;S013;S014;S015,14,17,6,9,16,46,0.3080321791008477,7,4,3,7,5,5,6,9
S001;S002;S003;S006;S007;S011 | S004;S005;S008 | S009;S010;S012;S013;S014;S015,15,18,6,9,18,48,0.20483345302606507,7,5,3,7,6,5,6,9
S001;S002;S003;S006;S007;S011 | S004;S005;S008;S009;S010;S012;S013;S014 | S015,15,17,6,8,16,46,0.4387110690922121,7,5,3,7,5,5,6,8
S001;S002;S003;S006;S007;S011 | S004;S005;S008;S009;S010;S013;S014 | S012;S015,15,18,6,9,18,48,0.3128299904707806,7,5,3,7,6,5,6,9
S001;S002;S003;S006;S007;S011 | S004;S005;S008;S009;S010;S013;S014;S015 | S012,15,18,6,8,17,47,0.4691454744632303,7,5,3,7,6,5,6,8
S001;S002;S003;S006;S007;S011 | S004;S005;S008;S012 | S009;S010;S013;S014;S015,15,17,6,9,17,47,0.1399353133414604,7,5,3,7,5,5,6,9
S001;S002;S003;S006;S007;S011 | S004;S005;S008;S012;S015 | S009;S010;S013;S014,14,17,6,9,16,46,0.1527067938500528,7,4,3,7,5,5,6,9
S001;S002;S003;S006;S007;S011 | S004;S005;S008;S015 | S009;S010;S012;S013;S014,15,18,6,9,18,48,0.17965045782904693,7,5,3,7,6,5,6,9
S001;S002;S003;S006;S007;S011 | S004;S005;S009;S010;S012;S013;S014 | S008;S015,15,18,6,9,18,48,0.2707700482696712,7,5,3,7,6,5,6,9
S001;S002;S003;S006;S007;S011 | S004;S005;S009;S010;S012;S013;S014;S015 | S008,15,18,6,8,17,47,0.4031691345397697,7,5,3,7,6,5,6,8
S001;S002;S003;S006;S007;S011 | S004;S005;S009;S010;S013;S014 | S008;S012;S015,14,17,6,9,16,46,0.1624946574927352,7,4,3,7,5,5,6,9
S001;S002;S003;S006;S007;S011 | S004;S005;S009;S010;S013;S014;S015 | S008;S012,15,17,6,9,17,47,0.20646948883004385,7,5,3,7,5,5,6,9
S001;S002;S003;S006;S007;S011 | S004;S005;S012 | S008;S009;S010;S013;S014;S015,15,18,6,9,18,48,0.194026879460851,7,5,3,7,6,5,6,9
S001;S002;S003;S006;S007;S011 | S004;S005;S012;S015 | S008;S009;S010;S013;S014,15,18,6,9,18,48,0.1521889804893983,7,5,3,7,6,5,6,9
S001;S002;S003;S006;S007;S011 | S004;S005;S015 | S008;S009;S010;S012;S013;S014,15,17,6,9,17,47,0.2576091475577046,7,5,3,7,5,5,6,9
S001;S002;S003;S006;S007;S011;S012 | S004;S005 | S008;S009;S010;S013;S014;S015,14,18,6,9,17,47,0.31279969915654693,7,4,3,7,6,5,6,9
S001;S002;S003;S006;S007;S011;S012 | S004;S005;S008 | S009;S010;S013;S014;S015,15,18,6,9,18,48,0.24181725531543846,7,5,3,7,6,5,6,9
S001;S002;S003;S006;S007;S011;S012 | S004;S005;S008;S009;S010;S013;S014 | S015,15,18,6,8,17,47,0.4358212434475315,7,5,3,7,6,5,6,8
S001;S002;S003;S006;S007;S011;S012 | S004;S005;S008;S015 | S009;S010;S013;S014,14,18,6,9,17,47,0.22967329690430047,7,4,3,7,6,5,6,9
S001;S002;S003;S006;S007;S011;S012 | S004;S005;S009;S010;S013;S014 | S008;S015,14,18,6,9,17,47,0.28107908845769003,7,4,3,7,6,5,6,9
S001;S002;S003;S006;S007;S011;S012 | S004;S005;S009;S010;S013;S014;S015 | S008,15,18,6,8,17,47,0.4058255253321538,7,5,3,7,6,5,6,8
S001;S002;S003;S006;S007;S011;S012 | S004;S005;S015 | S008;S009;S010;S013;S014,15,18,6,9,18,48,0.27027773363258406,7,5,3,7,6,5,6,9
S001;S002;S003;S006;S007;S011;S012;S015 | S004;S005 | S008;S009;S010;S013;S014,14,18,6,9,17,47,0.32840040275289656,7,4,3,7,6,5,6,9
S001;S002;S003;S006;S007;S011;S012;S015 | S004;S005;S008 | S009;S010;S013;S014,14,18,6,9,17,47,0.2857374606828469,7,4,3,7,6,5,6,9
S001;S002;S003;S006;S007;S011;S012;S015 | S004;S005;S009;S010;S013;S014 | S008,14,18,6,8,16,46,0.4178854962616356,7,4,3,7,6,5,6,8
S001;S002;S003;S006;S007;S011;S015 | S004;S005 | S008;S009;S010;S012;S013;S014,14,17,6,9,16,46,0.31214018032729546,7,4,3,7,5,5,6,9
S001;S002;S003;S006;S007;S011;S015 | S004;S005;S008 | S009;S010;S012;S013;S014,15,18,6,9,18,48,0.23919378190451063,7,5,3,7,6,5,6,9
S001;S002;S003;S006;S007;S011;S015 | S004;S005;S008;S009;S010;S013;S014 | S012,15,18,6,8,17,47,0.46651609460850335,7,5,3,7,6,5,6,8
S001;S002;S003;S006;S007;S011;S015 | S004;S005;S008;S012 | S009;S010;S013;S014,14,17,6,9,16,46,0.19335029438808643,7,4,3,7,5,5,6,9
S001;S002;S003;S006;S007;S011;S015 | S004;S005;S009;S010;S012;S013;S014 | S008,15,18,6,8,17,47,0.40535192006837245,7,5,3,7,6,5,6,8
S001;S002;S003;S006;S007;S011;S015 | S004;S005;S009;S010;S013;S014 | S008;S012,14,17,6,9,16,46,0.2181441418264924,7,4,3,7,5,5,6,9
S001;S002;S003;S006;S007;S011;S015 | S004;S005;S012 | S008;S009;S010;S013;S014,15,18,6,9,18,48,0.20850357962242605,7,5,3,7,6,5,6,9
S001;S002;S003;S007;S008;S009;S010;S011;S012;S013;S014 | S004;S005 | S006;S015,10,15,6,8,9,39,0.6879841302388324,4,3,3,6,4,5,6,8
S001;S002;S003;S007;S008;S009;S010;S011;S012;S013;S014 | S004;S005;S006 | S015,9,14,6,8,7,37,0.6934311677433246,4,3,2,6,4,4,6,8
S001;S002;S003;S007;S008;S009;S010;S011;S012;S013;S014 | S004;S005;S015 | S006,10,15,4,6,5,35,0.890917942067126,4,3,3,6,4,5,4,6
S001;S002;S003;S007;S008;S009;S010;S011;S012;S013;S014;S015 | S004;S005 | S006,9,15,4,6,4,34,0.9381758772249565,4,2,3,6,4,5,4,6
S001;S002;S003;S007;S008;S009;S010;S011;S013;S014 | S004;S005 | S006;S012;S015,10,16,6,9,11,41,0.5787776004221393,4,3,3,6,5,5,6,9
S001;S002;S003;S007;S008;S009;S010;S011;S013;S014 | S004;S005;S006 | S012;S015,9,15,6,9,9,39,0.5788235000061854,4,3,2,6,5,4,6,9
S001;S002;S003;S007;S008;S009;S010;S011;S013;S014 | S004;S005;S006;S012 | S015,10,15,6,8,9,39,0.6052321117142061,4,4,2,6,5,4,6,8
S001;S002;S003;S007;S008;S009;S010;S011;S013;S014 | S004;S005;S006;S015 | S012,10,15,6,8,9,39,0.6727303239080733,4,4,2,6,5,4,6,8
S001;S002;S003;S007;S008;S009;S010;S011;S013;S014 | S004;S005;S012 | S006;S015,11,16,6,8,11,41,0.5936532598681487,4,4,3,6,5,5,6,8
S001;S002;S003;S007;S008;S009;S010;S011;S013;S014 | S004;S005;S012;S015 | S006,10,16,4,6,6,36,0.8020217835503858,4,3,3,6,5,5,4,6
S001;S002;S003;S007;S008;S009;S010;S011;S013;S014 | S004;S005;S015 | S006;S012,11,16,6,8,11,41,0.6632093230943216,4,4,3,6,5,5,6,8
S001;S002;S003;S007;S008;S009;S010;S011;S013;S014;S015 | S004;S005 | S006;S012,10,16,6,8,10,40,0.7125189000572429,4,3,3,6,5,5,6,8
S001;S002;S003;S007;S008;S009;S010;S011;S013;S014;S015 | S004;S005;S006 | S012,9,15,6,8,8,38,0.7193432070689327,4,3,2,6,5,4,6,8
S001;S002;S003;S007;S008;S009;S010;S011;S013;S014;S015 | S004;S005;S012 | S006,10,16,4,6,6,36,0.8406095386733082,4,3,3,6,5,5,4,6
S001;S002;S003;S007;S008;S011 | S004;S005 | S006;S009;S010;S012;S013;S014;S015,13,17,6,9,15,45,0.34141056102642986,7,3,3,7,5,5,6,9
S001;S002;S003;S007;S008;S011 | S004;S005;S006 | S009;S010;S012;S013;S014;S015,12,16,6,9,13,43,0.3183968134281864,7,3,2,7,5,4,6,9
S001;S002;S003;S007;S008;S011 | S004;S005;S006;S009;S010;S012;S013;S014 | S015,13,16,6,8,13,43,0.44895129616000606,7,4,2,7,5,4,6,8
S001;S002;S003;S007;S008;S011 | S004;S005;S006;S009;S010;S013;S014 | S012;S015,12,16,6,9,13,43,0.3376656559715818,7,3,2,7,5,4,6,9
S001;S002;S003;S007;S008;S011 | S004;S005;S006;S009;S010;S013;S014;S015 | S012,13,16,6,8,13,43,0.4790701162881545,7,4,2,7,5,4,6,8
S001;S002;S003;S007;S008;S011 | S004;S005;S006;S012 | S009;S010;S013;S014;S015,13,16,6,9,14,44,0.24859469028719966,7,4,2,7,5,4,6,9
S001;S002;S003;S007;S008;S011 | S004;S005;S006;S012;S015 | S009;S010;S013;S014,12,16,6,9,13,43,0.24645271159065227,7,3,2,7,5,4,6,9
S001;S002;S003;S007;S008;S011 | S004;S005;S006;S015 | S009;S010;S012;S013;S014,13,16,6,9,14,44,0.29548614859310857,7,4,2,7,5,4,6,9
S001;S002;S003;S007;S008;S011 | S004;S005;S009;S010;S012;S013;S014 | S006;S015,14,17,6,8,15,45,0.41525627802314163,7,4,3,7,5,5,6,8
S001;S002;S003;S007;S008;S011 | S004;S005;S009;S010;S012;S013;S014;S015 | S006,13,17,4,6,10,40,0.6678457523460892,7,3,3,7,5,5,4,6
S001;S002;S003;S007;S008;S011 | S004;S005;S009;S010;S013;S014 | S006;S012;S015,13,17,6,9,15,45,0.3098411272651574,7,3,3,7,5,5,6,9
S001;S002;S003;S007;S008;S011 | S004;S005;S009;S010;S013;S014;S015 | S006;S012,14,17,6,8,15,45,0.44463048528664545,7,4,3,7,5,5,6,8
S001;S002;S003;S007;S008;S011 | S004;S005;S012 | S006;S009;S010;S013;S014;S015,14,17,6,9,16,46,0.2586041091697516,7,4,3,7,5,5,6,9
S001;S002;S003;S007;S008;S011 | S004;S005;S012;S015 | S006;S009;S010;S013;S014,13,17,6,9,15,45,0.24684105759415595,7,3,3,7,5,5,6,9
S001;S002;S003;S007;S008;S011 | S004;S005;S015 | S006;S009;S010;S012;S013;S014,14,17,6,9,16,46,0.31182662897869406,7,4,3,7,5,5,6,9
S001;S002;S003;S007;S008;S011;S012 | S004;S005 | S006;S009;S010;S013;S014;S015,13,16,6,9,14,44,0.3729892918453589,7,3,3,7,4,5,6,9
S001;S002;S003;S007;S008;S011;S012 | S004;S005;S006 | S009;S010;S013;S014;S015,12,15,6,9,12,42,0.3560050038258792,7,3,2,7,4,4,6,9
S001;S002;S003;S007;S008;S011;S012 | S004;S005;S006;S009;S010;S013;S014 | S015,12,15,6,8,11,41,0.46286403626241124,7,3,2,7,4,4,6,8
S001;S002;S003;S007;S008;S011;S012 | S004;S005;S006;S015 | S009;S010;S013;S014,12,15,6,9,12,42,0.3411786158591697,7,3,2,7,4,4,6,9
S001;S002;S003;S007;S008;S011;S012 | S004;S005;S009;S010;S013;S014 | S006;S015,13,16,6,8,13,43,0.433505268106322,7,3,3,7,4,5,6,8
S001;S002;S003;S007;S008;S011;S012 | S004;S005;S009;S010;S013;S014;S015 | S006,13,16,4,6,9,39,0.6786312961383759,7,3,3,7,4,5,4,6
S001;S002;S003;S007;S008;S011;S012 | S004;S005;S015 | S006;S009;S010;S013;S014,13,16,6,9,14,44,0.35145901489716586,7,3,3,7,4,5,6,9
S001;S002;S003;S007;S008;S011;S012;S015 | S004;S005 | S006;S009;S010;S013;S014,12,16,6,9,13,43,0.40928747378734776,7,2,3,7,4,5,6,9
S001;S002;S003;S007;S008;S011;S012;S015 | S004;S005;S006 | S009;S010;S013;S014,11,15,6,9,11,41,0.3971966969168502,7,2,2,7,4,4,6,9
S001;S002;S003;S007;S008;S011;S012;S015 | S004;S005;S009;S010;S013;S014 | S006,12,16,4,6,8,38,0.6950467939957861,7,2,3,7,4,5,4,6
S001;S002;S003;S007;S008;S011;S015 | S004;S005 | S006;S009;S010;S012;S013;S014,13,17,6,9,15,45,0.3708111266205607,7,3,3,7,5,5,6,9
S001;S002;S003;S007;S008;S011;S015 | S004;S005;S006 | S009;S010;S012;S013;S014,12,16,6,9,13,43,0.35347797692517796,7,3,2,7,5,4,6,9
S001;S002;S003;S007;S008;S011;S015 | S004;S005;S006;S009;S010;S013;S014 | S012,12,16,6,8,12,42,0.49177647255854595,7,3,2,7,5,4,6,8
S001;S002;S003;S007;S008;S011;S015 | S004;S005;S006;S012 | S009;S010;S013;S014,12,16,6,9,13,43,0.2952083404997969,7,3,2,7,5,4,6,9
S001;S002;S003;S007;S008;S011;S015 | S004;S005;S009;S010;S012;S013;S014 | S006,13,17,4,6,10,40,0.6777622930864368,7,3,3,7,5,5,4,6
S001;S002;S003;S007;S008;S011;S015 | S004;S005;S009;S010;S013;S014 | S006;S012,13,17,6,8,14,44,0.46125704224339914,7,3,3,7,5,5,6,8
S001;S002;S003;S007;S008;S011;S015 | S004;S005;S012 | S006;S009;S010;S013;S014,13,17,6,9,15,45,0.29963666540127915,7,3,3,7,5,5,6,9
S001;S002;S003;S007;S009;S010;S011;S012;S013;S014 | S004;S005 | S006;S008;S015,11,17,6,9,13,43,0.5076013354167672,4,4,3,6,6,5,6,9
S001;S002;S003;S007;S009;S010;S011;S012;S013;S014 | S004;S005;S006 | S008;S015,10,16,6,9,11,41,0.5055484976785575,4,4,2,6,6,4,6,9
S001;S002;S003;S007;S009;S010;S011;S012;S013;S014 | S004;S005;S006;S008 | S015,11,16,6,8,11,41,0.5716220391644447,4,5,2,6,6,4,6,8
S001;S002;S003;S007;S009;S010;S011;S012;S013;S014 | S004;S005;S006;S015 | S008,11,16,6,8,11,41,0.5782011465994512,4,5,2,6,6,4,6,8
S001;S002;S003;S007;S009;S010;S011;S012;S013;S014 | S004;S005;S008 | S006;S015,12,17,6,8,13,43,0.5587512004659871,4,5,3,6,6,5,6,8
S001;S002;S003;S007;S009;S010;S011;S012;S013;S014 | S004;S005;S008;S015 | S006,11,17,4,6,8,38,0.7829396330470805,4,4,3,6,6,5,4,6
S001;S002;S003;S007;S009;S010;S011;S012;S013;S014 | S004;S005;S015 | S006;S008,12,17,6,8,13,43,0.5697150016614484,4,5,3,6,6,5,6,8
S001;S002;S003;S007;S009;S010;S011;S012;S013;S014;S015 | S004;S005 | S006;S008,11,17,6,8,12,42,0.6219692910640265,4,4,3,6,6,5,6,8
S001;S002;S003;S007;S009;S010;S011;S012;S013;S014;S015 | S004;S005;S006 | S008,10,16,6,8,10,40,0.6272663234629388,4,4,2,6,6,4,6,8
S001;S002;S003;S007;S009;S010;S011;S012;S013;S014;S015 | S004;S005;S008 | S006,11,17,4,6,8,38,0.8232055538414762,4,4,3,6,6,5,4,6
S001;S002;S003;S007;S009;S010;S011;S013;S014 | S004;S005 | S006;S008;S012;S015,11,16,6,9,12,42,0.42306054821188616,4,4,3,6,5,5,6,9
S001;S002;S003;S007;S009;S010;S011;S013;S014 | S004;S005;S006 | S008;S012;S015,10,15,6,9,10,40,0.41248044186418126,4,4,2,6,5,4,6,9
S001;S002;S003;S007;S009;S010;S011;S013;S014 | S004;S005;S006;S008 | S012;S015,11,16,6,9,12,42,0.4478795003278867,4,5,2,6,6,4,6,9
S001;S002;S003;S007;S009;S010;S011;S013;S014 | S004;S005;S006;S008;S012 | S015,11,15,6,8,10,40,0.5048897446793932,4,5,2,6,5,4,6,8
S001;S002;S003;S007;S009;S010;S011;S013;S014 | S004;S005;S006;S008;S015 | S012,11,16,6,8,11,41,0.5593522575235477,4,5,2,6,6,4,6,8
S001;S002;S003;S007;S009;S010;S011;S013;S014 | S004;S005;S006;S012 | S008;S015,11,16,6,9,12,42,0.4127015922372375,4,5,2,6,6,4,6,9
S001;S002;S003;S007;S009;S010;S011;S013;S014 | S004;S005;S006;S012;S015 | S008,11,16,6,8,11,41,0.4995153111529665,4,5,2,6,6,4,6,8
S001;S002;S003;S007;S009;S010;S011;S013;S014 | S004;S005;S006;S015 | S008;S012,11,15,6,9,11,41,0.4056017203624977,4,5,2,6,5,4,6,9
S001;S002;S003;S007;S009;S010;S011;S013;S014 | S004;S005;S008 | S006;S012;S015,12,17,6,9,14,44,0.4410163443889329,4,5,3,6,6,5,6,9
S001;S002;S003;S007;S009;S010;S011;S013;S014 | S004;S005;S008;S012 | S006;S015,12,16,6,8,12,42,0.4838751361207993,4,5,3,6,5,5,6,8
S001;S002;S003;S007;S009;S010;S011;S013;S014 | S004;S005;S008;S012;S015 | S006,11,16,4,6,7,37,0.7180838047057873,4,4,3,6,5,5,4,6
S001;S002;S003;S007;S009;S010;S011;S013;S014 | S004;S005;S008;S015 | S006;S012,12,17,6,8,13,43,0.5408587314089156,4,5,3,6,6,5,6,8
S001;S002;S003;S007;S009;S010;S011;S013;S014 | S004;S005;S012 | S006;S008;S015,12,17,6,9,14,44,0.4066130028406203,4,5,3,6,6,5,6,9
S001;S002;S003;S007;S009;S010;S011;S013;S014 | S004;S005;S012;S015 | S006;S008,12,17,6,8,13,43,0.48265150512587,4,5,3,6,6,5,6,8
S001;S002;S003;S007;S009;S010;S011;S013;S014 | S004;S005;S015 | S006;S008;S012,12,16,6,9,13,43,0.40999025628002234,4,5,3,6,5,5,6,9
S001;S002;S003;S007;S009;S010;S011;S013;S014;S015 | S004;S005 | S006;S008;S012,11,16,6,9,12,42,0.46561160075897373,4,4,3,6,5,5,6,9
S001;S002;S003;S007;S009;S010;S011;S013;S014;S015 | S004;S005;S006 | S008;S012,10,15,6,9,10,40,0.45889484542008957,4,4,2,6,5,4,6,9
S001;S002;S003;S007;S009;S010;S011;S013;S014;S015 | S004;S005;S006;S008 | S012,11,16,6,8,11,41,0.5990284237182857,4,5,2,6,6,4,6,8
S001;S002;S003;S007;S009;S010;S011;S013;S014;S015 | S004;S005;S006;S012 | S008,11,16,6,8,11,41,0.5384441751377191,4,5,2,6,6,4,6,8
S001;S002;S003;S007;S009;S010;S011;S013;S014;S015 | S004;S005;S008 | S006;S012,12,17,6,8,13,43,0.584489926952162,4,5,3,6,6,5,6,8
S001;S002;S003;S007;S009;S010;S011;S013;S014;S015 | S004;S005;S008;S012 | S006,11,16,4,6,7,37,0.7468474304431127,4,4,3,6,5,5,4,6
S001;S002;S003;S007;S009;S010;S011;S013;S014;S015 | S004;S005;S012 | S006;S008,12,17,6,8,13,43,0.5255865845727664,4,5,3,6,6,5,6,8
S001;S002;S003;S007;S011 | S004;S005 | S006;S008;S009;S010;S012;S013;S014;S015,14,17,6,9,16,46,0.31237235177671085,7,4,3,7,5,5,6,9
S001;S002;S003;S007;S011 | S004;S005;S006 | S008;S009;S010;S012;S013;S014;S015,13,16,6,9,14,44,0.27110625192621873,7,4,2,7,5,4,6,9
S001;S002;S003;S007;S011 | S004;S005;S006;S008 | S009;S010;S012;S013;S014;S015,14,17,6,9,16,46,0.15906716674730773,7,5,2,7,6,4,6,9
S001;S002;S003;S007;S011 | S004;S005;S006;S008;S009;S010;S012;S013;S014 | S015,14,16,6,8,14,44,0.44645892766716644,7,5,2,7,5,4,6,8
S001;S002;S003;S007;S011 | S004;S005;S006;S008;S009;S010;S013;S014 | S012;S015,14,17,6,9,16,46,0.3185282466676057,7,5,2,7,6,4,6,9
S001;S002;S003;S007;S011 | S004;S005;S006;S008;S009;S010;S013;S014;S015 | S012,14,17,6,8,15,45,0.476468241721988,7,5,2,7,6,4,6,8
S001;S002;S003;S007;S011 | S004;S005;S006;S008;S012 | S009;S010;S013;S014;S015,14,16,6,9,15,45,0.10464528809875971,7,5,2,7,5,4,6,9
S001;S002;S003;S007;S011 | S004;S005;S006;S008;S012;S015 | S009;S010;S013;S014,13,16,6,9,14,44,0.13143449749060454,7,4,2,7,5,4,6,9
S001;S002;S003;S007;S011 | S004;S005;S006;S008;S015 | S009;S010;S012;S013;S014,14,17,6,9,16,46,0.13569040449830105,7,5,2,7,6,4,6,9
S001;S002;S003;S007;S011 | S004;S005;S006;S009;S010;S012;S013;S014 | S008;S015,14,17,6,9,16,46,0.2721824032601359,7,5,2,7,6,4,6,9
S001;S002;S003;S007;S011 | S004;S005;S006;S009;S010;S012;S013;S014;S015 | S008,14,17,6,8,15,45,0.4077594747445429,7,5,2,7,6,4,6,8
S001;S002;S003;S007;S011 | S004;S005;S006;S009;S010;S013;S014 | S008;S012;S015,13,16,6,9,14,44,0.15656811084196662,7,4,2,7,5,4,6,9
S001;S002;S003;S007;S011 | S004;S005;S006;S009;S010;S013;S014;S015 | S008;S012,14,16,6,9,15,45,0.2078011254180751,7,5,2,7,5,4,6,9
S001;S002;S003;S007;S011 | S004;S005;S006;S012 | S008;S009;S010;S013;S014;S015,14,17,6,9,16,46,0.15559184237331652,7,5,2,7,6,4,6,9
S001;S002;S003;S007;S011 | S004;S005;S006;S012;S015 | S008;S009;S010;S013;S014,14,17,6,9,16,46,0.1103017476314304,7,5,2,7,6,4,6,9
S001;S002;S003;S007;S011 | S004;S005;S006;S015 | S008;S009;S010;S012;S013;S014,14,16,6,9,15,45,0.218191838302761,7,5,2,7,5,4,6,9
S001;S002;S003;S007;S011 | S004;S005;S008 | S006;S009;S010;S012;S013;S014;S015,15,18,6,9,18,48,0.18808335005290963,7,5,3,7,6,5,6,9
S001;S002;S003;S007;S011 | S004;S005;S008;S009;S010;S012;S013;S014 | S006;S015,15,17,6,8,16,46,0.4029558950323548,7,5,3,7,5,5,6,8
S001;S002;S003;S007;S011 | S004;S005;S008;S009;S010;S012;S013;S014;S015 | S006,14,17,4,6,11,41,0.6731813191827081,7,4,3,7,5,5,4,6
S001;S002;S003;S007;S011 | S004;S005;S008;S009;S010;S013;S014 | S006;S012;S015,15,18,6,9,18,48,0.2770899985648295,7,5,3,7,6,5,6,9
S001;S002;S003;S007;S011 | S004;S005;S008;S009;S010;S013;S014;S015 | S006;S012,15,18,6,8,17,47,0.43237623653352525,7,5,3,7,6,5,6,8
S001;S002;S003;S007;S011 | S004;S005;S008;S012 | S006;S009;S010;S013;S014;S015,15,17,6,9,17,47,0.10357148677397635,7,5,3,7,5,5,6,9
S001;S002;S003;S007;S011 | S004;S005;S008;S012;S015 | S006;S009;S010;S013;S014,14,17,6,9,16,46,0.10898443925265806,7,4,3,7,5,5,6,9
S001;S002;S003;S007;S011 | S004;S005;S008;S015 | S006;S009;S010;S012;S013;S014,15,18,6,9,18,48,0.15133047039654157,7,5,3,7,6,5,6,9
S001;S002;S003;S007;S011 | S004;S005;S009;S010;S012;S013;S014 | S006;S008;S015,15,18,6,9,18,48,0.2320711457726251,7,5,3,7,6,5,6,9
S001;S002;S003;S007;S011 | S004;S005;S009;S010;S012;S013;S014;S015 | S006;S008,15,18,6,8,17,47,0.36470326374837514,7,5,3,7,6,5,6,8
S001;S002;S003;S007;S011 | S004;S005;S009;S010;S013;S014 | S006;S008;S012;S015,14,17,6,9,16,46,0.12147102346865865,7,4,3,7,5,5,6,9
S001;S002;S003;S007;S011 | S004;S005;S009;S010;S013;S014;S015 | S006;S008;S012,15,17,6,9,17,47,0.16893119119405905,7,5,3,7,5,5,6,9
S001;S002;S003;S007;S011 | S004;S005;S012 | S006;S008;S009;S010;S013;S014;S015,15,18,6,9,18,48,0.1937622097863547,7,5,3,7,6,5,6,9
S001;S002;S003;S007;S011 | S004;S005;S012;S015 | S006;S008;S009;S010;S013;S014,15,18,6,9,18,48,0.14358360450288268,7,5,3,7,6,5,6,9
S001;S002;S003;S007;S011 | S004;S005;S015 | S006;S008;S009;S010;S012;S013;S014,15,17,6,9,17,47,0.2577299105141626,7,5,3,7,5,5,6,9
S001;S002;S003;S007;S011;S012 | S004;S005 | S006;S008;S009;S010;S013;S014;S015,14,18,6,9,17,47,0.3081070138628499,7,4,3,7,6,5,6,9
S001;S002;S003;S007;S011;S012 | S004;S005;S006 | S008;S009;S010;S013;S014;S015,13,17,6,9,15,45,0.2713949833128309,7,4,2,7,6,4,6,9
S001;S002;S003;S007;S011;S012 | S004;S005;S006;S008 | S009;S010;S013;S014;S015,14,17,6,9,16,46,0.19709351460465344,7,5,2,7,6,4,6,9
S001;S002;S003;S007;S011;S012 | S004;S005;S006;S008;S009;S010;S013;S014 | S015,14,17,6,8,15,45,0.4368611050835416,7,5,2,7,6,4,6,8
S001;S002;S003;S007;S011;S012 | S004;S005;S006;S008;S015 | S009;S010;S013;S014,13,17,6,9,15,45,0.18950480378635665,7,4,2,7,6,4,6,9
S001;S002;S003;S007;S011;S012 | S004;S005;S006;S009;S010;S013;S014 | S008;S015,13,17,6,9,15,45,0.272334193554296,7,4,2,7,6,4,6,9
S001;S002;S003;S007;S011;S012 | S004;S005;S006;S009;S010;S013;S014;S015 | S008,14,17,6,8,15,45,0.402832224551828,7,5,2,7,6,4,6,8
S001;S002;S003;S007;S011;S012 | S004;S005;S006;S015 | S008;S009;S010;S013;S014,14,17,6,9,16,46,0.22691863607288165,7,5,2,7,6,4,6,9
S001;S002;S003;S007;S011;S012 | S004;S005;S008 | S006;S009;S010;S013;S014;S015,15,18,6,9,18,48,0.21434431413455413,7,5,3,7,6,5,6,9
S001;S002;S003;S007;S011;S012 | S004;S005;S008;S009;S010;S013;S014 | S006;S015,15,18,6,8,17,47,0.39606925645641194,7,5,3,7,6,5,6,8
S001;S002;S003;S007;S011;S012 | S004;S005;S008;S009;S010;S013;S014;S015 | S006,14,18,4,6,12,42,0.6643899898443735,7,4,3,7,6,5,4,6
S001;S002;S003;S007;S011;S012 | S004;S005;S008;S015 | S006;S009;S010;S013;S014,14,18,6,9,17,47,0.19345734550055124,7,4,3,7,6,5,6,9
S001;S002;S003;S007;S011;S012 | S004;S005;S009;S010;S013;S014 | S006;S008;S015,14,18,6,9,17,47,0.23820759923131066,7,4,3,7,6,5,6,9
S001;S002;S003;S007;S011;S012 | S004;S005;S009;S010;S013;S014;S015 | S006;S008,15,18,6,8,17,47,0.3634363486474863,7,5,3,7,6,5,6,8
S001;S002;S003;S007;S011;S012 | S004;S005;S015 | S006;S008;S009;S010;S013;S014,15,18,6,9,18,48,0.2598189842408687,7,5,3,7,6,5,6,9
S001;S002;S003;S007;S011;S012;S015 | S004;S005 | S006;S008;S009;S010;S013;S014,14,18,6,9,17,47,0.31570911750849073,7,4,3,7,6,5,6,9
S001;S002;S003;S007;S011;S012;S015 | S004;S005;S006 | S008;S009;S010;S013;S014,13,17,6,9,15,45,0.2846541423878191,7,4,2,7,6,4,6,9
S001;S002;S003;S007;S011;S012;S015 | S004;S005;S006;S008 | S009;S010;S013;S014,13,17,6,9,15,45,0.24336019837293132,7,4,2,7,6,4,6,9
S001;S002;S003;S007;S011;S012;S015 | S004;S005;S006;S009;S010;S013;S014 | S008,13,17,6,8,14,44,0.40797467381429564,7,4,2,7,6,4,6,8
S001;S002;S003;S007;S011;S012;S015 | S004;S005;S008 | S006;S009;S010;S013;S014,14,18,6,9,17,47,0.25205126232260444,7,4,3,7,6,5,6,9
S001;S002;S003;S007;S011;S012;S015 | S004;S005;S008;S009;S010;S013;S014 | S006,14,18,4,6,12,42,0.6632600501729825,7,4,3,7,6,5,4,6
S001;S002;S003;S007;S011;S012;S015 | S004;S005;S009;S010;S013;S014 | S006;S008,14,18,6,8,16,46,0.37301167766415566,7,4,3,7,6,5,6,8
S001;S002;S003;S007;S011;S015 | S004;S005 | S006;S008;S009;S010;S012;S013;S014,14,17,6,9,16,46,0.3079988589562016,7,4,3,7,5,5,6,9
S001;S002;S003;S007;S011;S015 | S004;S005;S006 | S008;S009;S010;S012;S013;S014,13,16,6,9,14,44,0.27095357484623955,7,4,2,7,5,4,6,9
S001;S002;S003;S007;S011;S015 | S004;S005;S006;S008 | S009;S010;S012;S013;S014,14,17,6,9,16,46,0.1943381242677963,7,5,2,7,6,4,6,9
S001;S002;S003;S007;S011;S015 | S004;S005;S006;S008;S009;S010;S013;S014 | S012,14,17,6,8,15,45,0.4677273965118716,7,5,2,7,6,4,6,8
S001;S002;S003;S007;S011;S015 | S004;S005;S006;S008;S012 | S009;S010;S013;S014,13,16,6,9,14,44,0.16175958364163137,7,4,2,7,5,4,6,9
S001;S002;S003;S007;S011;S015 | S004;S005;S006;S009;S010;S012;S013;S014 | S008,14,17,6,8,15,45,0.4028252967023129,7,5,2,7,6,4,6,8
S001;S002;S003;S007;S011;S015 | S004;S005;S006;S009;S010;S013;S014 | S008;S012,13,16,6,9,14,44,0.2079743444365672,7,4,2,7,5,4,6,9
S001;S002;S003;S007;S011;S015 | S004;S005;S006;S012 | S008;S009;S010;S013;S014,14,17,6,9,16,46,0.16611302142467574,7,5,2,7,6,4,6,9
S001;S002;S003;S007;S011;S015 | S004;S005;S008 | S006;S009;S010;S012;S013;S014,15,18,6,9,18,48,0.21224587335857253,7,5,3,7,6,5,6,9
S001;S002;S003;S007;S011;S015 | S004;S005;S008;S009;S010;S012;S013;S014 | S006,14,17,4,6,11,41,0.6647071804244379,7,4,3,7,5,5,4,6
S001;S002;S003;S007;S011;S015 | S004;S005;S008;S009;S010;S013;S014 | S006;S012,15,18,6,8,17,47,0.42613679859603854,7,5,3,7,6,5,6,8
S001;S002;S003;S007;S011;S015 | S004;S005;S008;S012 | S006;S009;S010;S013;S014,14,17,6,9,16,46,0.152825592129944,7,4,3,7,5,5,6,9
S001;S002;S003;S007;S011;S015 | S004;S005;S009;S010;S012;S013;S014 | S006;S008,15,18,6,8,17,47,0.36316814263806513,7,5,3,7,6,5,6,8
S001;S002;S003;S007;S011;S015 | S004;S005;S009;S010;S013;S014 | S006;S008;S012,14,17,6,9,16,46,0.1762168149337146,7,4,3,7,5,5,6,9
S001;S002;S003;S007;S011;S015 | S004;S005;S012 | S006;S008;S009;S010;S013;S014,15,18,6,9,18,48,0.19617826109603784,7,5,3,7,6,5,6,9
S001;S002;S004;S005 | S003;S006;S007;S008;S009;S010;S011;S012;S013;S014 | S015,12,17,6,8,13,43,0.5008500792163961,5,4,3,7,6,4,6,8
S001;S002;S004;S005 | S003;S006;S007;S008;S009;S010;S011;S013;S014 | S012;S015,12,18,6,9,15,45,0.3770100620143942,5,4,3,7,7,4,6,9
S001;S002;S004;S005 | S003;S006;S007;S008;S009;S010;S011;S013;S014;S015 | S012,12,18,6,8,14,44,0.5285602411988509,5,4,3,7,7,4,6,8
S001;S002;S004;S005 | S003;S006;S007;S008;S011 | S009;S010;S012;S013;S014;S015,14,18,6,9,17,47,0.020555467575055667,7,4,3,7,7,4,6,9
S001;S002;S004;S005 | S003;S006;S007;S008;S011;S012 | S009;S010;S013;S014;S015,14,17,6,9,16,46,0.1077122631802649,7,4,3,7,6,4,6,9
S001;S002;S004;S005 | S003;S006;S007;S008;S011;S012;S015 | S009;S010;S013;S014,13,17,6,9,15,45,0.16464689840172606,7,3,3,7,6,4,6,9
S001;S002;S004;S005 | S003;S006;S007;S008;S011;S015 | S009;S010;S012;S013;S014,14,18,6,9,17,47,0.0648003245583165,7,4,3,7,7,4,6,9
S001;S002;S004;S005 | S003;S006;S007;S009;S010;S011;S012;S013;S014 | S008;S015,12,18,6,9,15,45,0.30116623637592116,5,4,3,7,7,4,6,9
S001;S002;S004;S005 | S003;S006;S007;S009;S010;S011;S012;S013;S014;S015 | S008,13,18,6,8,15,45,0.43711147833390734,5,5,3,7,7,4,6,8
S001;S002;S004;S005 | S003;S006;S007;S009;S010;S011;S013;S014 | S008;S012;S015,12,17,6,9,14,44,0.18437158634802703,5,4,3,7,6,4,6,9
S001;S002;S004;S005 | S003;S006;S007;S009;S010;S011;S013;S014;S015 | S008;S012,13,17,6,9,15,45,0.24134146318734717,5,5,3,7,6,4,6,9
S001;S002;S004;S005 | S003;S006;S007;S011 | S008;S009;S010;S012;S013;S014;S015,14,17,6,8,15,45,0.19865793906130885,7,4,3,7,6,4,6,8
S001;S002;S004;S005 | S003;S006;S007;S011;S012 | S008;S009;S010;S013;S014;S015,14,18,6,9,17,47,0.08535966940110744,7,4,3,7,7,4,6,9
S001;S002;S004;S005 | S003;S006;S007;S011;S012;S015 | S008;S009;S010;S013;S014,15,18,6,9,18,48,0.028792583875306105,7,5,3,7,7,4,6,9
S001;S002;S004;S005 | S003;S006;S007;S011;S015 | S008;S009;S010;S012;S013;S014,15,17,6,8,16,46,0.13995935869495044,7,5,3,7,6,4,6,8
S001;S002;S004;S005 | S003;S007;S008;S009;S010;S011;S012;S013;S014 | S006;S015,13,18,6,8,15,45,0.45641564157780734,5,4,4,7,6,5,6,8
S001;S002;S004;S005 | S003;S007;S008;S009;S010;S011;S012;S013;S014;S015 | S006,12,18,4,6,10,40,0.7157848289928546,5,3,4,7,6,5,4,6
S001;S002;S004;S005 | S003;S007;S008;S009;S010;S011;S013;S014 | S006;S012;S015,13,19,6,9,17,47,0.33415855704568065,5,4,4,7,7,5,6,9
S001;S002;S004;S005 | S003;S007;S008;S009;S010;S011;S013;S014;S015 | S006;S012,13,19,6,8,16,46,0.48338512132038164,5,4,4,7,7,5,6,8
S001;S002;S004;S005 | S003;S007;S008;S011 | S006;S009;S010;S012;S013;S014;S015,15,19,6,9,19,49,0.046809118110849986,7,4,4,7,7,5,6,9
S001;S002;S004;S005 | S003;S007;S008;S011;S012 | S006;S009;S010;S013;S014;S015,15,18,6,9,18,48,0.06496631699916462,7,4,4,7,6,5,6,9
S001;S002;S004;S005 | S003;S007;S008;S011;S012;S015 | S006;S009;S010;S013;S014,14,18,6,9,17,47,0.12182813830003994,7,3,4,7,6,5,6,9
S001;S002;S004;S005 | S003;S007;S008;S011;S015 | S006;S009;S010;S012;S013;S014,15,19,6,9,19,49,0.026585531866387242,7,4,4,7,7,5,6,9
S001;S002;S004;S005 | S003;S007;S009;S010;S011;S012;S013;S014 | S006;S008;S015,13,19,6,9,17,47,0.25681127281019744,5,4,4,7,7,5,6,9
S001;S002;S004;S005 | S003;S007;S009;S010;S011;S012;S013;S014;S015 | S006;S008,14,19,6,8,17,47,0.3909621438991705,5,5,4,7,7,5,6,8
S001;S002;S004;S005 | S003;S007;S009;S010;S011;S013;S014 | S006;S008;S012;S015,13,18,6,9,16,46,0.14154381235007993,5,4,4,7,6,5,6,9
S001;S002;S004;S005 | S003;S007;S009;S010;S011;S013;S014;S015 | S006;S008;S012,14,18,6,9,17,47,0.198500061055004,5,5,4,7,6,5,6,9
S001;S002;S004;S005 | S003;S007;S011 | S006;S008;S009;S010;S012;S013;S014;S015,15,18,6,8,17,47,0.2429403937736953,7,4,4,7,6,5,6,8
S001;S002;S004;S005 | S003;S007;S011;S012 | S006;S008;S009;S010;S013;S014;S015,15,19,6,9,19,49,0.12814592635210953,7,4,4,7,7,5,6,9
S001;S002;S004;S005 | S003;S007;S011;S012;S015 | S006;S008;S009;S010;S013;S014,16,19,6,9,20,50,0.07126655309410253,7,5,4,7,7,5,6,9
S001;S002;S004;S005 | S003;S007;S011;S015 | S006;S008;S009;S010;S012;S013;S014,16,18,6,8,18,48,0.18407287255813232,7,5,4,7,6,5,6,8
S001;S002;S004;S005;S006 | S003;S007;S008;S009;S010;S011;S012;S013;S014 | S015,12,18,6,8,14,44,0.48181433977445687,5,4,3,7,6,5,6,8
S001;S002;S004;S005;S006 | S003;S007;S008;S009;S010;S011;S013;S014 | S012;S015,12,19,6,9,16,46,0.3568887578194235,5,4,3,7,7,5,6,9
S001;S002;S004;S005;S006 | S003;S007;S008;S009;S010;S011;S013;S014;S015 | S012,12,19,6,8,15,45,0.5100691334567452,5,4,3,7,7,5,6,8
S001;S002;S004;S005;S006 | S003;S007;S008;S011 | S009;S010;S012;S013;S014;S015,14,19,6,9,18,48,0.062200068658259444,7,4,3,7,7,5,6,9
S001;S002;S004;S005;S006 | S003;S007;S008;S011;S012 | S009;S010;S013;S014;S015,14,18,6,9,17,47,0.0915510698809252,7,4,3,7,6,5,6,9
S001;S002;S004;S005;S006 | S003;S007;S008;S011;S012;S015 | S009;S010;S013;S014,13,18,6,9,16,46,0.14644340074546788,7,3,3,7,6,5,6,9
S001;S002;S004;S005;S006 | S003;S007;S008;S011;S015 | S009;S010;S012;S013;S014,14,19,6,9,18,48,0.07081648418313899,7,4,3,7,7,5,6,9
S001;S002;S004;S005;S006 | S003;S007;S009;S010;S011;S012;S013;S014 | S008;S015,12,19,6,9,16,46,0.28440921932302987,5,4,3,7,7,5,6,9
S001;S002;S004;S005;S006 | S003;S007;S009;S010;S011;S012;S013;S014;S015 | S008,13,19,6,8,16,46,0.42122743327717393,5,5,3,7,7,5,6,8
S001;S002;S004;S005;S006 | S003;S007;S009;S010;S011;S013;S014 | S008;S012;S015,12,18,6,9,15,45,0.1657832553002808,5,4,3,7,6,5,6,9
S001;S002;S004;S005;S006 | S003;S007;S009;S010;S011;S013;S014;S015 | S008;S012,13,18,6,9,16,46,0.22202321826903987,5,5,3,7,6,5,6,9
S001;S002;S004;S005;S006 | S003;S007;S011 | S008;S009;S010;S012;S013;S014;S015,14,18,6,8,16,46,0.2276061158840472,7,4,3,7,6,5,6,8
S001;S002;S004;S005;S006 | S003;S007;S011;S012 | S008;S009;S010;S013;S014;S015,14,19,6,9,18,48,0.11101417569333243,7,4,3,7,7,5,6,9
S001;S002;S004;S005;S006 | S003;S007;S011;S012;S015 | S008;S009;S010;S013;S014,15,19,6,9,19,49,0.05851742170056952,7,5,3,7,7,5,6,9
S001;S002;S004;S005;S006 | S003;S007;S011;S015 | S008;S009;S010;S012;S013;S014,15,18,6,8,17,47,0.1711658856120926,7,5,3,7,6,5,6,8
S001;S002;S004;S005;S006;S008 | S003;S007;S009;S010;S011;S012;S013;S014 | S015,12,17,6,8,13,43,0.43633163276033254,5,4,3,7,5,5,6,8
S001;S002;S004;S005;S006;S008 | S003;S007;S009;S010;S011;S013;S014 | S012;S015,12,17,6,9,14,44,0.3123562175897192,5,4,3,7,5,5,6,9
S001;S002;S004;S005;S006;S008 | S003;S007;S009;S010;S011;S013;S014;S015 | S012,13,17,6,8,14,44,0.46695841114733727,5,5,3,7,5,5,6,8
S001;S002;S004;S005;S006;S008 | S003;S007;S011 | S009;S010;S012;S013;S014;S015,14,17,6,8,15,45,0.2319529388000632,7,4,3,7,5,5,6,8
S001;S002;S004;S005;S006;S008 | S003;S007;S011;S012 | S009;S010;S013;S014;S015,14,17,6,9,16,46,0.16287852913364412,7,4,3,7,5,5,6,9
S001;S002;S004;S005;S006;S008 | S003;S007;S011;S012;S015 | S009;S010;S013;S014,14,17,6,9,16,46,0.1695126593260647,7,4,3,7,5,5,6,9
S001;S002;S004;S005;S006;S008 | S003;S007;S011;S015 | S009;S010;S012;S013;S014,15,17,6,8,16,46,0.20607255044882725,7,5,3,7,5,5,6,8
S001;S002;S004;S005;S006;S008;S009;S010;S012;S013;S014 | S003;S007;S011 | S015,13,17,6,7,13,43,0.6249899085596434,6,4,3,7,5,5,6,7
S001;S002;S004;S005;S006;S008;S009;S010;S013;S014 | S003;S007;S011 | S012;S015,13,17,6,8,14,44,0.5048265187924258,6,4,3,7,5,5,6,8
S001;S002;S004;S005;S006;S008;S009;S010;S013;S014 | S003;S007;S011;S012 | S015,13,17,6,8,14,44,0.54541846677419,6,4,3,7,5,5,6,8
S001;S002;S004;S005;S006;S008;S009;S010;S013;S014 | S003;S007;S011;S015 | S012,14,17,6,7,14,44,0.6073673731269407,6,5,3,7,5,5,6,7
S001;S002;S004;S005;S006;S008;S009;S010;S013;S014;S015 | S003;S007;S011 | S012,13,17,6,7,13,43,0.6518096348744802,6,4,3,7,5,5,6,7
S001;S002;S004;S005;S006;S008;S012 | S003;S007;S009;S010;S011;S013;S014 | S015,12,17,6,8,13,43,0.4374733295352018,5,4,3,7,5,5,6,8
S001;S002;S004;S005;S006;S008;S012 | S003;S007;S011 | S009;S010;S013;S014;S015,14,17,6,8,15,45,0.2684835943094011,7,4,3,7,5,5,6,8
S001;S002;S004;S005;S006;S008;S012 | S003;S007;S011;S015 | S009;S010;S013;S014,14,17,6,8,15,45,0.25436954508507437,7,4,3,7,5,5,6,8
S001;S002;S004;S005;S006;S008;S012;S015 | S003;S007;S011 | S009;S010;S013;S014,13,16,6,8,13,43,0.3112997995045787,7,3,3,7,4,5,6,8
S001;S002;S004;S005;S006;S008;S015 | S003;S007;S009;S010;S011;S013;S014 | S012,12,17,6,8,13,43,0.46799713221879125,5,4,3,7,5,5,6,8
S001;S002;S004;S005;S006;S008;S015 | S003;S007;S011 | S009;S010;S012;S013;S014,14,17,6,8,15,45,0.2659189743705658,7,4,3,7,5,5,6,8
S001;S002;S004;S005;S006;S008;S015 | S003;S007;S011;S012 | S009;S010;S013;S014,13,17,6,9,15,45,0.21415930103934558,7,3,3,7,5,5,6,9
S001;S002;S004;S005;S006;S009;S010;S012;S013;S014 | S003;S007;S008;S011 | S015,14,19,6,8,17,47,0.5127139244023222,6,5,3,7,7,5,6,8
S001;S002;S004;S005;S006;S009;S010;S012;S013;S014 | S003;S007;S011 | S008;S015,14,19,6,8,17,47,0.45506463853260426,6,5,3,7,7,5,6,8
S001;S002;S004;S005;S006;S009;S010;S012;S013;S014 | S003;S007;S011;S015 | S008,15,19,6,7,17,47,0.5338569787494364,6,6,3,7,7,5,6,7
S001;S002;S004;S005;S006;S009;S010;S012;S013;S014;S015 | S003;S007;S011 | S008,14,18,6,7,15,45,0.579750908910574,6,5,3,7,6,5,6,7
S001;S002;S004;S005;S006;S009;S010;S013;S014 | S003;S007;S008;S011 | S012;S015,13,19,6,9,17,47,0.3865433208352956,6,4,3,7,7,5,6,9
S001;S002;S004;S005;S006;S009;S010;S013;S014 | S003;S007;S008;S011;S012 | S015,13,18,6,8,15,45,0.4697523333681066,6,4,3,7,6,5,6,8
S001;S002;S004;S005;S006;S009;S010;S013;S014 | S003;S007;S008;S011;S015 | S012,13,19,6,8,16,46,0.5114500481524484,6,4,3,7,7,5,6,8
S001;S002;S004;S005;S006;S009;S010;S013;S014 | S003;S007;S011 | S008;S012;S015,13,18,6,8,15,45,0.3589458666616857,6,4,3,7,6,5,6,8
S001;S002;S004;S005;S006;S009;S010;S013;S014 | S003;S007;S011;S012 | S008;S015,13,19,6,9,17,47,0.37137595488133046,6,4,3,7,7,5,6,9
S001;S002;S004;S005;S006;S009;S010;S013;S014 | S003;S007;S011;S012;S015 | S008,14,19,6,8,17,47,0.46660444111206156,6,5,3,7,7,5,6,8
S001;S002;S004;S005;S006;S009;S010;S013;S014 | S003;S007;S011;S015 | S008;S012,14,18,6,8,16,46,0.35580741107395447,6,5,3,7,6,5,6,8
S001;S002;S004;S005;S006;S009;S010;S013;S014;S015 | S003;S007;S008;S011 | S012,13,18,6,8,15,45,0.5407176724321779,6,4,3,7,6,5,6,8
S001;S002;S004;S005;S006;S009;S010;S013;S014;S015 | S003;S007;S011 | S008;S012,13,17,6,8,14,44,0.4073111359698782,6,4,3,7,5,5,6,8
S001;S002;S004;S005;S006;S009;S010;S013;S014;S015 | S003;S007;S011;S012 | S008,13,18,6,8,15,45,0.5007096872076713,6,4,3,7,6,5,6,8
S001;S002;S004;S005;S006;S012 | S003;S007;S008;S009;S010;S011;S013;S014 | S015,13,19,6,8,16,46,0.46088144625624144,5,5,3,7,7,5,6,8
S001;S002;S004;S005;S006;S012 | S003;S007;S008;S011 | S009;S010;S013;S014;S015,15,19,6,9,19,49,0.11411520654021953,7,5,3,7,7,5,6,9
S001;S002;S004;S005;S006;S012 | S003;S007;S008;S011;S015 | S009;S010;S013;S014,14,19,6,9,18,48,0.13377652341137752,7,4,3,7,7,5,6,9
S001;S002;S004;S005;S006;S012 | S003;S007;S009;S010;S011;S013;S014 | S008;S015,13,19,6,9,17,47,0.2715850712647145,5,5,3,7,7,5,6,9
S001;S002;S004;S005;S006;S012 | S003;S007;S009;S010;S011;S013;S014;S015 | S008,14,19,6,8,17,47,0.4068604032648419,5,6,3,7,7,5,6,8
S001;S002;S004;S005;S006;S012 | S003;S007;S011 | S008;S009;S010;S013;S014;S015,15,19,6,8,18,48,0.2198971996262602,7,5,3,7,7,5,6,8
S001;S002;S004;S005;S006;S012 | S003;S007;S011;S015 | S008;S009;S010;S013;S014,16,19,6,8,19,49,0.17197600639150304,7,6,3,7,7,5,6,8
S001;S002;S004;S005;S006;S012;S015 | S003;S007;S008;S011 | S009;S010;S013;S014,14,18,6,9,17,47,0.1698156087481526,7,4,3,7,6,5,6,9
S001;S002;S004;S005;S006;S012;S015 | S003;S007;S009;S010;S011;S013;S014 | S008,13,18,6,8,15,45,0.40285087044208684,5,5,3,7,6,5,6,8
S001;S002;S004;S005;S006;S012;S015 | S003;S007;S011 | S008;S009;S010;S013;S014,15,18,6,8,17,47,0.22878676594932354,7,5,3,7,6,5,6,8
S001;S002;S004;S005;S006;S015 | S003;S007;S008;S009;S010;S011;S013;S014 | S012,12,18,6,8,14,44,0.4908986617436038,5,4,3,7,6,5,6,8
S001;S002;S004;S005;S006;S015 | S003;S007;S008;S011 | S009;S010;S012;S013;S014,14,18,6,9,17,47,0.11058211984395246,7,4,3,7,6,5,6,9
S001;S002;S004;S005;S006;S015 | S003;S007;S008;S011;S012 | S009;S010;S013;S014,13,17,6,9,15,45,0.14002067862940168,7,3,3,7,5,5,6,9
S001;S002;S004;S005;S006;S015 | S003;S007;S009;S010;S011;S012;S013;S014 | S008,12,18,6,8,14,44,0.40745169492744504,5,4,3,7,6,5,6,8
S001;S002;S004;S005;S006;S015 | S003;S007;S009;S010;S011;S013;S014 | S008;S012,12,17,6,9,14,44,0.20756048523013287,5,4,3,7,5,5,6,9
S001;S002;S004;S005;S006;S015 | S003;S007;S011 | S008;S009;S010;S012;S013;S014,14,17,6,8,15,45,0.21985824054422642,7,4,3,7,5,5,6,8
S001;S002;S004;S005;S006;S015 | S003;S007;S011;S012 | S008;S009;S010;S013;S014,14,18,6,9,17,47,0.1120998410275166,7,4,3,7,6,5,6,9
S001;S002;S004;S005;S008 | S003;S006;S007;S009;S010;S011;S012;S013;S014 | S015,12,16,6,8,12,42,0.4413119076994821,5,4,3,7,5,4,6,8
S001;S002;S004;S005;S008 | S003;S006;S007;S009;S010;S011;S013;S014 | S012;S015,12,16,6,9,13,43,0.3144192467342985,5,4,3,7,5,4,6,9
S001;S002;S004;S005;S008 | S003;S006;S007;S009;S010;S011;S013;S014;S015 | S012,13,16,6,8,13,43,0.47158705490098124,5,5,3,7,5,4,6,8
S001;S002;S004;S005;S008 | S003;S006;S007;S011 | S009;S010;S012;S013;S014;S015,14,16,6,8,14,44,0.18617336022319214,7,4,3,7,5,4,6,8
S001;S002;S004;S005;S008 | S003;S006;S007;S011;S012 | S009;S010;S013;S014;S015,14,16,6,9,15,45,0.12487423560068894,7,4,3,7,5,4,6,9
S001;S002;S004;S005;S008 | S003;S006;S007;S011;S012;S015 | S009;S010;S013;S014,14,16,6,9,15,45,0.1427782160459255,7,4,3,7,5,4,6,9
S001;S002;S004;S005;S008 | S003;S006;S007;S011;S015 | S009;S010;S012;S013;S014,15,16,6,8,15,45,0.16160516422313018,7,5,3,7,5,4,6,8
S001;S002;S004;S005;S008 | S003;S007;S009;S010;S011;S012;S013;S014 | S006;S015,13,17,6,8,14,44,0.39880786355685005,5,4,4,7,5,5,6,8
S001;S002;S004;S005;S008 | S003;S007;S009;S010;S011;S012;S013;S014;S015 | S006,13,17,4,6,10,40,0.668567803203893,5,4,4,7,5,5,4,6
S001;S002;S004;S005;S008 | S003;S007;S009;S010;S011;S013;S014 | S006;S012;S015,13,17,6,9,15,45,0.274463801921261,5,4,4,7,5,5,6,9
S001;S002;S004;S005;S008 | S003;S007;S009;S010;S011;S013;S014;S015 | S006;S012,14,17,6,8,15,45,0.4284993969367077,5,5,4,7,5,5,6,8
S001;S002;S004;S005;S008 | S003;S007;S011 | S006;S009;S010;S012;S013;S014;S015,15,17,6,8,16,46,0.21442279728778144,7,4,4,7,5,5,6,8
S001;S002;S004;S005;S008 | S003;S007;S011;S012 | S006;S009;S010;S013;S014;S015,15,17,6,9,17,47,0.1285390358480538,7,4,4,7,5,5,6,9
S001;S002;S004;S005;S008 | S003;S007;S011;S012;S015 | S006;S009;S010;S013;S014,15,17,6,9,17,47,0.12704523727577083,7,4,4,7,5,5,6,9
S001;S002;S004;S005;S008 | S003;S007;S011;S015 | S006;S009;S010;S012;S013;S014,16,17,6,8,17,47,0.17846256585324508,7,5,4,7,5,5,6,8
S001;S002;S004;S005;S008;S009;S010;S012;S013;S014 | S003;S006;S007;S011 | S015,13,16,6,7,12,42,0.5908987412899193,6,4,3,7,5,4,6,7
S001;S002;S004;S005;S008;S009;S010;S012;S013;S014 | S003;S007;S011 | S006;S015,14,17,6,7,14,44,0.57961948846775,6,4,4,7,5,5,6,7
S001;S002;S004;S005;S008;S009;S010;S012;S013;S014 | S003;S007;S011;S015 | S006,14,17,4,5,11,40,0.800347406385693,6,4,4,7,5,5,4,5
S001;S002;S004;S005;S008;S009;S010;S012;S013;S014;S015 | S003;S007;S011 | S006,13,16,4,5,9,38,0.8424498362461409,6,3,4,7,4,5,4,5
S001;S002;S004;S005;S008;S009;S010;S013;S014 | S003;S006;S007;S011 | S012;S015,13,16,6,8,13,43,0.468545146692396,6,4,3,7,5,4,6,8
S001;S002;S004;S005;S008;S009;S010;S013;S014 | S003;S006;S007;S011;S012 | S015,13,16,6,8,13,43,0.5191386928139611,6,4,3,7,5,4,6,8
S001;S002;S004;S005;S008;S009;S010;S013;S014 | S003;S006;S007;S011;S015 | S012,14,16,6,7,13,43,0.5764680756621088,6,5,3,7,5,4,6,7
S001;S002;S004;S005;S008;S009;S010;S013;S014 | S003;S007;S011 | S006;S012;S015,14,17,6,8,15,45,0.4633330946554889,6,4,4,7,5,5,6,8
S001;S002;S004;S005;S008;S009;S010;S013;S014 | S003;S007;S011;S012 | S006;S015,14,17,6,8,15,45,0.49997010746633685,6,4,4,7,5,5,6,8
S001;S002;S004;S005;S008;S009;S010;S013;S014 | S003;S007;S011;S012;S015 | S006,14,17,4,6,11,41,0.7302555790190287,6,4,4,7,5,5,4,6
S001;S002;S004;S005;S008;S009;S010;S013;S014 | S003;S007;S011;S015 | S006;S012,15,17,6,7,15,45,0.5597922866624654,6,5,4,7,5,5,6,7
S001;S002;S004;S005;S008;S009;S010;S013;S014;S015 | S003;S006;S007;S011 | S012,13,16,6,7,12,42,0.618058015521636,6,4,3,7,5,4,6,7
S001;S002;S004;S005;S008;S009;S010;S013;S014;S015 | S003;S007;S011 | S006;S012,14,17,6,7,14,44,0.6051345928314767,6,4,4,7,5,5,6,7
S001;S002;S004;S005;S008;S009;S010;S013;S014;S015 | S003;S007;S011;S012 | S006,13,17,4,6,10,40,0.761263239160571,6,3,4,7,5,5,4,6
S001;S002;S004;S005;S008;S012 | S003;S006;S007;S009;S010;S011;S013;S014 | S015,12,16,6,8,12,42,0.43566399567746,5,4,3,7,5,4,6,8
S001;S002;S004;S005;S008;S012 | S003;S006;S007;S011 | S009;S010;S013;S014;S015,14,16,6,8,14,44,0.2235317497014503,7,4,3,7,5,4,6,8
S001;S002;S004;S005;S008;S012 | S003;S006;S007;S011;S015 | S009;S010;S013;S014,14,16,6,8,14,44,0.21302311375617497,7,4,3,7,5,4,6,8
S001;S002;S004;S005;S008;S012 | S003;S007;S009;S010;S011;S013;S014 | S006;S015,13,17,6,8,14,44,0.3963205531064278,5,4,4,7,5,5,6,8
S001;S002;S004;S005;S008;S012 | S003;S007;S009;S010;S011;S013;S014;S015 | S006,13,17,4,6,10,40,0.6630276820964073,5,4,4,7,5,5,4,6
S001;S002;S004;S005;S008;S012 | S003;S007;S011 | S006;S009;S010;S013;S014;S015,15,17,6,8,16,46,0.241469889503852,7,4,4,7,5,5,6,8
S001;S002;S004;S005;S008;S012 | S003;S007;S011;S015 | S006;S009;S010;S013;S014,15,17,6,8,16,46,0.2193995300227495,7,4,4,7,5,5,6,8
S001;S002;S004;S005;S008;S012;S015 | S003;S006;S007;S011 | S009;S010;S013;S014,13,15,6,8,12,42,0.268325528167925,7,3,3,7,4,4,6,8
S001;S002;S004;S005;S008;S012;S015 | S003;S007;S009;S010;S011;S013;S014 | S006,12,16,4,6,8,38,0.6649942237390349,5,3,4,7,4,5,4,6
S001;S002;S004;S005;S008;S012;S015 | S003;S007;S011 | S006;S009;S010;S013;S014,14,16,6,8,14,44,0.2784741902990559,7,3,4,7,4,5,6,8
S001;S002;S004;S005;S008;S015 | S003;S006;S007;S009;S010;S011;S013;S014 | S012,12,16,6,8,12,42,0.46644683526918523,5,4,3,7,5,4,6,8
S001;S002;S004;S005;S008;S015 | S003;S006;S007;S011 | S009;S010;S012;S013;S014,14,16,6,8,14,44,0.22086030959140318,7,4,3,7,5,4,6,8
S001;S002;S004;S005;S008;S015 | S003;S006;S007;S011;S012 | S009;S010;S013;S014,13,16,6,9,14,44,0.17983728157540801,7,3,3,7,5,4,6,9
S001;S002;S004;S005;S008;S015 | S003;S007;S009;S010;S011;S012;S013;S014 | S006,12,17,4,6,9,39,0.6631419376892108,5,3,4,7,5,5,4,6
S001;S002;S004;S005;S008;S015 | S003;S007;S009;S010;S011;S013;S014 | S006;S012,13,17,6,8,14,44,0.42624694964097337,5,4,4,7,5,5,6,8
S001;S002;S004;S005;S008;S015 | S003;S007;S011 | S006;S009;S010;S012;S013;S014,15,17,6,8,16,46,0.23938235832333438,7,4,4,7,5,5,6,8
S001;S002;S004;S005;S008;S015 | S003;S007;S011;S012 | S006;S009;S010;S013;S014,14,17,6,9,16,46,0.1751663181749791,7,3,4,7,5,5,6,9
S001;S002;S004;S005;S009;S010;S012;S013;S014 | S003;S006;S007;S008;S011 | S015,14,18,6,8,16,46,0.4895609349035478,6,5,3,7,7,4,6,8
S001;S002;S004;S005;S009;S010;S012;S013;S014 | S003;S006;S007;S011 | S008;S015,14,18,6,8,16,46,0.41746103147621905,6,5,3,7,7,4,6,8
S001;S002;S004;S005;S009;S010;S012;S013;S014 | S003;S006;S007;S011;S015 | S008,15,18,6,7,16,46,0.5020405142519468,6,6,3,7,7,4,6,7
S001;S002;S004;S005;S009;S010;S012;S013;S014 | S003;S007;S008;S011 | S006;S015,15,19,6,8,18,48,0.46653650328403323,6,5,4,7,7,5,6,8
S001;S002;S004;S005;S009;S010;S012;S013;S014 | S003;S007;S008;S011;S015 | S006,14,19,4,6,13,43,0.7065938509079934,6,4,4,7,7,5,4,6
S001;S002;S004;S005;S009;S010;S012;S013;S014 | S003;S007;S011 | S006;S008;S015,15,19,6,8,18,48,0.41408817782266943,6,5,4,7,7,5,6,8
S001;S002;S004;S005;S009;S010;S012;S013;S014 | S003;S007;S011;S015 | S006;S008,16,19,6,7,18,48,0.4867561659313735,6,6,4,7,7,5,6,7
S001;S002;S004;S005;S009;S010;S012;S013;S014;S015 | S003;S006;S007;S011 | S008,14,17,6,7,14,44,0.544889197910856,6,5,3,7,6,4,6,7
S001;S002;S004;S005;S009;S010;S012;S013;S014;S015 | S003;S007;S008;S011 | S006,14,18,4,6,12,42,0.7332896604030453,6,4,4,7,6,5,4,6
S001;S002;S004;S005;S009;S010;S012;S013;S014;S015 | S003;S007;S011 | S006;S008,15,18,6,7,16,46,0.5337745464225317,6,5,4,7,6,5,6,7
S001;S002;S004;S005;S009;S010;S013;S014 | S003;S006;S007;S008;S011 | S012;S015,13,18,6,9,16,46,0.3615683113885339,6,4,3,7,7,4,6,9
S001;S002;S004;S005;S009;S010;S013;S014 | S003;S006;S007;S008;S011;S012 | S015,13,17,6,8,14,44,0.45705300673689525,6,4,3,7,6,4,6,8
S001;S002;S004;S005;S009;S010;S013;S014 | S003;S006;S007;S008;S011;S015 | S012,13,18,6,8,15,45,0.49354760000592746,6,4,3,7,7,4,6,8
S001;S002;S004;S005;S009;S010;S013;S014 | S003;S006;S007;S011 | S008;S012;S015,13,17,6,8,14,44,0.31822129747962136,6,4,3,7,6,4,6,8
S001;S002;S004;S005;S009;S010;S013;S014 | S003;S006;S007;S011;S012 | S008;S015,13,18,6,9,16,46,0.34242816791935077,6,4,3,7,7,4,6,9
S001;S002;S004;S005;S009;S010;S013;S014 | S003;S006;S007;S011;S012;S015 | S008,14,18,6,8,16,46,0.4449281992108103,6,5,3,7,7,4,6,8
S001;S002;S004;S005;S009;S010;S013;S014 | S003;S006;S007;S011;S015 | S008;S012,14,17,6,8,15,45,0.31882911045875406,6,5,3,7,6,4,6,8
S001;S002;S004;S005;S009;S010;S013;S014 | S003;S007;S008;S011 | S006;S012;S015,14,19,6,9,18,48,0.3424360324254484,6,4,4,7,7,5,6,9
S001;S002;S004;S005;S009;S010;S013;S014 | S003;S007;S008;S011;S012 | S006;S015,14,18,6,8,16,46,0.42614511704489494,6,4,4,7,6,5,6,8
S001;S002;S004;S005;S009;S010;S013;S014 | S003;S007;S008;S011;S012;S015 | S006,13,18,4,6,11,41,0.6740470967160682,6,3,4,7,6,5,4,6
S001;S002;S004;S005;S009;S010;S013;S014 | S003;S007;S008;S011;S015 | S006;S012,14,19,6,8,17,47,0.46457924680641666,6,4,4,7,7,5,6,8
S001;S002;S004;S005;S009;S010;S013;S014 | S003;S007;S011 | S006;S008;S012;S015,14,18,6,8,16,46,0.32493396030006727,6,4,4,7,6,5,6,8
S001;S002;S004;S005;S009;S010;S013;S014 | S003;S007;S011;S012 | S006;S008;S015,14,19,6,9,18,48,0.32824648038070253,6,4,4,7,7,5,6,9
S001;S002;S004;S005;S009;S010;S013;S014 | S003;S007;S011;S012;S015 | S006;S008,15,19,6,8,18,48,0.4200503587704784,6,5,4,7,7,5,6,8
S001;S002;S004;S005;S009;S010;S013;S014 | S003;S007;S011;S015 | S006;S008;S012,15,18,6,8,17,47,0.3173459125516848,6,5,4,7,6,5,6,8
S001;S002;S004;S005;S009;S010;S013;S014;S015 | S003;S006;S007;S008;S011 | S012,13,17,6,8,14,44,0.518157940496277,6,4,3,7,6,4,6,8
S001;S002;S004;S005;S009;S010;S013;S014;S015 | S003;S006;S007;S011 | S008;S012,13,16,6,8,13,43,0.36836746807571397,6,4,3,7,5,4,6,8
S001;S002;S004;S005;S009;S010;S013;S014;S015 | S003;S006;S007;S011;S012 | S008,13,17,6,8,14,44,0.47453892486588584,6,4,3,7,6,4,6,8
S001;S002;S004;S005;S009;S010;S013;S014;S015 | S003;S007;S008;S011 | S006;S012,14,18,6,8,16,46,0.4936398588442274,6,4,4,7,6,5,6,8
S001;S002;S004;S005;S009;S010;S013;S014;S015 | S003;S007;S008;S011;S012 | S006,13,17,4,6,10,40,0.6882338458178455,6,3,4,7,5,5,4,6
S001;S002;S004;S005;S009;S010;S013;S014;S015 | S003;S007;S011 | S006;S008;S012,14,17,6,8,15,45,0.37065003304804767,6,4,4,7,5,5,6,8
S001;S002;S004;S005;S009;S010;S013;S014;S015 | S003;S007;S011;S012 | S006;S008,14,18,6,8,16,46,0.45447837295322235,6,4,4,7,6,5,6,8
S001;S002;S004;S005;S012 | S003;S006;S007;S008;S009;S010;S011;S013;S014 | S015,13,18,6,8,15,45,0.4748800572230623,5,5,3,7,7,4,6,8
S001;S002;S004;S005;S012 | S003;S006;S007;S008;S011 | S009;S010;S013;S014;S015,15,18,6,9,18,48,0.08229682723491694,7,5,3,7,7,4,6,9
S001;S002;S004;S005;S012 | S003;S006;S007;S008;S011;S015 | S009;S010;S013;S014,14,18,6,9,17,47,0.11948671285928428,7,4,3,7,7,4,6,9
S001;S002;S004;S005;S012 | S003;S006;S007;S009;S010;S011;S013;S014 | S008;S015,13,18,6,9,16,46,0.27922135705730255,5,5,3,7,7,4,6,9
S001;S002;S004;S005;S012 | S003;S006;S007;S009;S010;S011;S013;S014;S015 | S008,14,18,6,8,16,46,0.4159642864702027,5,6,3,7,7,4,6,8
S001;S002;S004;S005;S012 | S003;S006;S007;S011 | S008;S009;S010;S013;S014;S015,15,18,6,8,17,47,0.18224165240365758,7,5,3,7,7,4,6,8
S001;S002;S004;S005;S012 | S003;S006;S007;S011;S015 | S008;S009;S010;S013;S014,16,18,6,8,18,48,0.1306270154538484,7,6,3,7,7,4,6,8
S001;S002;S004;S005;S012 | S003;S007;S008;S009;S010;S011;S013;S014 | S006;S015,14,19,6,8,17,47,0.43102052859569273,5,5,4,7,7,5,6,8
S001;S002;S004;S005;S012 | S003;S007;S008;S009;S010;S011;S013;S014;S015 | S006,13,19,4,6,12,42,0.6927608236792037,5,4,4,7,7,5,4,6
S001;S002;S004;S005;S012 | S003;S007;S008;S011 | S006;S009;S010;S013;S014;S015,16,19,6,9,20,50,0.07575052981398829,7,5,4,7,7,5,6,9
S001;S002;S004;S005;S012 | S003;S007;S008;S011;S015 | S006;S009;S010;S013;S014,15,19,6,9,19,49,0.0893397542796734,7,4,4,7,7,5,6,9
S001;S002;S004;S005;S012 | S003;S007;S009;S010;S011;S013;S014 | S006;S008;S015,14,19,6,9,18,48,0.2366826682361812,5,5,4,7,7,5,6,9
S001;S002;S004;S005;S012 | S003;S007;S009;S010;S011;S013;S014;S015 | S006;S008,15,19,6,8,18,48,0.37132564970079573,5,6,4,7,7,5,6,8
S001;S002;S004;S005;S012 | S003;S007;S011 | S006;S008;S009;S010;S013;S014;S015,16,19,6,8,19,49,0.22352603147894615,7,5,4,7,7,5,6,8
S001;S002;S004;S005;S012 | S003;S007;S011;S015 | S006;S008;S009;S010;S013;S014,17,19,6,8,20,50,0.16898054975339732,7,6,4,7,7,5,6,8
S001;S002;S004;S005;S012;S015 | S003;S006;S007;S008;S011 | S009;S010;S013;S014,14,17,6,9,16,46,0.14127066029100666,7,4,3,7,6,4,6,9
S001;S002;S004;S005;S012;S015 | S003;S006;S007;S009;S010;S011;S013;S014 | S008,13,17,6,8,14,44,0.40498805667769233,5,5,3,7,6,4,6,8
S001;S002;S004;S005;S012;S015 | S003;S006;S007;S011 | S008;S009;S010;S013;S014,15,17,6,8,16,46,0.18593062366439086,7,5,3,7,6,4,6,8
S001;S002;S004;S005;S012;S015 | S003;S007;S008;S009;S010;S011;S013;S014 | S006,13,18,4,6,11,41,0.677058381004702,5,4,4,7,6,5,4,6
S001;S002;S004;S005;S012;S015 | S003;S007;S008;S011 | S006;S009;S010;S013;S014,15,18,6,9,18,48,0.1276414726041571,7,4,4,7,6,5,6,9
S001;S002;S004;S005;S012;S015 | S003;S007;S009;S010;S011;S013;S014 | S006;S008,14,18,6,8,16,46,0.362979304338045,5,5,4,7,6,5,6,8
S001;S002;S004;S005;S012;S015 | S003;S007;S011 | S006;S008;S009;S010;S013;S014,16,18,6,8,18,48,0.22066181085424644,7,5,4,7,6,5,6,8
S001;S002;S004;S005;S015 | S003;S006;S007;S008;S009;S010;S011;S013;S014 | S012,12,17,6,8,13,43,0.5047129559564649,5,4,3,7,6,4,6,8
S001;S002;S004;S005;S015 | S003;S006;S007;S008;S011 | S009;S010;S012;S013;S014,14,17,6,9,16,46,0.07843248695951073,7,4,3,7,6,4,6,9
S001;S002;S004;S005;S015 | S003;S006;S007;S008;S011;S012 | S009;S010;S013;S014,13,16,6,9,14,44,0.14277088428167983,7,3,3,7,5,4,6,9
S001;S002;S004;S005;S015 | S003;S006;S007;S009;S010;S011;S012;S013;S014 | S008,12,17,6,8,13,43,0.4169968585097702,5,4,3,7,6,4,6,8
S001;S002;S004;S005;S015 | S003;S006;S007;S009;S010;S011;S013;S014 | S008;S012,12,16,6,9,13,43,0.2171348678935747,5,4,3,7,5,4,6,9
S001;S002;S004;S005;S015 | S003;S006;S007;S011 | S008;S009;S010;S012;S013;S014,14,16,6,8,14,44,0.18266814110512514,7,4,3,7,5,4,6,8
S001;S002;S004;S005;S015 | S003;S006;S007;S011;S012 | S008;S009;S010;S013;S014,14,17,6,9,16,46,0.0713155104129024,7,4,3,7,6,4,6,9
S001;S002;S004;S005;S015 | S003;S007;S008;S009;S010;S011;S012;S013;S014 | S006,12,17,4,6,9,39,0.6939975368386058,5,3,4,7,5,5,4,6
S001;S002;S004;S005;S015 | S003;S007;S008;S009;S010;S011;S013;S014 | S006;S012,13,18,6,8,15,45,0.46015897554992413,5,4,4,7,6,5,6,8
S001;S002;S004;S005;S015 | S003;S007;S008;S011 | S006;S009;S010;S012;S013;S014,15,18,6,9,18,48,0.07273095886261063,7,4,4,7,6,5,6,9
S001;S002;S004;S005;S015 | S003;S007;S008;S011;S012 | S006;S009;S010;S013;S014,14,17,6,9,16,46,0.10276000104737329,7,3,4,7,5,5,6,9
S001;S002;S004;S005;S015 | S003;S007;S009;S010;S011;S012;S013;S014 | S006;S008,13,18,6,8,15,45,0.37222779624458896,5,4,4,7,6,5,6,8
S001;S002;S004;S005;S015 | S003;S007;S009;S010;S011;S013;S014 | S006;S008;S012,13,17,6,9,15,45,0.17534743091624935,5,4,4,7,5,5,6,9
S001;S002;S004;S005;S015 | S003;S007;S011 | S006;S008;S009;S010;S012;S013;S014,15,17,6,8,16,46,0.2242594011964002,7,4,4,7,5,5,6,8
S001;S002;S004;S005;S015 | S003;S007;S011;S012 | S006;S008;S009;S010;S013;S014,15,18,6,9,18,48,0.10852837885773825,7,4,4,7,6,5,6,9
S001;S002;S006 | S003;S004;S005;S007;S008;S009;S010;S011;S012;S013;S014 | S015,13,19,6,8,16,46,0.5774371547439091,5,4,4,7,6,6,6,8
S001;S002;S006 | S003;S004;S005;S007;S008;S009;S010;S011;S013;S014 | S012;S015,13,20,6,9,18,48,0.4569409962003099,5,4,4,7,7,6,6,9
S001;S002;S006 | S003;S004;S005;S007;S008;S009;S010;S011;S013;S014;S015 | S012,13,20,6,8,17,47,0.604135234298341,5,4,4,7,7,6,6,8
S001;S002;S006 | S003;S004;S005;S007;S008;S011 | S009;S010;S012;S013;S014;S015,15,20,6,9,20,50,0.12276936810364801,7,4,4,7,7,6,6,9
S001;S002;S006 | S003;S004;S005;S007;S008;S011;S012 | S009;S010;S013;S014;S015,15,19,6,9,19,49,0.2078823885876113,7,4,4,7,6,6,6,9
S001;S002;S006 | S003;S004;S005;S007;S008;S011;S012;S015 | S009;S010;S013;S014,14,19,6,9,18,48,0.2557732803937582,7,3,4,7,6,6,6,9
S001;S002;S006 | S003;S004;S005;S007;S008;S011;S015 | S009;S010;S012;S013;S014,15,20,6,9,20,50,0.1591262229617807,7,4,4,7,7,6,6,9
S001;S002;S006 | S003;S004;S005;S007;S009;S010;S011;S012;S013;S014 | S008;S015,13,20,6,9,18,48,0.4067853700348493,5,4,4,7,7,6,6,9
S001;S002;S006 | S003;S004;S005;S007;S009;S010;S011;S012;S013;S014;S015 | S008,14,20,6,8,18,48,0.5330098136052982,5,5,4,7,7,6,6,8
S001;S002;S006 | S003;S004;S005;S007;S009;S010;S011;S013;S014 | S008;S012;S015,13,19,6,9,17,47,0.3056130480702665,5,4,4,7,6,6,6,9
S001;S002;S006 | S003;S004;S005;S007;S009;S010;S011;S013;S014;S015 | S008;S012,14,19,6,9,18,48,0.3564570348919025,5,5,4,7,6,6,6,9
S001;S002;S006 | S003;S004;S005;S007;S011 | S008;S009;S010;S012;S013;S014;S015,15,19,6,9,19,49,0.1700095640725803,7,4,4,7,6,6,6,9
S001;S002;S006 | S003;S004;S005;S007;S011;S012 | S008;S009;S010;S013;S014;S015,15,20,6,9,20,50,0.14903773836055437,7,4,4,7,7,6,6,9
S001;S002;S006 | S003;S004;S005;S007;S011;S012;S015 | S008;S009;S010;S013;S014,16,20,6,9,21,51,0.1586330663947008,7,5,4,7,7,6,6,9
S001;S002;S006 | S003;S004;S005;S007;S011;S015 | S008;S009;S010;S012;S013;S014,16,19,6,9,20,50,0.13841939000890485,7,5,4,7,6,6,6,9
S001;S002;S006 | S003;S007;S008;S009;S010;S011;S012;S013;S014 | S004;S005;S015,13,19,6,9,17,47,0.3917784563167823,5,4,4,7,6,6,6,9
S001;S002;S006 | S003;S007;S008;S009;S010;S011;S012;S013;S014;S015 | S004;S005,12,19,6,9,16,46,0.44809567661456917,5,3,4,7,6,6,6,9
S001;S002;S006 | S003;S007;S008;S009;S010;S011;S013;S014 | S004;S005;S012;S015,13,20,6,9,18,48,0.29237895557304605,5,4,4,7,7,6,6,9
S001;S002;S006 | S003;S007;S008;S009;S010;S011;S013;S014;S015 | S004;S005;S012,13,20,6,9,18,48,0.3426478429845547,5,4,4,7,7,6,6,9
S001;S002;S006 | S003;S007;S008;S011 | S004;S005;S009;S010;S012;S013;S014;S015,15,20,6,9,20,50,0.1808346612596295,7,4,4,7,7,6,6,9
S001;S002;S006 | S003;S007;S008;S011;S012 | S004;S005;S009;S010;S013;S014;S015,15,19,6,9,19,49,0.1500820234489066,7,4,4,7,6,6,6,9
S001;S002;S006 | S003;S007;S008;S011;S012;S015 | S004;S005;S009;S010;S013;S014,14,19,6,9,18,48,0.1540669469014348,7,3,4,7,6,6,6,9
S001;S002;S006 | S003;S007;S008;S011;S015 | S004;S005;S009;S010;S012;S013;S014,15,20,6,9,20,50,0.14520275947486222,7,4,4,7,7,6,6,9
S001;S002;S006 | S003;S007;S009;S010;S011;S012;S013;S014 | S004;S005;S008;S015,13,20,6,9,18,48,0.23951466132963087,5,4,4,7,7,6,6,9
S001;S002;S006 | S003;S007;S009;S010;S011;S012;S013;S014;S015 | S004;S005;S008,14,20,6,9,19,49,0.2949254533643224,5,5,4,7,7,6,6,9
S001;S002;S006 | S003;S007;S009;S010;S011;S013;S014 | S004;S005;S008;S012;S015,13,19,6,9,17,47,0.16397877670582645,5,4,4,7,6,6,6,9
S001;S002;S006 | S003;S007;S009;S010;S011;S013;S014;S015 | S004;S005;S008;S012,14,19,6,9,18,48,0.2040072958314311,5,5,4,7,6,6,6,9
S001;S002;S006 | S003;S007;S011 | S004;S005;S008;S009;S010;S012;S013;S014;S015,15,19,6,8,18,48,0.32025359805534764,7,4,4,7,6,6,6,8
S001;S002;S006 | S003;S007;S011;S012 | S004;S005;S008;S009;S010;S013;S014;S015,15,20,6,9,20,50,0.22448840260723288,7,4,4,7,7,6,6,9
S001;S002;S006 | S003;S007;S011;S012;S015 | S004;S005;S008;S009;S010;S013;S014,16,20,6,9,21,51,0.1805558425107421,7,5,4,7,7,6,6,9
S001;S002;S006 | S003;S007;S011;S015 | S004;S005;S008;S009;S010;S012;S013;S014,16,19,6,8,19,49,0.26389579465933155,7,5,4,7,6,6,6,8
S001;S002;S006;S008 | S003;S004;S005;S007;S009;S010;S011;S012;S013;S014 | S015,13,18,6,8,15,45,0.48821588963287904,5,4,4,7,5,6,6,8
S001;S002;S006;S008 | S003;S004;S005;S007;S009;S010;S011;S013;S014 | S012;S015,13,18,6,9,16,46,0.3636050398150407,5,4,4,7,5,6,6,9
S001;S002;S006;S008 | S003;S004;S005;S007;S009;S010;S011;S013;S014;S015 | S012,14,18,6,8,16,46,0.5162768137214948,5,5,4,7,5,6,6,8
S001;S002;S006;S008 | S003;S004;S005;S007;S011 | S009;S010;S012;S013;S014;S015,15,18,6,9,18,48,0.04677173056705992,7,4,4,7,5,6,6,9
S001;S002;S006;S008 | S003;S004;S005;S007;S011;S012 | S009;S010;S013;S014;S015,15,18,6,9,18,48,0.09543329617851853,7,4,4,7,5,6,6,9
S001;S002;S006;S008 | S003;S004;S005;S007;S011;S012;S015 | S009;S010;S013;S014,15,18,6,9,18,48,0.15179486556410612,7,4,4,7,5,6,6,9
S001;S002;S006;S008 | S003;S004;S005;S007;S011;S015 | S009;S010;S012;S013;S014,16,18,6,9,19,49,0.06535078557473983,7,5,4,7,5,6,6,9
S001;S002;S006;S008 | S003;S007;S009;S010;S011;S012;S013;S014 | S004;S005;S015,13,18,6,9,16,46,0.2740699225986585,5,4,4,7,5,6,6,9
S001;S002;S006;S008 | S003;S007;S009;S010;S011;S012;S013;S014;S015 | S004;S005,13,18,6,9,16,46,0.3325466047026082,5,4,4,7,5,6,6,9
S001;S002;S006;S008 | S003;S007;S009;S010;S011;S013;S014 | S004;S005;S012;S015,13,18,6,9,16,46,0.15623458570416002,5,4,4,7,5,6,6,9
S001;S002;S006;S008 | S003;S007;S009;S010;S011;S013;S014;S015 | S004;S005;S012,14,18,6,9,17,47,0.21295391876216221,5,5,4,7,5,6,6,9
S001;S002;S006;S008 | S003;S007;S011 | S004;S005;S009;S010;S012;S013;S014;S015,15,18,6,8,17,47,0.2322094163975783,7,4,4,7,5,6,6,8
S001;S002;S006;S008 | S003;S007;S011;S012 | S004;S005;S009;S010;S013;S014;S015,15,18,6,9,18,48,0.1155959736968116,7,4,4,7,5,6,6,9
S001;S002;S006;S008 | S003;S007;S011;S012;S015 | S004;S005;S009;S010;S013;S014,15,18,6,9,18,48,0.05993725557575696,7,4,4,7,5,6,6,9
S001;S002;S006;S008 | S003;S007;S011;S015 | S004;S005;S009;S010;S012;S013;S014,16,18,6,8,18,48,0.17457784787659686,7,5,4,7,5,6,6,8
S001;S002;S006;S008;S009;S010;S012;S013;S014 | S003;S004;S005;S007;S011 | S015,14,18,6,8,16,46,0.5041025873883701,6,4,4,7,5,6,6,8
S001;S002;S006;S008;S009;S010;S012;S013;S014 | S003;S007;S011 | S004;S005;S015,14,18,6,8,16,46,0.4403490907772078,6,4,4,7,5,6,6,8
S001;S002;S006;S008;S009;S010;S012;S013;S014 | S003;S007;S011;S015 | S004;S005,14,18,6,8,16,46,0.4476638060167396,6,4,4,7,5,6,6,8
S001;S002;S006;S008;S009;S010;S012;S013;S014;S015 | S003;S007;S011 | S004;S005,13,17,6,8,14,44,0.49584616464897,6,3,4,7,4,6,6,8
S001;S002;S006;S008;S009;S010;S013;S014 | S003;S004;S005;S007;S011 | S012;S015,14,18,6,9,17,47,0.3772353711428601,6,4,4,7,5,6,6,9
S001;S002;S006;S008;S009;S010;S013;S014 | S003;S004;S005;S007;S011;S012 | S015,14,18,6,8,16,46,0.46478062763205175,6,4,4,7,5,6,6,8
S001;S002;S006;S008;S009;S010;S013;S014 | S003;S004;S005;S007;S011;S015 | S012,15,18,6,8,17,47,0.5046421861563941,6,5,4,7,5,6,6,8
S001;S002;S006;S008;S009;S010;S013;S014 | S003;S007;S011 | S004;S005;S012;S015,14,18,6,8,16,46,0.3465586306946139,6,4,4,7,5,6,6,8
S001;S002;S006;S008;S009;S010;S013;S014 | S003;S007;S011;S012 | S004;S005;S015,14,18,6,9,17,47,0.3559745193424483,6,4,4,7,5,6,6,9
S001;S002;S006;S008;S009;S010;S013;S014 | S003;S007;S011;S012;S015 | S004;S005,14,18,6,9,17,47,0.37673228966335437,6,4,4,7,5,6,6,9
S001;S002;S006;S008;S009;S010;S013;S014 | S003;S007;S011;S015 | S004;S005;S012,15,18,6,8,17,47,0.3419395539953482,6,5,4,7,5,6,6,8
S001;S002;S006;S008;S009;S010;S013;S014;S015 | S003;S004;S005;S007;S011 | S012,14,18,6,8,16,46,0.5323137388804516,6,4,4,7,5,6,6,8
S001;S002;S006;S008;S009;S010;S013;S014;S015 | S003;S007;S011 | S004;S005;S012,14,18,6,8,16,46,0.39406738229956423,6,4,4,7,5,6,6,8
S001;S002;S006;S008;S009;S010;S013;S014;S015 | S003;S007;S011;S012 | S004;S005,13,18,6,9,16,46,0.41364098986045794,6,3,4,7,5,6,6,9
S001;S002;S006;S008;S012 | S003;S004;S005;S007;S009;S010;S011;S013;S014 | S015,13,18,6,8,15,45,0.4654291712528841,5,4,4,7,5,6,6,8
S001;S002;S006;S008;S012 | S003;S004;S005;S007;S011 | S009;S010;S013;S014;S015,15,18,6,9,18,48,0.10169798984714218,7,4,4,7,5,6,6,9
S001;S002;S006;S008;S012 | S003;S004;S005;S007;S011;S015 | S009;S010;S013;S014,15,18,6,9,18,48,0.12709588307768552,7,4,4,7,5,6,6,9
S001;S002;S006;S008;S012 | S003;S007;S009;S010;S011;S013;S014 | S004;S005;S015,13,18,6,9,16,46,0.25881581077524307,5,4,4,7,5,6,6,9
S001;S002;S006;S008;S012 | S003;S007;S009;S010;S011;S013;S014;S015 | S004;S005,13,18,6,9,16,46,0.31421456645403184,5,4,4,7,5,6,6,9
S001;S002;S006;S008;S012 | S003;S007;S011 | S004;S005;S009;S010;S013;S014;S015,15,18,6,8,17,47,0.22016892730702703,7,4,4,7,5,6,6,8
S001;S002;S006;S008;S012 | S003;S007;S011;S015 | S004;S005;S009;S010;S013;S014,15,18,6,8,17,47,0.169582783378492,7,4,4,7,5,6,6,8
S001;S002;S006;S008;S012;S015 | S003;S004;S005;S007;S011 | S009;S010;S013;S014,14,17,6,9,16,46,0.1588097517336662,7,3,4,7,4,6,6,9
S001;S002;S006;S008;S012;S015 | S003;S007;S009;S010;S011;S013;S014 | S004;S005,12,17,6,9,14,44,0.3079461377711311,5,3,4,7,4,6,6,9
S001;S002;S006;S008;S012;S015 | S003;S007;S011 | S004;S005;S009;S010;S013;S014,14,17,6,8,15,45,0.22491988221041595,7,3,4,7,4,6,6,8
S001;S002;S006;S008;S015 | S003;S004;S005;S007;S009;S010;S011;S013;S014 | S012,13,18,6,8,15,45,0.49538946346157753,5,4,4,7,5,6,6,8
S001;S002;S006;S008;S015 | S003;S004;S005;S007;S011 | S009;S010;S012;S013;S014,15,18,6,9,18,48,0.09803135704609177,7,4,4,7,5,6,6,9
S001;S002;S006;S008;S015 | S003;S004;S005;S007;S011;S012 | S009;S010;S013;S014,14,18,6,9,17,47,0.13950487482672574,7,3,4,7,5,6,6,9
S001;S002;S006;S008;S015 | S003;S007;S009;S010;S011;S012;S013;S014 | S004;S005,12,18,6,9,15,45,0.3150107464401737,5,3,4,7,5,6,6,9
S001;S002;S006;S008;S015 | S003;S007;S009;S010;S011;S013;S014 | S004;S005;S012,13,18,6,9,16,46,0.19561779348519276,5,4,4,7,5,6,6,9
S001;S002;S006;S008;S015 | S003;S007;S011 | S004;S005;S009;S010;S012;S013;S014,15,18,6,8,17,47,0.22040940543231305,7,4,4,7,5,6,6,8
S001;S002;S006;S008;S015 | S003;S007;S011;S012 | S004;S005;S009;S010;S013;S014,14,18,6,9,17,47,0.10892412200836535,7,3,4,7,5,6,6,9
S001;S002;S006;S009;S010;S012;S013;S014 | S003;S004;S005;S007;S008;S011 | S015,15,20,6,8,19,49,0.43407804737605404,6,5,4,7,7,6,6,8
S001;S002;S006;S009;S010;S012;S013;S014 | S003;S004;S005;S007;S011 | S008;S015,15,20,6,9,20,50,0.2963299562729094,6,5,4,7,7,6,6,9
S001;S002;S006;S009;S010;S012;S013;S014 | S003;S004;S005;S007;S011;S015 | S008,16,20,6,8,20,50,0.41108783503951535,6,6,4,7,7,6,6,8
S001;S002;S006;S009;S010;S012;S013;S014 | S003;S007;S008;S011 | S004;S005;S015,15,20,6,9,20,50,0.28877515328467807,6,5,4,7,7,6,6,9
S001;S002;S006;S009;S010;S012;S013;S014 | S003;S007;S008;S011;S015 | S004;S005,14,20,6,9,19,49,0.3204042540378541,6,4,4,7,7,6,6,9
S001;S002;S006;S009;S010;S012;S013;S014 | S003;S007;S011 | S004;S005;S008;S015,15,20,6,8,19,49,0.2938590950287831,6,5,4,7,7,6,6,8
S001;S002;S006;S009;S010;S012;S013;S014 | S003;S007;S011;S015 | S004;S005;S008,16,20,6,8,20,50,0.29079692409061453,6,6,4,7,7,6,6,8
S001;S002;S006;S009;S010;S012;S013;S014;S015 | S003;S004;S005;S007;S011 | S008,15,19,6,8,18,48,0.4356408101435078,6,5,4,7,6,6,6,8
S001;S002;S006;S009;S010;S012;S013;S014;S015 | S003;S007;S008;S011 | S004;S005,14,19,6,9,18,48,0.35010705651483814,6,4,4,7,6,6,6,9
S001;S002;S006;S009;S010;S012;S013;S014;S015 | S003;S007;S011 | S004;S005;S008,15,19,6,8,18,48,0.3454579529717084,6,5,4,7,6,6,6,8
S001;S002;S006;S009;S010;S013;S014 | S003;S004;S005;S007;S008;S011 | S012;S015,14,20,6,9,19,49,0.3017944859106238,6,4,4,7,7,6,6,9
S001;S002;S006;S009;S010;S013;S014 | S003;S004;S005;S007;S008;S011;S012 | S015,14,19,6,8,17,47,0.4364052809906658,6,4,4,7,6,6,6,8
S001;S002;S006;S009;S010;S013;S014 | S003;S004;S005;S007;S008;S011;S015 | S012,14,20,6,8,18,48,0.4571395940977297,6,4,4,7,7,6,6,8
S001;S002;S006;S009;S010;S013;S014 | S003;S004;S005;S007;S011 | S008;S012;S015,14,19,6,9,18,48,0.17889545568851983,6,4,4,7,6,6,6,9
S001;S002;S006;S009;S010;S013;S014 | S003;S004;S005;S007;S011;S012 | S008;S015,14,20,6,9,19,49,0.2731873259703131,6,4,4,7,7,6,6,9
S001;S002;S006;S009;S010;S013;S014 | S003;S004;S005;S007;S011;S012;S015 | S008,15,20,6,8,19,49,0.40293718903659104,6,5,4,7,7,6,6,8
S001;S002;S006;S009;S010;S013;S014 | S003;S004;S005;S007;S011;S015 | S008;S012,15,19,6,9,19,49,0.2062130497625777,6,5,4,7,6,6,6,9
S001;S002;S006;S009;S010;S013;S014 | S003;S007;S008;S011 | S004;S005;S012;S015,14,20,6,9,19,49,0.1742800821164228,6,4,4,7,7,6,6,9
S001;S002;S006;S009;S010;S013;S014 | S003;S007;S008;S011;S012 | S004;S005;S015,14,19,6,9,18,48,0.26091243073225545,6,4,4,7,6,6,6,9
S001;S002;S006;S009;S010;S013;S014 | S003;S007;S008;S011;S012;S015 | S004;S005,13,19,6,9,17,47,0.3084008931654218,6,3,4,7,6,6,6,9
S001;S002;S006;S009;S010;S013;S014 | S003;S007;S008;S011;S015 | S004;S005;S012,14,20,6,9,19,49,0.19753423966702188,6,4,4,7,7,6,6,9
S001;S002;S006;S009;S010;S013;S014 | S003;S007;S011 | S004;S005;S008;S012;S015,14,19,6,8,17,47,0.23136531021801846,6,4,4,7,6,6,6,8
S001;S002;S006;S009;S010;S013;S014 | S003;S007;S011;S012 | S004;S005;S008;S015,14,20,6,9,19,49,0.19855283645985367,6,4,4,7,7,6,6,9
S001;S002;S006;S009;S010;S013;S014 | S003;S007;S011;S012;S015 | S004;S005;S008,15,20,6,9,20,50,0.21801127012679317,6,5,4,7,7,6,6,9
S001;S002;S006;S009;S010;S013;S014 | S003;S007;S011;S015 | S004;S005;S008;S012,15,19,6,8,18,48,0.20522328122808828,6,5,4,7,6,6,6,8
S001;S002;S006;S009;S010;S013;S014;S015 | S003;S004;S005;S007;S008;S011 | S012,14,19,6,8,17,47,0.46516959062685276,6,4,4,7,6,6,6,8
S001;S002;S006;S009;S010;S013;S014;S015 | S003;S004;S005;S007;S011 | S008;S012,14,18,6,9,17,47,0.23727695023501183,6,4,4,7,5,6,6,9
S001;S002;S006;S009;S010;S013;S014;S015 | S003;S004;S005;S007;S011;S012 | S008,14,19,6,8,17,47,0.40911936258156195,6,4,4,7,6,6,6,8
S001;S002;S006;S009;S010;S013;S014;S015 | S003;S007;S008;S011 | S004;S005;S012,14,19,6,9,18,48,0.23180446407544184,6,4,4,7,6,6,6,9
S001;S002;S006;S009;S010;S013;S014;S015 | S003;S007;S008;S011;S012 | S004;S005,13,18,6,9,16,46,0.3172220859926953,6,3,4,7,5,6,6,9
S001;S002;S006;S009;S010;S013;S014;S015 | S003;S007;S011 | S004;S005;S008;S012,14,18,6,8,16,46,0.2651161220957275,6,4,4,7,5,6,6,8
S001;S002;S006;S009;S010;S013;S014;S015 | S003;S007;S011;S012 | S004;S005;S008,14,19,6,9,18,48,0.25678664025646025,6,4,4,7,6,6,6,9
S001;S002;S006;S012 | S003;S004;S005;S007;S008;S009;S010;S011;S013;S014 | S015,14,20,6,8,18,48,0.5370528126291588,5,5,4,7,7,6,6,8
S001;S002;S006;S012 | S003;S004;S005;S007;S008;S011 | S009;S010;S013;S014;S015,16,20,6,9,21,51,0.10173893120774416,7,5,4,7,7,6,6,9
S001;S002;S006;S012 | S003;S004;S005;S007;S008;S011;S015 | S009;S010;S013;S014,15,20,6,9,20,50,0.15670463310253926,7,4,4,7,7,6,6,9
S001;S002;S006;S012 | S003;S004;S005;S007;S009;S010;S011;S013;S014 | S008;S015,14,20,6,9,19,49,0.3621335367382266,5,5,4,7,7,6,6,9
S001;S002;S006;S012 | S003;S004;S005;S007;S009;S010;S011;S013;S014;S015 | S008,15,20,6,8,19,49,0.49233631581553156,5,6,4,7,7,6,6,8
S001;S002;S006;S012 | S003;S004;S005;S007;S011 | S008;S009;S010;S013;S014;S015,16,20,6,9,21,51,0.10886571278832032,7,5,4,7,7,6,6,9
S001;S002;S006;S012 | S003;S004;S005;S007;S011;S015 | S008;S009;S010;S013;S014,17,20,6,9,22,52,0.07639483645212464,7,6,4,7,7,6,6,9
S001;S002;S006;S012 | S003;S007;S008;S009;S010;S011;S013;S014 | S004;S005;S015,14,20,6,9,19,49,0.34663419544820034,5,5,4,7,7,6,6,9
S001;S002;S006;S012 | S003;S007;S008;S009;S010;S011;S013;S014;S015 | S004;S005,13,20,6,9,18,48,0.40463179566042445,5,4,4,7,7,6,6,9
S001;S002;S006;S012 | S003;S007;S008;S011 | S004;S005;S009;S010;S013;S014;S015,16,20,6,9,21,51,0.12104181423678437,7,5,4,7,7,6,6,9
S001;S002;S006;S012 | S003;S007;S008;S011;S015 | S004;S005;S009;S010;S013;S014,15,20,6,9,20,50,0.0822285801975886,7,4,4,7,7,6,6,9
S001;S002;S006;S012 | S003;S007;S009;S010;S011;S013;S014 | S004;S005;S008;S015,14,20,6,9,19,49,0.18804816160383264,5,5,4,7,7,6,6,9
S001;S002;S006;S012 | S003;S007;S009;S010;S011;S013;S014;S015 | S004;S005;S008,15,20,6,9,20,50,0.24702057871742272,5,6,4,7,7,6,6,9
S001;S002;S006;S012 | S003;S007;S011 | S004;S005;S008;S009;S010;S013;S014;S015,16,20,6,8,20,50,0.2735654898365968,7,5,4,7,7,6,6,8
S001;S002;S006;S012 | S003;S007;S011;S015 | S004;S005;S008;S009;S010;S013;S014,17,20,6,8,21,51,0.21418075409339443,7,6,4,7,7,6,6,8
S001;S002;S006;S012;S015 | S003;S004;S005;S007;S008;S011 | S009;S010;S013;S014,15,19,6,9,19,49,0.11657541774566055,7,4,4,7,6,6,6,9
S001;S002;S006;S012;S015 | S003;S004;S005;S007;S009;S010;S011;S013;S014 | S008,14,19,6,8,17,47,0.4595413714501204,5,5,4,7,6,6,6,8
S001;S002;S006;S012;S015 | S003;S004;S005;S007;S011 | S008;S009;S010;S013;S014,16,19,6,9,20,50,0.05546972188725507,7,5,4,7,6,6,6,9
S001;S002;S006;S012;S015 | S003;S007;S008;S009;S010;S011;S013;S014 | S004;S005,13,19,6,9,17,47,0.36901762908324826,5,4,4,7,6,6,6,9
S001;S002;S006;S012;S015 | S003;S007;S008;S011 | S004;S005;S009;S010;S013;S014,15,19,6,9,19,49,0.07027988983374406,7,4,4,7,6,6,6,9
S001;S002;S006;S012;S015 | S003;S007;S009;S010;S011;S013;S014 | S004;S005;S008,14,19,6,9,18,48,0.21053952274873078,5,5,4,7,6,6,6,9
S001;S002;S006;S012;S015 | S003;S007;S011 | S004;S005;S008;S009;S010;S013;S014,16,19,6,8,19,49,0.23768043308148784,7,5,4,7,6,6,6,8
S001;S002;S006;S015 | S003;S004;S005;S007;S008;S009;S010;S011;S013;S014 | S012,13,19,6,8,16,46,0.5667144705933735,5,4,4,7,6,6,6,8
S001;S002;S006;S015 | S003;S004;S005;S007;S008;S011 | S009;S010;S012;S013;S014,15,19,6,9,19,49,0.10197031920055034,7,4,4,7,6,6,6,9
S001;S002;S006;S015 | S003;S004;S005;S007;S008;S011;S012 | S009;S010;S013;S014,14,18,6,9,17,47,0.20627680769871823,7,3,4,7,5,6,6,9
S001;S002;S006;S015 | S003;S004;S005;S007;S009;S010;S011;S012;S013;S014 | S008,13,19,6,8,16,46,0.4946853370435146,5,4,4,7,6,6,6,8
S001;S002;S006;S015 | S003;S004;S005;S007;S009;S010;S011;S013;S014 | S008;S012,13,18,6,9,16,46,0.3116801911916522,5,4,4,7,5,6,6,9
S001;S002;S006;S015 | S003;S004;S005;S007;S011 | S008;S009;S010;S012;S013;S014,15,18,6,9,18,48,0.11257395159978423,7,4,4,7,5,6,6,9
S001;S002;S006;S015 | S003;S004;S005;S007;S011;S012 | S008;S009;S010;S013;S014,15,19,6,9,19,49,0.10296802294212112,7,4,4,7,6,6,6,9
S001;S002;S006;S015 | S003;S007;S008;S009;S010;S011;S012;S013;S014 | S004;S005,12,18,6,9,15,45,0.4071625621208466,5,3,4,7,5,6,6,9
S001;S002;S006;S015 | S003;S007;S008;S009;S010;S011;S013;S014 | S004;S005;S012,13,19,6,9,17,47,0.29725504894934673,5,4,4,7,6,6,6,9
S001;S002;S006;S015 | S003;S007;S008;S011 | S004;S005;S009;S010;S012;S013;S014,15,19,6,9,19,49,0.12463471792200329,7,4,4,7,6,6,6,9
S001;S002;S006;S015 | S003;S007;S008;S011;S012 | S004;S005;S009;S010;S013;S014,14,18,6,9,17,47,0.10022317141722124,7,3,4,7,5,6,6,9
S001;S002;S006;S015 | S003;S007;S009;S010;S011;S012;S013;S014 | S004;S005;S008,13,19,6,9,17,47,0.2497505910414146,5,4,4,7,6,6,6,9
S001;S002;S006;S015 | S003;S007;S009;S010;S011;S013;S014 | S004;S005;S008;S012,13,18,6,9,16,46,0.14995532718590845,5,4,4,7,5,6,6,9
S001;S002;S006;S015 | S003;S007;S011 | S004;S005;S008;S009;S010;S012;S013;S014,15,18,6,8,17,47,0.2762297747558626,7,4,4,7,5,6,6,8
S001;S002;S006;S015 | S003;S007;S011;S012 | S004;S005;S008;S009;S010;S013;S014,15,19,6,9,19,49,0.17242482348894017,7,4,4,7,6,6,6,9
S001;S002;S008 | S003;S004;S005;S006;S007;S009;S010;S011;S012;S013;S014 | S015,12,17,6,8,13,43,0.5083991681753052,5,4,3,7,5,5,6,8
S001;S002;S008 | S003;S004;S005;S006;S007;S009;S010;S011;S013;S014 | S012;S015,12,17,6,9,14,44,0.3850768939052434,5,4,3,7,5,5,6,9
S001;S002;S008 | S003;S004;S005;S006;S007;S009;S010;S011;S013;S014;S015 | S012,13,17,6,8,14,44,0.5359174392025987,5,5,3,7,5,5,6,8
S001;S002;S008 | S003;S004;S005;S006;S007;S011 | S009;S010;S012;S013;S014;S015,14,17,6,9,16,46,0.012267394137257364,7,4,3,7,5,5,6,9
S001;S002;S008 | S003;S004;S005;S006;S007;S011;S012 | S009;S010;S013;S014;S015,14,17,6,9,16,46,0.11677514761787247,7,4,3,7,5,5,6,9
S001;S002;S008 | S003;S004;S005;S006;S007;S011;S012;S015 | S009;S010;S013;S014,14,17,6,9,16,46,0.1732431833627,7,4,3,7,5,5,6,9
S001;S002;S008 | S003;S004;S005;S006;S007;S011;S015 | S009;S010;S012;S013;S014,15,17,6,9,17,47,0.06974272921661581,7,5,3,7,5,5,6,9
S001;S002;S008 | S003;S004;S005;S007;S009;S010;S011;S012;S013;S014 | S006;S015,13,18,6,8,15,45,0.46392838077755205,5,4,4,7,5,6,6,8
S001;S002;S008 | S003;S004;S005;S007;S009;S010;S011;S012;S013;S014;S015 | S006,13,18,4,6,11,41,0.7225250739928373,5,4,4,7,5,6,4,6
S001;S002;S008 | S003;S004;S005;S007;S009;S010;S011;S013;S014 | S006;S012;S015,13,18,6,9,16,46,0.34227952712243964,5,4,4,7,5,6,6,9
S001;S002;S008 | S003;S004;S005;S007;S009;S010;S011;S013;S014;S015 | S006;S012,14,18,6,8,16,46,0.4906756319475361,5,5,4,7,5,6,6,8
S001;S002;S008 | S003;S004;S005;S007;S011 | S006;S009;S010;S012;S013;S014;S015,15,18,6,9,18,48,0.0348489241402523,7,4,4,7,5,6,6,9
S001;S002;S008 | S003;S004;S005;S007;S011;S012 | S006;S009;S010;S013;S014;S015,15,18,6,9,18,48,0.07483870580718219,7,4,4,7,5,6,6,9
S001;S002;S008 | S003;S004;S005;S007;S011;S012;S015 | S006;S009;S010;S013;S014,15,18,6,9,18,48,0.13073790877432692,7,4,4,7,5,6,6,9
S001;S002;S008 | S003;S004;S005;S007;S011;S015 | S006;S009;S010;S012;S013;S014,16,18,6,9,19,49,0.02582922732227267,7,5,4,7,5,6,6,9
S001;S002;S008 | S003;S006;S007;S009;S010;S011;S012;S013;S014 | S004;S005;S015,12,17,6,9,14,44,0.29262848136572195,5,4,3,7,5,5,6,9
S001;S002;S008 | S003;S006;S007;S009;S010;S011;S012;S013;S014;S015 | S004;S005,12,17,6,9,14,44,0.35175954693095707,5,4,3,7,5,5,6,9
S001;S002;S008 | S003;S006;S007;S009;S010;S011;S013;S014 | S004;S005;S012;S015,12,17,6,9,14,44,0.17768605405034932,5,4,3,7,5,5,6,9
S001;S002;S008 | S003;S006;S007;S009;S010;S011;S013;S014;S015 | S004;S005;S012,13,17,6,9,15,45,0.2344249513988064,5,5,3,7,5,5,6,9
S001;S002;S008 | S003;S006;S007;S011 | S004;S005;S009;S010;S012;S013;S014;S015,14,17,6,8,15,45,0.20563621656760858,7,4,3,7,5,5,6,8
S001;S002;S008 | S003;S006;S007;S011;S012 | S004;S005;S009;S010;S013;S014;S015,14,17,6,9,16,46,0.09475678872573436,7,4,3,7,5,5,6,9
S001;S002;S008 | S003;S006;S007;S011;S012;S015 | S004;S005;S009;S010;S013;S014,14,17,6,9,16,46,0.04063856258519843,7,4,3,7,5,5,6,9
S001;S002;S008 | S003;S006;S007;S011;S015 | S004;S005;S009;S010;S012;S013;S014,15,17,6,8,16,46,0.14653632448791024,7,5,3,7,5,5,6,8
S001;S002;S008 | S003;S007;S009;S010;S011;S012;S013;S014 | S004;S005;S006;S015,12,17,6,9,14,44,0.24816720926068614,5,4,3,7,5,5,6,9
S001;S002;S008 | S003;S007;S009;S010;S011;S012;S013;S014;S015 | S004;S005;S006,12,17,6,9,14,44,0.3072937627963995,5,4,3,7,5,5,6,9
S001;S002;S008 | S003;S007;S009;S010;S011;S013;S014 | S004;S005;S006;S012;S015,12,17,6,9,14,44,0.13516063289802074,5,4,3,7,5,5,6,9
S001;S002;S008 | S003;S007;S009;S010;S011;S013;S014;S015 | S004;S005;S006;S012,13,17,6,9,15,45,0.19174442402079558,5,5,3,7,5,5,6,9
S001;S002;S008 | S003;S007;S011 | S004;S005;S006;S009;S010;S012;S013;S014;S015,14,17,6,8,15,45,0.2500918220880962,7,4,3,7,5,5,6,8
S001;S002;S008 | S003;S007;S011;S012 | S004;S005;S006;S009;S010;S013;S014;S015,14,17,6,9,16,46,0.1369972562108111,7,4,3,7,5,5,6,9
S001;S002;S008 | S003;S007;S011;S012;S015 | S004;S005;S006;S009;S010;S013;S014,14,17,6,9,16,46,0.08096724888491842,7,4,3,7,5,5,6,9
S001;S002;S008 | S003;S007;S011;S015 | S004;S005;S006;S009;S010;S012;S013;S014,15,17,6,8,16,46,0.1909756593291377,7,5,3,7,5,5,6,8
S001;S002;S008;S009;S010;S012;S013;S014 | S003;S004;S005;S006;S007;S011 | S015,13,17,6,8,14,44,0.4821158284310513,6,4,3,7,5,5,6,8
S001;S002;S008;S009;S010;S012;S013;S014 | S003;S004;S005;S007;S011 | S006;S015,14,18,6,8,16,46,0.4578876669930779,6,4,4,7,5,6,6,8
S001;S002;S008;S009;S010;S012;S013;S014 | S003;S004;S005;S007;S011;S015 | S006,14,18,4,6,12,42,0.7004116319259293,6,4,4,7,5,6,4,6
S001;S002;S008;S009;S010;S012;S013;S014 | S003;S006;S007;S011 | S004;S005;S015,13,17,6,8,14,44,0.4023160022407072,6,4,3,7,5,5,6,8
S001;S002;S008;S009;S010;S012;S013;S014 | S003;S006;S007;S011;S015 | S004;S005,13,17,6,8,14,44,0.41375658990778014,6,4,3,7,5,5,6,8
S001;S002;S008;S009;S010;S012;S013;S014 | S003;S007;S011 | S004;S005;S006;S015,13,17,6,8,14,44,0.3997679679795602,6,4,3,7,5,5,6,8
S001;S002;S008;S009;S010;S012;S013;S014 | S003;S007;S011;S015 | S004;S005;S006,13,17,6,8,14,44,0.40431324629239546,6,4,3,7,5,5,6,8
S001;S002;S008;S009;S010;S012;S013;S014;S015 | S003;S004;S005;S007;S011 | S006,13,17,4,6,10,40,0.7255993027426937,6,3,4,7,4,6,4,6
S001;S002;S008;S009;S010;S012;S013;S014;S015 | S003;S006;S007;S011 | S004;S005,12,16,6,8,12,42,0.4593184890069566,6,3,3,7,4,5,6,8
S001;S002;S008;S009;S010;S012;S013;S014;S015 | S003;S007;S011 | S004;S005;S006,12,16,6,8,12,42,0.45397020644873254,6,3,3,7,4,5,6,8
S001;S002;S008;S009;S010;S013;S014 | S003;S004;S005;S006;S007;S011 | S012;S015,13,17,6,9,15,45,0.35359814144281526,6,4,3,7,5,5,6,9
S001;S002;S008;S009;S010;S013;S014 | S003;S004;S005;S006;S007;S011;S012 | S015,13,17,6,8,14,44,0.45349800832753806,6,4,3,7,5,5,6,8
S001;S002;S008;S009;S010;S013;S014 | S003;S004;S005;S006;S007;S011;S015 | S012,14,17,6,8,15,45,0.4881097991091414,6,5,3,7,5,5,6,8
S001;S002;S008;S009;S010;S013;S014 | S003;S004;S005;S007;S011 | S006;S012;S015,14,18,6,9,17,47,0.33295319550721836,6,4,4,7,5,6,6,9
S001;S002;S008;S009;S010;S013;S014 | S003;S004;S005;S007;S011;S012 | S006;S015,14,18,6,8,16,46,0.4214950125858459,6,4,4,7,5,6,6,8
S001;S002;S008;S009;S010;S013;S014 | S003;S004;S005;S007;S011;S012;S015 | S006,14,18,4,6,12,42,0.6712894200286803,6,4,4,7,5,6,4,6
S001;S002;S008;S009;S010;S013;S014 | S003;S004;S005;S007;S011;S015 | S006;S012,15,18,6,8,17,47,0.4579368296690893,6,5,4,7,5,6,6,8
S001;S002;S008;S009;S010;S013;S014 | S003;S006;S007;S011 | S004;S005;S012;S015,13,17,6,8,14,44,0.30533612826081163,6,4,3,7,5,5,6,8
S001;S002;S008;S009;S010;S013;S014 | S003;S006;S007;S011;S012 | S004;S005;S015,13,17,6,9,15,45,0.32674059508720715,6,4,3,7,5,5,6,9
S001;S002;S008;S009;S010;S013;S014 | S003;S006;S007;S011;S012;S015 | S004;S005,13,17,6,9,15,45,0.35298612586972045,6,4,3,7,5,5,6,9
S001;S002;S008;S009;S010;S013;S014 | S003;S006;S007;S011;S015 | S004;S005;S012,14,17,6,8,15,45,0.30443448264541284,6,5,3,7,5,5,6,8
S001;S002;S008;S009;S010;S013;S014 | S003;S007;S011 | S004;S005;S006;S012;S015,13,17,6,8,14,44,0.31345181981326403,6,4,3,7,5,5,6,8
S001;S002;S008;S009;S010;S013;S014 | S003;S007;S011;S012 | S004;S005;S006;S015,13,17,6,9,15,45,0.3129740019744934,6,4,3,7,5,5,6,9
S001;S002;S008;S009;S010;S013;S014 | S003;S007;S011;S012;S015 | S004;S005;S006,13,17,6,9,15,45,0.3324630154485927,6,4,3,7,5,5,6,9
S001;S002;S008;S009;S010;S013;S014 | S003;S007;S011;S015 | S004;S005;S006;S012,14,17,6,8,15,45,0.3040417545291986,6,5,3,7,5,5,6,8
S001;S002;S008;S009;S010;S013;S014;S015 | S003;S004;S005;S006;S007;S011 | S012,13,17,6,8,14,44,0.5109298629371252,6,4,3,7,5,5,6,8
S001;S002;S008;S009;S010;S013;S014;S015 | S003;S004;S005;S007;S011 | S006;S012,14,18,6,8,16,46,0.4852342781283682,6,4,4,7,5,6,6,8
S001;S002;S008;S009;S010;S013;S014;S015 | S003;S004;S005;S007;S011;S012 | S006,13,18,4,6,11,41,0.6838434420510906,6,3,4,7,5,6,4,6
S001;S002;S008;S009;S010;S013;S014;S015 | S003;S006;S007;S011 | S004;S005;S012,13,17,6,8,14,44,0.35466313535542787,6,4,3,7,5,5,6,8
S001;S002;S008;S009;S010;S013;S014;S015 | S003;S006;S007;S011;S012 | S004;S005,12,17,6,9,14,44,0.3853699490423835,6,3,3,7,5,5,6,9
S001;S002;S008;S009;S010;S013;S014;S015 | S003;S007;S011 | S004;S005;S006;S012,13,17,6,8,14,44,0.3580187184749162,6,4,3,7,5,5,6,8
S001;S002;S008;S009;S010;S013;S014;S015 | S003;S007;S011;S012 | S004;S005;S006,12,17,6,9,14,44,0.3702335453929746,6,3,3,7,5,5,6,9
S001;S002;S008;S012 | S003;S004;S005;S006;S007;S009;S010;S011;S013;S014 | S015,12,17,6,8,13,43,0.4807628211193383,5,4,3,7,5,5,6,8
S001;S002;S008;S012 | S003;S004;S005;S006;S007;S011 | S009;S010;S013;S014;S015,14,17,6,9,16,46,0.07417670807410108,7,4,3,7,5,5,6,9
S001;S002;S008;S012 | S003;S004;S005;S006;S007;S011;S015 | S009;S010;S013;S014,14,17,6,9,16,46,0.11808257831586795,7,4,3,7,5,5,6,9
S001;S002;S008;S012 | S003;S004;S005;S007;S009;S010;S011;S013;S014 | S006;S015,13,18,6,8,15,45,0.43668742798148436,5,4,4,7,5,6,6,8
S001;S002;S008;S012 | S003;S004;S005;S007;S009;S010;S011;S013;S014;S015 | S006,13,18,4,6,11,41,0.6979585746646578,5,4,4,7,5,6,4,6
S001;S002;S008;S012 | S003;S004;S005;S007;S011 | S006;S009;S010;S013;S014;S015,15,18,6,9,18,48,0.061342899170193144,7,4,4,7,5,6,6,9
S001;S002;S008;S012 | S003;S004;S005;S007;S011;S015 | S006;S009;S010;S013;S014,15,18,6,9,18,48,0.0833270946948612,7,4,4,7,5,6,6,9
S001;S002;S008;S012 | S003;S006;S007;S009;S010;S011;S013;S014 | S004;S005;S015,12,17,6,9,14,44,0.26813494167411317,5,4,3,7,5,5,6,9
S001;S002;S008;S012 | S003;S006;S007;S009;S010;S011;S013;S014;S015 | S004;S005,12,17,6,9,14,44,0.3259937817442142,5,4,3,7,5,5,6,9
S001;S002;S008;S012 | S003;S006;S007;S011 | S004;S005;S009;S010;S013;S014;S015,14,17,6,8,15,45,0.18448903966128521,7,4,3,7,5,5,6,8
S001;S002;S008;S012 | S003;S006;S007;S011;S015 | S004;S005;S009;S010;S013;S014,14,17,6,8,15,45,0.13019446434729195,7,4,3,7,5,5,6,8
S001;S002;S008;S012 | S003;S007;S009;S010;S011;S013;S014 | S004;S005;S006;S015,12,17,6,9,14,44,0.22506682094286745,5,4,3,7,5,5,6,9
S001;S002;S008;S012 | S003;S007;S009;S010;S011;S013;S014;S015 | S004;S005;S006,12,17,6,9,14,44,0.2824355056102404,5,4,3,7,5,5,6,9
S001;S002;S008;S012 | S003;S007;S011 | S004;S005;S006;S009;S010;S013;S014;S015,14,17,6,8,15,45,0.22691998671189512,7,4,3,7,5,5,6,8
S001;S002;S008;S012 | S003;S007;S011;S015 | S004;S005;S006;S009;S010;S013;S014,14,17,6,8,15,45,0.1707226268294008,7,4,3,7,5,5,6,8
S001;S002;S008;S012;S015 | S003;S004;S005;S006;S007;S011 | S009;S010;S013;S014,13,16,6,9,14,44,0.13322841739960842,7,3,3,7,4,5,6,9
S001;S002;S008;S012;S015 | S003;S004;S005;S007;S009;S010;S011;S013;S014 | S006,12,17,4,6,9,39,0.6806781135514203,5,3,4,7,4,6,4,6
S001;S002;S008;S012;S015 | S003;S004;S005;S007;S011 | S006;S009;S010;S013;S014,14,17,6,9,16,46,0.11567259630540398,7,3,4,7,4,6,6,9
S001;S002;S008;S012;S015 | S003;S006;S007;S009;S010;S011;S013;S014 | S004;S005,11,16,6,9,12,42,0.3116265679989829,5,3,3,7,4,5,6,9
S001;S002;S008;S012;S015 | S003;S006;S007;S011 | S004;S005;S009;S010;S013;S014,13,16,6,8,13,43,0.18308570040420497,7,3,3,7,4,5,6,8
S001;S002;S008;S012;S015 | S003;S007;S009;S010;S011;S013;S014 | S004;S005;S006,11,16,6,9,12,42,0.27062781804705144,5,3,3,7,4,5,6,9
S001;S002;S008;S012;S015 | S003;S007;S011 | S004;S005;S006;S009;S010;S013;S014,13,16,6,8,13,43,0.21987819214741666,7,3,3,7,4,5,6,8
S001;S002;S008;S015 | S003;S004;S005;S006;S007;S009;S010;S011;S013;S014 | S012,12,17,6,8,13,43,0.5105141897161923,5,4,3,7,5,5,6,8
S001;S002;S008;S015 | S003;S004;S005;S006;S007;S011 | S009;S010;S012;S013;S014,14,17,6,9,16,46,0.07030371411464748,7,4,3,7,5,5,6,9
S001;S002;S008;S015 | S003;S004;S005;S006;S007;S011;S012 | S009;S010;S013;S014,13,17,6,9,15,45,0.14679214179839978,7,3,3,7,5,5,6,9
S001;S002;S008;S015 | S003;S004;S005;S007;S009;S010;S011;S012;S013;S014 | S006,12,18,4,6,10,40,0.699294767695324,5,3,4,7,5,6,4,6
S001;S002;S008;S015 | S003;S004;S005;S007;S009;S010;S011;S013;S014 | S006;S012,13,18,6,8,15,45,0.46573133884068174,5,4,4,7,5,6,6,8
S001;S002;S008;S015 | S003;S004;S005;S007;S011 | S006;S009;S010;S012;S013;S014,15,18,6,9,18,48,0.05810457682887747,7,4,4,7,5,6,6,9
S001;S002;S008;S015 | S003;S004;S005;S007;S011;S012 | S006;S009;S010;S013;S014,14,18,6,9,17,47,0.10521279100537931,7,3,4,7,5,6,6,9
S001;S002;S008;S015 | S003;S006;S007;S009;S010;S011;S012;S013;S014 | S004;S005,11,17,6,9,13,43,0.32728954624507034,5,3,3,7,5,5,6,9
S001;S002;S008;S015 | S003;S006;S007;S009;S010;S011;S013;S014 | S004;S005;S012,12,17,6,9,14,44,0.2073326092864089,5,4,3,7,5,5,6,9
S001;S002;S008;S015 | S003;S006;S007;S011 | S004;S005;S009;S010;S012;S013;S014,14,17,6,8,15,45,0.1852428610740421,7,4,3,7,5,5,6,8
S001;S002;S008;S015 | S003;S006;S007;S011;S012 | S004;S005;S009;S010;S013;S014,13,17,6,9,15,45,0.07098088433976284,7,3,3,7,5,5,6,9
S001;S002;S008;S015 | S003;S007;S009;S010;S011;S012;S013;S014 | S004;S005;S006,11,17,6,9,13,43,0.2836257283859614,5,3,3,7,5,5,6,9
S001;S002;S008;S015 | S003;S007;S009;S010;S011;S013;S014 | S004;S005;S006;S012,12,17,6,9,14,44,0.1650462828014694,5,4,3,7,5,5,6,9
S001;S002;S008;S015 | S003;S007;S011 | S004;S005;S006;S009;S010;S012;S013;S014,14,17,6,8,15,45,0.22791260291027132,7,4,3,7,5,5,6,8
S001;S002;S008;S015 | S003;S007;S011;S012 | S004;S005;S006;S009;S010;S013;S014,13,17,6,9,15,45,0.11128830510432801,7,3,3,7,5,5,6,9
S001;S002;S009;S010;S012;S013;S014 | S003;S004;S005;S006;S007;S008;S011 | S015,14,19,6,8,17,47,0.4267496229000086,6,5,3,7,7,5,6,8
S001;S002;S009;S010;S012;S013;S014 | S003;S004;S005;S006;S007;S011 | S008;S015,14,19,6,9,18,48,0.2751947483983669,6,5,3,7,7,5,6,9
S001;S002;S009;S010;S012;S013;S014 | S003;S004;S005;S006;S007;S011;S015 | S008,15,19,6,8,18,48,0.3985388490584586,6,6,3,7,7,5,6,8
S001;S002;S009;S010;S012;S013;S014 | S003;S004;S005;S007;S008;S011 | S006;S015,15,20,6,8,19,49,0.3890262114709866,6,5,4,7,7,6,6,8
S001;S002;S009;S010;S012;S013;S014 | S003;S004;S005;S007;S008;S011;S015 | S006,14,20,4,6,14,44,0.6619855505962036,6,4,4,7,7,6,4,6
S001;S002;S009;S010;S012;S013;S014 | S003;S004;S005;S007;S011 | S006;S008;S015,15,20,6,9,20,50,0.2501240617291184,6,5,4,7,7,6,6,9
S001;S002;S009;S010;S012;S013;S014 | S003;S004;S005;S007;S011;S015 | S006;S008,16,20,6,8,20,50,0.3637592615734359,6,6,4,7,7,6,6,8
S001;S002;S009;S010;S012;S013;S014 | S003;S006;S007;S008;S011 | S004;S005;S015,14,19,6,9,18,48,0.26561407975420515,6,5,3,7,7,5,6,9
S001;S002;S009;S010;S012;S013;S014 | S003;S006;S007;S008;S011;S015 | S004;S005,13,19,6,9,17,47,0.30440010640393755,6,4,3,7,7,5,6,9
S001;S002;S009;S010;S012;S013;S014 | S003;S006;S007;S011 | S004;S005;S008;S015,14,19,6,8,17,47,0.2499467558805096,6,5,3,7,7,5,6,8
S001;S002;S009;S010;S012;S013;S014 | S003;S006;S007;S011;S015 | S004;S005;S008,15,19,6,8,18,48,0.2523994628673331,6,6,3,7,7,5,6,8
S001;S002;S009;S010;S012;S013;S014 | S003;S007;S008;S011 | S004;S005;S006;S015,14,19,6,9,18,48,0.24269867897870562,6,5,3,7,7,5,6,9
S001;S002;S009;S010;S012;S013;S014 | S003;S007;S008;S011;S015 | S004;S005;S006,13,19,6,9,17,47,0.27446248753678965,6,4,3,7,7,5,6,9
S001;S002;S009;S010;S012;S013;S014 | S003;S007;S011 | S004;S005;S006;S008;S015,14,19,6,8,17,47,0.25853836488272375,6,5,3,7,7,5,6,8
S001;S002;S009;S010;S012;S013;S014 | S003;S007;S011;S015 | S004;S005;S006;S008,15,19,6,8,18,48,0.24905691055371207,6,6,3,7,7,5,6,8
S001;S002;S009;S010;S012;S013;S014;S015 | S003;S004;S005;S006;S007;S011 | S008,14,18,6,8,16,46,0.41638280341564643,6,5,3,7,6,5,6,8
S001;S002;S009;S010;S012;S013;S014;S015 | S003;S004;S005;S007;S008;S011 | S006,14,19,4,6,13,43,0.6698890413806058,6,4,4,7,6,6,4,6
S001;S002;S009;S010;S012;S013;S014;S015 | S003;S004;S005;S007;S011 | S006;S008,15,19,6,8,18,48,0.38728073336879965,6,5,4,7,6,6,6,8
S001;S002;S009;S010;S012;S013;S014;S015 | S003;S006;S007;S008;S011 | S004;S005,13,18,6,9,16,46,0.3269463452410458,6,4,3,7,6,5,6,9
S001;S002;S009;S010;S012;S013;S014;S015 | S003;S006;S007;S011 | S004;S005;S008,14,18,6,8,16,46,0.3040378028541167,6,5,3,7,6,5,6,8
S001;S002;S009;S010;S012;S013;S014;S015 | S003;S007;S008;S011 | S004;S005;S006,13,18,6,9,16,46,0.3039817980023176,6,4,3,7,6,5,6,9
S001;S002;S009;S010;S012;S013;S014;S015 | S003;S007;S011 | S004;S005;S006;S008,14,18,6,8,16,46,0.30624380182184935,6,5,3,7,6,5,6,8
S001;S002;S009;S010;S013;S014 | S003;S004;S005;S006;S007;S008;S011 | S012;S015,13,19,6,9,17,47,0.29703155976064444,6,4,3,7,7,5,6,9
S001;S002;S009;S010;S013;S014 | S003;S004;S005;S006;S007;S008;S011;S012 | S015,13,18,6,8,15,45,0.44151596019814054,6,4,3,7,6,5,6,8
S001;S002;S009;S010;S013;S014 | S003;S004;S005;S006;S007;S008;S011;S015 | S012,13,19,6,8,16,46,0.457065549529845,6,4,3,7,7,5,6,8
S001;S002;S009;S010;S013;S014 | S003;S004;S005;S006;S007;S011 | S008;S012;S015,13,18,6,9,16,46,0.15369434081447983,6,4,3,7,6,5,6,9
S001;S002;S009;S010;S013;S014 | S003;S004;S005;S006;S007;S011;S012 | S008;S015,13,19,6,9,17,47,0.2704883966969425,6,4,3,7,7,5,6,9
S001;S002;S009;S010;S013;S014 | S003;S004;S005;S006;S007;S011;S012;S015 | S008,14,19,6,8,17,47,0.4045154991250498,6,5,3,7,7,5,6,8
S001;S002;S009;S010;S013;S014 | S003;S004;S005;S006;S007;S011;S015 | S008;S012,14,18,6,9,17,47,0.19176187616271143,6,5,3,7,6,5,6,9
S001;S002;S009;S010;S013;S014 | S003;S004;S005;S007;S008;S011 | S006;S012;S015,14,20,6,9,19,49,0.2591123345779635,6,4,4,7,7,6,6,9
S001;S002;S009;S010;S013;S014 | S003;S004;S005;S007;S008;S011;S012 | S006;S015,14,19,6,8,17,47,0.3989610525045849,6,4,4,7,6,6,6,8
S001;S002;S009;S010;S013;S014 | S003;S004;S005;S007;S008;S011;S012;S015 | S006,13,19,4,6,12,42,0.6687530190949461,6,3,4,7,6,6,4,6
S001;S002;S009;S010;S013;S014 | S003;S004;S005;S007;S008;S011;S015 | S006;S012,14,20,6,8,18,48,0.4143728787431341,6,4,4,7,7,6,6,8
S001;S002;S009;S010;S013;S014 | S003;S004;S005;S007;S011 | S006;S008;S012;S015,14,19,6,9,18,48,0.13543035519013025,6,4,4,7,6,6,6,9
S001;S002;S009;S010;S013;S014 | S003;S004;S005;S007;S011;S012 | S006;S008;S015,14,20,6,9,19,49,0.23249692636087407,6,4,4,7,7,6,6,9
S001;S002;S009;S010;S013;S014 | S003;S004;S005;S007;S011;S012;S015 | S006;S008,15,20,6,8,19,49,0.36276367529635534,6,5,4,7,7,6,6,8
S001;S002;S009;S010;S013;S014 | S003;S004;S005;S007;S011;S015 | S006;S008;S012,15,19,6,9,19,49,0.16196045816383586,6,5,4,7,6,6,6,9
S001;S002;S009;S010;S013;S014 | S003;S006;S007;S008;S011 | S004;S005;S012;S015,13,19,6,9,17,47,0.14590169847753415,6,4,3,7,7,5,6,9
S001;S002;S009;S010;S013;S014 | S003;S006;S007;S008;S011;S012 | S004;S005;S015,13,18,6,9,16,46,0.2567164709386882,6,4,3,7,6,5,6,9
S001;S002;S009;S010;S013;S014 | S003;S006;S007;S008;S011;S012;S015 | S004;S005,12,18,6,9,15,45,0.3091433159078418,6,3,3,7,6,5,6,9
S001;S002;S009;S010;S013;S014 | S003;S006;S007;S008;S011;S015 | S004;S005;S012,13,19,6,9,17,47,0.1804548790185959,6,4,3,7,7,5,6,9
S001;S002;S009;S010;S013;S014 | S003;S006;S007;S011 | S004;S005;S008;S012;S015,13,18,6,8,15,45,0.18559686113356397,6,4,3,7,6,5,6,8
S001;S002;S009;S010;S013;S014 | S003;S006;S007;S011;S012 | S004;S005;S008;S015,13,19,6,9,17,47,0.1663684315667053,6,4,3,7,7,5,6,9
S001;S002;S009;S010;S013;S014 | S003;S006;S007;S011;S012;S015 | S004;S005;S008,14,19,6,9,18,48,0.19640804177604715,6,5,3,7,7,5,6,9
S001;S002;S009;S010;S013;S014 | S003;S006;S007;S011;S015 | S004;S005;S008;S012,14,18,6,8,16,46,0.1607011576332489,6,5,3,7,6,5,6,8
S001;S002;S009;S010;S013;S014 | S003;S007;S008;S011 | S004;S005;S006;S012;S015,13,19,6,9,17,47,0.1319695108716435,6,4,3,7,7,5,6,9
S001;S002;S009;S010;S013;S014 | S003;S007;S008;S011;S012 | S004;S005;S006;S015,13,18,6,9,16,46,0.21955274979678505,6,4,3,7,6,5,6,9
S001;S002;S009;S010;S013;S014 | S003;S007;S008;S011;S012;S015 | S004;S005;S006,12,18,6,9,15,45,0.26946019263201043,6,3,3,7,6,5,6,9
S001;S002;S009;S010;S013;S014 | S003;S007;S008;S011;S015 | S004;S005;S006;S012,13,19,6,9,17,47,0.15307433388180017,6,4,3,7,7,5,6,9
S001;S002;S009;S010;S013;S014 | S003;S007;S011 | S004;S005;S006;S008;S012;S015,13,18,6,8,15,45,0.21405780680483677,6,4,3,7,6,5,6,8
S001;S002;S009;S010;S013;S014 | S003;S007;S011;S012 | S004;S005;S006;S008;S015,13,19,6,9,17,47,0.15612536207391065,6,4,3,7,7,5,6,9
S001;S002;S009;S010;S013;S014 | S003;S007;S011;S012;S015 | S004;S005;S006;S008,14,19,6,9,18,48,0.17230448311771251,6,5,3,7,7,5,6,9
S001;S002;S009;S010;S013;S014 | S003;S007;S011;S015 | S004;S005;S006;S008;S012,14,18,6,8,16,46,0.17780735143280244,6,5,3,7,6,5,6,8
S001;S002;S009;S010;S013;S014;S015 | S003;S004;S005;S006;S007;S008;S011 | S012,13,18,6,8,15,45,0.45829537444318696,6,4,3,7,6,5,6,8
S001;S002;S009;S010;S013;S014;S015 | S003;S004;S005;S006;S007;S011 | S008;S012,13,17,6,9,15,45,0.21281045209424546,6,4,3,7,5,5,6,9
S001;S002;S009;S010;S013;S014;S015 | S003;S004;S005;S006;S007;S011;S012 | S008,13,18,6,8,15,45,0.4035946802481592,6,4,3,7,6,5,6,8
S001;S002;S009;S010;S013;S014;S015 | S003;S004;S005;S007;S008;S011 | S006;S012,14,19,6,8,17,47,0.4194887593826936,6,4,4,7,6,6,6,8
S001;S002;S009;S010;S013;S014;S015 | S003;S004;S005;S007;S008;S011;S012 | S006,13,18,4,6,11,41,0.6631842716495538,6,3,4,7,5,6,4,6
S001;S002;S009;S010;S013;S014;S015 | S003;S004;S005;S007;S011 | S006;S008;S012,14,18,6,9,17,47,0.19333207262226076,6,4,4,7,5,6,6,9
S001;S002;S009;S010;S013;S014;S015 | S003;S004;S005;S007;S011;S012 | S006;S008,14,19,6,8,17,47,0.36569872822563854,6,4,4,7,6,6,6,8
S001;S002;S009;S010;S013;S014;S015 | S003;S006;S007;S008;S011 | S004;S005;S012,13,18,6,9,16,46,0.20497960688019565,6,4,3,7,6,5,6,9
S001;S002;S009;S010;S013;S014;S015 | S003;S006;S007;S008;S011;S012 | S004;S005,12,17,6,9,14,44,0.30956012801633853,6,3,3,7,5,5,6,9
S001;S002;S009;S010;S013;S014;S015 | S003;S006;S007;S011 | S004;S005;S008;S012,13,17,6,8,14,44,0.22002469740721464,6,4,3,7,5,5,6,8
S001;S002;S009;S010;S013;S014;S015 | S003;S006;S007;S011;S012 | S004;S005;S008,13,18,6,9,16,46,0.22672147219357278,6,4,3,7,6,5,6,9
S001;S002;S009;S010;S013;S014;S015 | S003;S007;S008;S011 | S004;S005;S006;S012,13,18,6,9,16,46,0.1884538577295931,6,4,3,7,6,5,6,9
S001;S002;S009;S010;S013;S014;S015 | S003;S007;S008;S011;S012 | S004;S005;S006,12,17,6,9,14,44,0.2747673696510228,6,3,3,7,5,5,6,9
S001;S002;S009;S010;S013;S014;S015 | S003;S007;S011 | S004;S005;S006;S008;S012,13,17,6,8,14,44,0.23873298566454937,6,4,3,7,5,5,6,8
S001;S002;S009;S010;S013;S014;S015 | S003;S007;S011;S012 | S004;S005;S006;S008,13,18,6,9,16,46,0.212855163898068,6,4,3,7,6,5,6,9
S001;S002;S012 | S003;S004;S005;S006;S007;S008;S009;S010;S011;S013;S014 | S015,13,19,6,8,16,46,0.5650743508449038,5,5,3,7,7,5,6,8
S001;S002;S012 | S003;S004;S005;S006;S007;S008;S011 | S009;S010;S013;S014;S015,15,19,6,9,19,49,0.14386420051373097,7,5,3,7,7,5,6,9
S001;S002;S012 | S003;S004;S005;S006;S007;S008;S011;S015 | S009;S010;S013;S014,14,19,6,9,18,48,0.1941505058408402,7,4,3,7,7,5,6,9
S001;S002;S012 | S003;S004;S005;S006;S007;S009;S010;S011;S013;S014 | S008;S015,13,19,6,9,17,47,0.39311896556880527,5,5,3,7,7,5,6,9
S001;S002;S012 | S003;S004;S005;S006;S007;S009;S010;S011;S013;S014;S015 | S008,14,19,6,8,17,47,0.5204987612673536,5,6,3,7,7,5,6,8
S001;S002;S012 | S003;S004;S005;S006;S007;S011 | S008;S009;S010;S013;S014;S015,15,19,6,9,19,49,0.12611380671656303,7,5,3,7,7,5,6,9
S001;S002;S012 | S003;S004;S005;S006;S007;S011;S015 | S008;S009;S010;S013;S014,16,19,6,9,20,50,0.11189078954429553,7,6,3,7,7,5,6,9
S001;S002;S012 | S003;S004;S005;S007;S008;S009;S010;S011;S013;S014 | S006;S015,14,20,6,8,18,48,0.5199464760821945,5,5,4,7,7,6,6,8
S001;S002;S012 | S003;S004;S005;S007;S008;S009;S010;S011;S013;S014;S015 | S006,13,20,4,6,13,43,0.7792638358091232,5,4,4,7,7,6,4,6
S001;S002;S012 | S003;S004;S005;S007;S008;S011 | S006;S009;S010;S013;S014;S015,16,20,6,9,21,51,0.11316635950861723,7,5,4,7,7,6,6,9
S001;S002;S012 | S003;S004;S005;S007;S008;S011;S015 | S006;S009;S010;S013;S014,15,20,6,9,20,50,0.15562833296237924,7,4,4,7,7,6,6,9
S001;S002;S012 | S003;S004;S005;S007;S009;S010;S011;S013;S014 | S006;S008;S015,14,20,6,9,19,49,0.3507118284549573,5,5,4,7,7,6,6,9
S001;S002;S012 | S003;S004;S005;S007;S009;S010;S011;S013;S014;S015 | S006;S008,15,20,6,8,19,49,0.4746144799938166,5,6,4,7,7,6,6,8
S001;S002;S012 | S003;S004;S005;S007;S011 | S006;S008;S009;S010;S013;S014;S015,16,20,6,9,21,51,0.15185093165439986,7,5,4,7,7,6,6,9
S001;S002;S012 | S003;S004;S005;S007;S011;S015 | S006;S008;S009;S010;S013;S014,17,20,6,9,22,52,0.12005292222716467,7,6,4,7,7,6,6,9
S001;S002;S012 | S003;S006;S007;S008;S009;S010;S011;S013;S014 | S004;S005;S015,13,19,6,9,17,47,0.3779583050775575,5,5,3,7,7,5,6,9
S001;S002;S012 | S003;S006;S007;S008;S009;S010;S011;S013;S014;S015 | S004;S005,12,19,6,9,16,46,0.4348040178139154,5,4,3,7,7,5,6,9
S001;S002;S012 | S003;S006;S007;S008;S011 | S004;S005;S009;S010;S013;S014;S015,15,19,6,9,19,49,0.13416207318424114,7,5,3,7,7,5,6,9
S001;S002;S012 | S003;S006;S007;S008;S011;S015 | S004;S005;S009;S010;S013;S014,14,19,6,9,18,48,0.1128729791107603,7,4,3,7,7,5,6,9
S001;S002;S012 | S003;S006;S007;S009;S010;S011;S013;S014 | S004;S005;S008;S015,13,19,6,9,17,47,0.22363779160742914,5,5,3,7,7,5,6,9
S001;S002;S012 | S003;S006;S007;S009;S010;S011;S013;S014;S015 | S004;S005;S008,14,19,6,9,18,48,0.2801122915522435,5,6,3,7,7,5,6,9
S001;S002;S012 | S003;S006;S007;S011 | S004;S005;S008;S009;S010;S013;S014;S015,15,19,6,8,18,48,0.2625883234613945,7,5,3,7,7,5,6,8
S001;S002;S012 | S003;S006;S007;S011;S015 | S004;S005;S008;S009;S010;S013;S014,16,19,6,8,19,49,0.2068330839808654,7,6,3,7,7,5,6,8
S001;S002;S012 | S003;S007;S008;S009;S010;S011;S013;S014 | S004;S005;S006;S015,13,19,6,9,17,47,0.3357349570389954,5,5,3,7,7,5,6,9
S001;S002;S012 | S003;S007;S008;S009;S010;S011;S013;S014;S015 | S004;S005;S006,12,19,6,9,16,46,0.3919938227302428,5,4,3,7,7,5,6,9
S001;S002;S012 | S003;S007;S008;S011 | S004;S005;S006;S009;S010;S013;S014;S015,15,19,6,9,19,49,0.16298064472017676,7,5,3,7,7,5,6,9
S001;S002;S012 | S003;S007;S008;S011;S015 | S004;S005;S006;S009;S010;S013;S014,14,19,6,9,18,48,0.12665970249577466,7,4,3,7,7,5,6,9
S001;S002;S012 | S003;S007;S009;S010;S011;S013;S014 | S004;S005;S006;S008;S015,13,19,6,9,17,47,0.1830635769272926,5,5,3,7,7,5,6,9
S001;S002;S012 | S003;S007;S009;S010;S011;S013;S014;S015 | S004;S005;S006;S008,14,19,6,9,18,48,0.2374391492749927,5,6,3,7,7,5,6,9
S001;S002;S012 | S003;S007;S011 | S004;S005;S006;S008;S009;S010;S013;S014;S015,15,19,6,8,18,48,0.3058192925701527,7,5,3,7,7,5,6,8
S001;S002;S012 | S003;S007;S011;S015 | S004;S005;S006;S008;S009;S010;S013;S014,16,19,6,8,19,49,0.24853325549369612,7,6,3,7,7,5,6,8
S001;S002;S012;S015 | S003;S004;S005;S006;S007;S008;S011 | S009;S010;S013;S014,14,18,6,9,17,47,0.14540958452744565,7,4,3,7,6,5,6,9
S001;S002;S012;S015 | S003;S004;S005;S006;S007;S009;S010;S011;S013;S014 | S008,13,18,6,8,15,45,0.4836711558963257,5,5,3,7,6,5,6,8
S001;S002;S012;S015 | S003;S004;S005;S006;S007;S011 | S008;S009;S010;S013;S014,15,18,6,9,18,48,0.06707764117213397,7,5,3,7,6,5,6,9
S001;S002;S012;S015 | S003;S004;S005;S007;S008;S009;S010;S011;S013;S014 | S006,13,19,4,6,12,42,0.7457868362917189,5,4,4,7,6,6,4,6
S001;S002;S012;S015 | S003;S004;S005;S007;S008;S011 | S006;S009;S010;S013;S014,15,19,6,9,19,49,0.10228237967084655,7,4,4,7,6,6,6,9
S001;S002;S012;S015 | S003;S004;S005;S007;S009;S010;S011;S013;S014 | S006;S008,14,19,6,8,17,47,0.43721840080690033,5,5,4,7,6,6,6,8
S001;S002;S012;S015 | S003;S004;S005;S007;S011 | S006;S008;S009;S010;S013;S014,16,19,6,9,20,50,0.09498944267821963,7,5,4,7,6,6,6,9
S001;S002;S012;S015 | S003;S006;S007;S008;S009;S010;S011;S013;S014 | S004;S005,12,18,6,9,15,45,0.3952730658325143,5,4,3,7,6,5,6,9
S001;S002;S012;S015 | S003;S006;S007;S008;S011 | S004;S005;S009;S010;S013;S014,14,18,6,9,17,47,0.0752141946559241,7,4,3,7,6,5,6,9
S001;S002;S012;S015 | S003;S006;S007;S009;S010;S011;S013;S014 | S004;S005;S008,13,18,6,9,16,46,0.23703725988847887,5,5,3,7,6,5,6,9
S001;S002;S012;S015 | S003;S006;S007;S011 | S004;S005;S008;S009;S010;S013;S014,15,18,6,8,17,47,0.21866540613970162,7,5,3,7,6,5,6,8
S001;S002;S012;S015 | S003;S007;S008;S009;S010;S011;S013;S014 | S004;S005;S006,12,18,6,9,15,45,0.3513913041736319,5,4,3,7,6,5,6,9
S001;S002;S012;S015 | S003;S007;S008;S011 | S004;S005;S006;S009;S010;S013;S014,14,18,6,9,17,47,0.10765674537800525,7,4,3,7,6,5,6,9
S001;S002;S012;S015 | S003;S007;S009;S010;S011;S013;S014 | S004;S005;S006;S008,13,18,6,9,16,46,0.19207575360131574,5,5,3,7,6,5,6,9
S001;S002;S012;S015 | S003;S007;S011 | S004;S005;S006;S008;S009;S010;S013;S014,15,18,6,8,17,47,0.26380938784620905,7,5,3,7,6,5,6,8
S001;S002;S015 | S003;S004;S005;S006;S007;S008;S009;S010;S011;S013;S014 | S012,12,18,6,8,14,44,0.5944696736889715,5,4,3,7,6,5,6,8
S001;S002;S015 | S003;S004;S005;S006;S007;S008;S011 | S009;S010;S012;S013;S014,14,18,6,9,17,47,0.14466311477098467,7,4,3,7,6,5,6,9
S001;S002;S015 | S003;S004;S005;S006;S007;S008;S011;S012 | S009;S010;S013;S014,13,17,6,9,15,45,0.24311758218816434,7,3,3,7,5,5,6,9
S001;S002;S015 | S003;S004;S005;S006;S007;S009;S010;S011;S012;S013;S014 | S008,12,18,6,8,14,44,0.5230832550654139,5,4,3,7,6,5,6,8
S001;S002;S015 | S003;S004;S005;S006;S007;S009;S010;S011;S013;S014 | S008;S012,12,17,6,9,14,44,0.3450155646074767,5,4,3,7,5,5,6,9
S001;S002;S015 | S003;S004;S005;S006;S007;S011 | S008;S009;S010;S012;S013;S014,14,17,6,9,16,46,0.12999463748431656,7,4,3,7,5,5,6,9
S001;S002;S015 | S003;S004;S005;S006;S007;S011;S012 | S008;S009;S010;S013;S014,14,18,6,9,17,47,0.14473059051087506,7,4,3,7,6,5,6,9
S001;S002;S015 | S003;S004;S005;S007;S008;S009;S010;S011;S012;S013;S014 | S006,12,18,4,6,10,40,0.7816190425198212,5,3,4,7,5,6,4,6
S001;S002;S015 | S003;S004;S005;S007;S008;S009;S010;S011;S013;S014 | S006;S012,13,19,6,8,16,46,0.5483331297553603,5,4,4,7,6,6,6,8
S001;S002;S015 | S003;S004;S005;S007;S008;S011 | S006;S009;S010;S012;S013;S014,15,19,6,9,19,49,0.11498046017233444,7,4,4,7,6,6,6,9
S001;S002;S015 | S003;S004;S005;S007;S008;S011;S012 | S006;S009;S010;S013;S014,14,18,6,9,17,47,0.2059333680383721,7,3,4,7,5,6,6,9
S001;S002;S015 | S003;S004;S005;S007;S009;S010;S011;S012;S013;S014 | S006;S008,13,19,6,8,16,46,0.4772491358313946,5,4,4,7,6,6,6,8
S001;S002;S015 | S003;S004;S005;S007;S009;S010;S011;S013;S014 | S006;S008;S012,13,18,6,9,16,46,0.3061411590887529,5,4,4,7,5,6,6,9
S001;S002;S015 | S003;S004;S005;S007;S011 | S006;S008;S009;S010;S012;S013;S014,15,18,6,9,18,48,0.155645049220013,7,4,4,7,5,6,6,9
S001;S002;S015 | S003;S004;S005;S007;S011;S012 | S006;S008;S009;S010;S013;S014,15,19,6,9,19,49,0.13684644538563293,7,4,4,7,6,6,6,9
S001;S002;S015 | S003;S006;S007;S008;S009;S010;S011;S012;S013;S014 | S004;S005,11,17,6,9,13,43,0.43755516290527985,5,3,3,7,5,5,6,9
S001;S002;S015 | S003;S006;S007;S008;S009;S010;S011;S013;S014 | S004;S005;S012,12,18,6,9,15,45,0.3310550837047006,5,4,3,7,6,5,6,9
S001;S002;S015 | S003;S006;S007;S008;S011 | S004;S005;S009;S010;S012;S013;S014,14,18,6,9,17,47,0.1380395464028825,7,4,3,7,6,5,6,9
S001;S002;S015 | S003;S006;S007;S008;S011;S012 | S004;S005;S009;S010;S013;S014,13,17,6,9,15,45,0.14048103164000433,7,3,3,7,5,5,6,9
S001;S002;S015 | S003;S006;S007;S009;S010;S011;S012;S013;S014 | S004;S005;S008,12,18,6,9,15,45,0.2831710308572093,5,4,3,7,6,5,6,9
S001;S002;S015 | S003;S006;S007;S009;S010;S011;S013;S014 | S004;S005;S008;S012,12,17,6,9,14,44,0.19034740932314193,5,4,3,7,5,5,6,9
S001;S002;S015 | S003;S006;S007;S011 | S004;S005;S008;S009;S010;S012;S013;S014,14,17,6,8,15,45,0.26570813228357065,7,4,3,7,5,5,6,8
S001;S002;S015 | S003;S006;S007;S011;S012 | S004;S005;S008;S009;S010;S013;S014,14,18,6,9,17,47,0.17676809455866282,7,4,3,7,6,5,6,9
S001;S002;S015 | S003;S007;S008;S009;S010;S011;S012;S013;S014 | S004;S005;S006,11,17,6,9,13,43,0.39482449438244904,5,3,3,7,5,5,6,9
S001;S002;S015 | S003;S007;S008;S009;S010;S011;S013;S014 | S004;S005;S006;S012,12,18,6,9,15,45,0.29256234506874246,5,4,3,7,6,5,6,9
S001;S002;S015 | S003;S007;S008;S011 | S004;S005;S006;S009;S010;S012;S013;S014,14,18,6,9,17,47,0.16670605092701088,7,4,3,7,6,5,6,9
S001;S002;S015 | S003;S007;S008;S011;S012 | S004;S005;S006;S009;S010;S013;S014,13,17,6,9,15,45,0.13719881149012475,7,3,3,7,5,5,6,9
S001;S002;S015 | S003;S007;S009;S010;S011;S012;S013;S014 | S004;S005;S006;S008,12,18,6,9,15,45,0.2406593312865674,5,4,3,7,6,5,6,9
S001;S002;S015 | S003;S007;S009;S010;S011;S013;S014 | S004;S005;S006;S008;S012,12,17,6,9,14,44,0.1586049561606837,5,4,3,7,5,5,6,9
S001;S002;S015 | S003;S007;S011 | S004;S005;S006;S008;S009;S010;S012;S013;S014,14,17,6,8,15,45,0.3087992816744986,7,4,3,7,5,5,6,8
S001;S002;S015 | S003;S007;S011;S012 | S004;S005;S006;S008;S009;S010;S013;S014,14,18,6,9,17,47,0.21125375335927743,7,4,3,7,6,5,6,9
