route,time_s,lon,lat,alt_m,fixedMargin_dB,segment
1,766.186802366527,109.196822531579,23.0272176421053,511.973175048828,-0.25356523009782,2
1,776.130794837612,109.195821673684,23.0277678815789,511.973175048828,-0.503378264476552,2
1,786.074787308698,109.194820815789,23.0283181210526,511.973175048828,-0.746257873394114,2
1,796.018779779784,109.193819957895,23.0288683605263,511.973175048828,-0.98257585069473,2
1,805.96277225087,109.1928191,23.0294186,511.973175048828,-1.21267506940602,2
1,805.96277225087,109.1928191,23.0294186,511.973175048828,-1.21267506940602,3
1,815.304096539374,109.1928191,23.0294186,488.619864327567,-1.20921751813731,3
1,824.645420827879,109.1928191,23.0294186,465.266553606306,-1.20598648163815,3
1,833.986745116383,109.1928191,23.0294186,441.913242885045,-1.20298246781323,3
1,843.328069404888,109.1928191,23.0294186,418.559932163784,-1.20020594967259,3
1,852.669393693392,109.1928191,23.0294186,395.206621442522,-1.19765736508486,3
1,862.010717981897,109.1928191,23.0294186,371.853310721261,-1.19533711654829,3
1,871.352042270401,109.1928191,23.0294186,348.5,-1.1932455709798,3
1,871.352042270401,109.1928191,23.0294186,348.5,-1.1932455709798,4
1,881.352042270401,109.1928191,23.0294186,348.5,-1.1932455709798,4
1,891.352042270401,109.1928191,23.0294186,348.5,-1.1932455709798,4
1,901.352042270401,109.1928191,23.0294186,348.5,-1.1932455709798,4
1,911.352042270401,109.1928191,23.0294186,348.5,-1.1932455709798,4
1,921.352042270401,109.1928191,23.0294186,348.5,-1.1932455709798,4
1,931.352042270401,109.1928191,23.0294186,348.5,-1.1932455709798,4
1,941.352042270401,109.1928191,23.0294186,348.5,-1.1932455709798,4
1,951.352042270401,109.1928191,23.0294186,348.5,-1.1932455709798,4
1,961.352042270401,109.1928191,23.0294186,348.5,-1.1932455709798,4
1,971.352042270401,109.1928191,23.0294186,348.5,-1.1932455709798,4
1,981.352042270401,109.1928191,23.0294186,348.5,-1.1932455709798,4
1,991.352042270401,109.1928191,23.0294186,348.5,-1.1932455709798,4
1,1001.3520422704,109.1928191,23.0294186,348.5,-1.1932455709798,4
1,1011.3520422704,109.1928191,23.0294186,348.5,-1.1932455709798,4
1,1021.3520422704,109.1928191,23.0294186,348.5,-1.1932455709798,4
1,1031.3520422704,109.1928191,23.0294186,348.5,-1.1932455709798,4
1,1041.3520422704,109.1928191,23.0294186,348.5,-1.1932455709798,4
1,1051.3520422704,109.1928191,23.0294186,348.5,-1.1932455709798,4
1,1061.3520422704,109.1928191,23.0294186,348.5,-1.1932455709798,4
1,1071.3520422704,109.1928191,23.0294186,348.5,-1.1932455709798,4
1,1081.3520422704,109.1928191,23.0294186,348.5,-1.1932455709798,4
1,1081.3520422704,109.1928191,23.0294186,348.5,-1.1932455709798,5
1,1090.43388532867,109.1928191,23.0294186,375.745529174805,-1.19570795195435,5
1,1099.51572838694,109.1928191,23.0294186,402.991058349609,-1.1984815417547,5
1,1108.59757144521,109.1928191,23.0294186,430.236587524414,-1.20156574358919,5
1,1117.67941450347,109.1928191,23.0294186,457.482116699219,-1.20495989487597,5
1,1126.76125756174,109.1928191,23.0294186,484.727645874023,-1.20866326771511,5
1,1135.84310062001,109.1928191,23.0294186,511.973175048828,-1.21267506940602,5
1,1135.84310062001,109.1928191,23.0294186,511.973175048828,-1.21267506940602,6
1,1145.7870930911,109.193819957895,23.0288683605263,511.973175048828,-0.98257585069473,6
1,1155.73108556218,109.194820815789,23.0283181210526,511.973175048828,-0.746257873394114,6
1,1165.67507803327,109.195821673684,23.0277678815789,511.973175048828,-0.503378264476552,6
1,1175.61907050435,109.196822531579,23.0272176421053,511.973175048828,-0.25356523009782,6
3,788.565185715868,109.26983706087,23.0060705173913,591.947387695312,-0.161055581302307,16
3,798.383305024224,109.27098368913,23.0059987826087,591.947387695312,-0.409867263352169,16
3,808.20142433258,109.272130317391,23.0059270478261,591.947387695312,-0.651828040237064,16
3,818.019543640936,109.273276945652,23.0058553130435,591.947387695312,-0.887301034933955,16
3,827.837662949292,109.274423573913,23.0057835782609,591.947387695312,-1.11662155625812,16
3,837.655782257647,109.275570202174,23.0057118434783,591.947387695312,-1.34009983737495,16
3,847.473901566003,109.276716830435,23.0056401086957,591.947387695312,-1.55802344929093,16
3,857.292020874359,109.277863458696,23.005568373913,591.947387695312,-1.77065943397332,16
3,867.110140182715,109.279010086957,23.0054966391304,591.947387695312,-1.97825619480821,16
3,876.928259491071,109.280156715217,23.0054249043478,591.947387695312,-2.18104517645983,16
3,886.746378799427,109.281303343478,23.0053531695652,591.947387695312,-2.37924236136558,16
3,896.564498107782,109.282449971739,23.0052814347826,591.947387695312,-2.57304960614562,16
3,906.382617416138,109.2835966,23.0052097,591.947387695312,-2.76265583785261,16
3,906.382617416138,109.2835966,23.0052097,591.947387695312,-2.76265583785261,17
3,916.020512923951,109.2835966,23.0052097,567.852648925781,-2.75959576895934,17
3,925.658408431763,109.2835966,23.0052097,543.75791015625,-2.75670431545269,17
3,935.296303939576,109.2835966,23.0052097,519.663171386719,-2.75398181572869,17
3,944.934199447388,109.2835966,23.0052097,495.568432617187,-2.75142858889157,17
3,954.572094955201,109.2835966,23.0052097,471.473693847656,-2.74904493462985,17
3,964.209990463013,109.2835966,23.0052097,447.378955078125,-2.74683113309979,17
3,973.847885970826,109.2835966,23.0052097,423.284216308594,-2.74478744481625,17
3,983.485781478638,109.2835966,23.0052097,399.189477539063,-2.74291411055093,17
3,993.123676986451,109.2835966,23.0052097,375.094738769531,-2.74121135123816,17
3,1002.76157249426,109.2835966,23.0052097,351,-2.73967936788839,17
3,1002.76157249426,109.2835966,23.0052097,351,-2.73967936788839,18
3,1012.76157249426,109.2835966,23.0052097,351,-2.73967936788839,18
3,1022.76157249426,109.2835966,23.0052097,351,-2.73967936788839,18
3,1032.76157249426,109.2835966,23.0052097,351,-2.73967936788839,18
3,1042.76157249426,109.2835966,23.0052097,351,-2.73967936788839,18
3,1052.76157249426,109.2835966,23.0052097,351,-2.73967936788839,18
3,1062.76157249426,109.2835966,23.0052097,351,-2.73967936788839,18
3,1072.76157249426,109.2835966,23.0052097,351,-2.73967936788839,18
3,1082.76157249426,109.2835966,23.0052097,351,-2.73967936788839,18
3,1092.76157249426,109.2835966,23.0052097,351,-2.73967936788839,18
3,1102.76157249426,109.2835966,23.0052097,351,-2.73967936788839,18
3,1112.76157249426,109.2835966,23.0052097,351,-2.73967936788839,18
3,1122.76157249426,109.2835966,23.0052097,351,-2.73967936788839,18
3,1132.76157249426,109.2835966,23.0052097,351,-2.73967936788839,18
3,1142.76157249426,109.2835966,23.0052097,351,-2.73967936788839,18
3,1152.76157249426,109.2835966,23.0052097,351,-2.73967936788839,18
3,1162.76157249426,109.2835966,23.0052097,351,-2.73967936788839,18
3,1172.76157249426,109.2835966,23.0052097,351,-2.73967936788839,18
3,1182.76157249426,109.2835966,23.0052097,351,-2.73967936788839,18
3,1192.76157249426,109.2835966,23.0052097,351,-2.73967936788839,18
3,1202.76157249426,109.2835966,23.0052097,351,-2.73967936788839,18
3,1212.76157249426,109.2835966,23.0052097,351,-2.73967936788839,18
3,1212.76157249426,109.2835966,23.0052097,351,-2.73967936788839,19
3,1221.64555192832,109.2835966,23.0052097,377.651938302176,-2.74138396967244,19
3,1230.52953136238,109.2835966,23.0052097,404.303876604353,-2.74329749486564,19
3,1239.41351079644,109.2835966,23.0052097,430.955814906529,-2.74541966712748,19
3,1248.2974902305,109.2835966,23.0052097,457.607753208705,-2.74775018031795,19
3,1257.18146966456,109.2835966,23.0052097,484.259691510881,-2.75028869864437,19
3,1266.06544909862,109.2835966,23.0052097,510.911629813058,-2.7530348568219,19
3,1274.94942853267,109.2835966,23.0052097,537.563568115234,-2.75598826024796,19
3,1274.94942853267,109.2835966,23.0052097,537.563568115234,-2.75598826024796,20
3,1284.68937966195,109.28309128,23.00615578,537.563568115234,-2.66331252395119,20
3,1294.42933079122,109.28258596,23.00710186,537.563568115234,-2.57281131006653,20
3,1304.1692819205,109.28208064,23.00804794,537.563568115234,-2.48466537509708,20
3,1313.90923304977,109.28157532,23.00899402,537.563568115234,-2.39905994024372,20
3,1323.64918417905,109.28107,23.0099401,537.563568115234,-2.31618394096357,20
3,1333.38913530832,109.28056468,23.01088618,537.563568115234,-2.23622915940348,20
3,1343.1290864376,109.28005936,23.01183226,537.563568115234,-2.15938923874801,20
3,1352.86903756687,109.27955404,23.01277834,537.563568115234,-2.08585858105276,20
3,1362.60898869615,109.27904872,23.01372442,537.563568115234,-2.0158311330371,20
3,1372.34893982542,109.2785434,23.0146705,537.563568115234,-1.94949906743196,20
3,1382.0888909547,109.27803808,23.01561658,537.563568115234,-1.8870513710316,20
3,1391.82884208397,109.27753276,23.01656266,537.563568115234,-1.82867235404568,20
3,1401.56879321325,109.27702744,23.01750874,537.563568115234,-1.77454009907913,20
3,1411.30874434252,109.27652212,23.01845482,537.563568115234,-1.72482487142658,20
3,1421.0486954718,109.2760168,23.0194009,537.563568115234,-1.67968751558473,20
3,1421.0486954718,109.2760168,23.0194009,537.563568115234,-1.67968751558473,21
3,1430.34687387756,109.2760168,23.0194009,514.31812210083,-1.67637208370932,21
3,1439.64505228332,109.2760168,23.0194009,491.072676086426,-1.67325810327388,21
3,1448.94323068908,109.2760168,23.0194009,467.827230072021,-1.67034600967176,21
3,1458.24140909485,109.2760168,23.0194009,444.581784057617,-1.66763621072896,21
3,1467.53958750061,109.2760168,23.0194009,421.336338043213,-1.66512908651505,21
3,1476.83776590637,109.2760168,23.0194009,398.090892028809,-1.66282498916641,21
3,1486.13594431213,109.2760168,23.0194009,374.845446014404,-1.6607242427222,21
3,1495.43412271789,109.2760168,23.0194009,351.6,-1.65882714297305,21
3,1495.43412271789,109.2760168,23.0194009,351.6,-1.65882714297305,22
3,1505.43412271789,109.2760168,23.0194009,351.6,-1.65882714297305,22
3,1515.43412271789,109.2760168,23.0194009,351.6,-1.65882714297305,22
3,1525.43412271789,109.2760168,23.0194009,351.6,-1.65882714297305,22
3,1535.43412271789,109.2760168,23.0194009,351.6,-1.65882714297305,22
3,1545.43412271789,109.2760168,23.0194009,351.6,-1.65882714297305,22
3,1555.43412271789,109.2760168,23.0194009,351.6,-1.65882714297305,22
3,1565.43412271789,109.2760168,23.0194009,351.6,-1.65882714297305,22
3,1575.43412271789,109.2760168,23.0194009,351.6,-1.65882714297305,22
3,1585.43412271789,109.2760168,23.0194009,351.6,-1.65882714297305,22
3,1595.43412271789,109.2760168,23.0194009,351.6,-1.65882714297305,22
3,1605.43412271789,109.2760168,23.0194009,351.6,-1.65882714297305,22
3,1615.43412271789,109.2760168,23.0194009,351.6,-1.65882714297305,22
3,1625.43412271789,109.2760168,23.0194009,351.6,-1.65882714297305,22
3,1635.43412271789,109.2760168,23.0194009,351.6,-1.65882714297305,22
3,1645.43412271789,109.2760168,23.0194009,351.6,-1.65882714297305,22
3,1655.43412271789,109.2760168,23.0194009,351.6,-1.65882714297305,22
3,1665.43412271789,109.2760168,23.0194009,351.6,-1.65882714297305,22
3,1675.43412271789,109.2760168,23.0194009,351.6,-1.65882714297305,22
3,1675.43412271789,109.2760168,23.0194009,351.6,-1.65882714297305,23
3,1684.77151556729,109.2760168,23.0194009,379.612178548177,-1.6611384346681,23
3,1694.10890841668,109.2760168,23.0194009,407.624357096354,-1.66374537007498,23
3,1703.44630126607,109.2760168,23.0194009,435.636535644531,-1.66664741635509,23
3,1703.44630126607,109.2760168,23.0194009,435.636535644531,-1.66664741635509,24
3,1713.41399887366,109.2748876725,23.019128615,435.636535644531,-1.44756179596078,24
3,1723.38169648125,109.273758545,23.01885633,435.636535644531,-1.22282857911371,24
3,1733.34939408885,109.2726294175,23.018584045,435.636535644531,-0.992150133840227,24
3,1743.31709169644,109.27150029,23.01831176,435.636535644531,-0.755204770371478,24
3,1753.28478930403,109.2703711625,23.018039475,435.636535644531,-0.511644089398274,24
3,1763.25248691162,109.269242035,23.01776719,435.636535644531,-0.261089956611158,24
3,1773.22018451921,109.2681129075,23.017494905,435.636535644531,-0.00313103889858724,24
4,643.51470231239,109.22893815,23.044227725,326.410888671875,-0.017955307919209,27
4,653.29360404734,109.228867277778,23.0455506222222,326.410888671875,-0.333222127633462,27
4,663.072505782289,109.228796405556,23.0468735194444,326.410888671875,-0.637465797990373,27
4,672.851407517239,109.228725533333,23.0481964166667,326.410888671875,-0.931429908115703,27
4,682.630309252189,109.228654661111,23.0495193138889,326.410888671875,-1.21578537323015,27
4,692.409210987138,109.228583788889,23.0508422111111,326.410888671875,-1.49113959277065,27
4,702.188112722088,109.228512916667,23.0521651083333,326.410888671875,-1.75804421192453,27
4,711.967014457038,109.228442044444,23.0534880055556,326.410888671875,-2.01700173426656,27
4,721.745916191987,109.228371172222,23.0548109027778,326.410888671875,-2.26847118340805,27
4,731.524817926937,109.2283003,23.0561338,326.410888671875,-2.51287297307097,27
4,731.524817926937,109.2283003,23.0561338,326.410888671875,-2.51287297307097,28
4,740.911309974928,109.2283003,23.0561338,307.637904575893,-2.51188384666196,28
4,750.297802022919,109.2283003,23.0561338,288.864920479911,-2.51100419539135,28
4,759.68429407091,109.2283003,23.0561338,270.091936383929,-2.51023408583626,28
4,769.070786118901,109.2283003,23.0561338,251.318952287946,-2.50957357630892,28
4,778.457278166892,109.2283003,23.0561338,232.545968191964,-2.5090227168419,28
4,787.843770214883,109.2283003,23.0561338,213.772984095982,-2.50858154917555,28
4,797.230262262874,109.2283003,23.0561338,195,-2.50825010674741,28
4,797.230262262874,109.2283003,23.0561338,195,-2.50825010674741,29
4,807.230262262874,109.2283003,23.0561338,195,-2.50825010674741,29
4,817.230262262874,109.2283003,23.0561338,195,-2.50825010674741,29
4,827.230262262874,109.2283003,23.0561338,195,-2.50825010674741,29
4,837.230262262874,109.2283003,23.0561338,195,-2.50825010674741,29
4,847.230262262874,109.2283003,23.0561338,195,-2.50825010674741,29
4,857.230262262874,109.2283003,23.0561338,195,-2.50825010674741,29
4,867.230262262874,109.2283003,23.0561338,195,-2.50825010674741,29
4,877.230262262874,109.2283003,23.0561338,195,-2.50825010674741,29
4,887.230262262874,109.2283003,23.0561338,195,-2.50825010674741,29
4,897.230262262874,109.2283003,23.0561338,195,-2.50825010674741,29
4,907.230262262874,109.2283003,23.0561338,195,-2.50825010674741,29
4,917.230262262874,109.2283003,23.0561338,195,-2.50825010674741,29
4,927.230262262874,109.2283003,23.0561338,195,-2.50825010674741,29
4,937.230262262874,109.2283003,23.0561338,195,-2.50825010674741,29
4,947.230262262874,109.2283003,23.0561338,195,-2.50825010674741,29
4,957.230262262874,109.2283003,23.0561338,195,-2.50825010674741,29
4,967.230262262874,109.2283003,23.0561338,195,-2.50825010674741,29
4,977.230262262874,109.2283003,23.0561338,195,-2.50825010674741,29
4,987.230262262874,109.2283003,23.0561338,195,-2.50825010674741,29
4,997.230262262874,109.2283003,23.0561338,195,-2.50825010674741,29
4,1007.23026226287,109.2283003,23.0561338,195,-2.50825010674741,29
4,1017.23026226287,109.2283003,23.0561338,195,-2.50825010674741,29
4,1027.23026226287,109.2283003,23.0561338,195,-2.50825010674741,29
4,1037.23026226287,109.2283003,23.0561338,195,-2.50825010674741,29
4,1047.23026226287,109.2283003,23.0561338,195,-2.50825010674741,29
4,1057.23026226287,109.2283003,23.0561338,195,-2.50825010674741,29
4,1067.23026226287,109.2283003,23.0561338,195,-2.50825010674741,29
4,1077.23026226287,109.2283003,23.0561338,195,-2.50825010674741,29
4,1087.23026226287,109.2283003,23.0561338,195,-2.50825010674741,29
4,1097.23026226287,109.2283003,23.0561338,195,-2.50825010674741,29
4,1107.23026226287,109.2283003,23.0561338,195,-2.50825010674741,29
4,1117.23026226287,109.2283003,23.0561338,195,-2.50825010674741,29
4,1127.23026226287,109.2283003,23.0561338,195,-2.50825010674741,29
4,1137.23026226287,109.2283003,23.0561338,195,-2.50825010674741,29
4,1147.23026226287,109.2283003,23.0561338,195,-2.50825010674741,29
4,1157.23026226287,109.2283003,23.0561338,195,-2.50825010674741,29
4,1157.23026226287,109.2283003,23.0561338,195,-2.50825010674741,30
4,1165.99098817433,109.2283003,23.0561338,216.901814778646,-2.50864745811191,30
4,1174.75171408579,109.2283003,23.0561338,238.803629557291,-2.50919415057689,30
4,1183.51243999725,109.2283003,23.0561338,260.705444335938,-2.50989012774788,30
4,1192.27316590871,109.2283003,23.0561338,282.607259114583,-2.51073531785477,30
4,1201.03389182017,109.2283003,23.0561338,304.509073893229,-2.5117296337765,30
4,1209.79461773162,109.2283003,23.0561338,326.410888671875,-2.51287297307097,30
4,1209.79461773162,109.2283003,23.0561338,326.410888671875,-2.51287297307097,31
4,1219.57351946657,109.228371172222,23.0548109027778,326.410888671875,-2.26847118340805,31
4,1229.35242120152,109.228442044444,23.0534880055556,326.410888671875,-2.01700173426656,31
4,1239.13132293647,109.228512916667,23.0521651083333,326.410888671875,-1.75804421192453,31
4,1248.91022467142,109.228583788889,23.0508422111111,326.410888671875,-1.49113959277065,31
4,1258.68912640637,109.228654661111,23.0495193138889,326.410888671875,-1.21578537323015,31
4,1268.46802814132,109.228725533333,23.0481964166667,326.410888671875,-0.931429908115703,31
4,1278.24692987627,109.228796405556,23.0468735194444,326.410888671875,-0.637465797990373,31
4,1288.02583161122,109.228867277778,23.0455506222222,326.410888671875,-0.333222127633462,31
4,1297.80473334617,109.22893815,23.044227725,326.410888671875,-0.017955307919209,31
7,731.579532932056,109.2681129075,23.017494905,435.636535644531,-0.00313103889858724,48
7,741.547230539648,109.269242035,23.01776719,435.636535644531,-0.261089956611158,48
7,751.514928147241,109.2703711625,23.018039475,435.636535644531,-0.511644089398274,48
7,761.482625754833,109.27150029,23.01831176,435.636535644531,-0.755204770371478,48
7,771.450323362425,109.2726294175,23.018584045,435.636535644531,-0.992150133840227,48
7,781.418020970018,109.273758545,23.01885633,435.636535644531,-1.22282857911371,48
7,791.38571857761,109.2748876725,23.019128615,435.636535644531,-1.44756179596078,48
7,801.353416185202,109.2760168,23.0194009,435.636535644531,-1.66664741635509,48
7,801.353416185202,109.2760168,23.0194009,435.636535644531,-1.66664741635509,49
7,809.757069749655,109.2760168,23.0194009,414.627401733398,-1.66444323712366,49
7,818.160723314108,109.2760168,23.0194009,393.618267822266,-1.66240497881239,49
7,826.564376878561,109.2760168,23.0194009,372.609133911133,-1.66053287564375,49
7,834.968030443015,109.2760168,23.0194009,351.6,-1.65882714297305,49
7,834.968030443015,109.2760168,23.0194009,351.6,-1.65882714297305,50
7,844.968030443015,109.2760168,23.0194009,351.6,-1.65882714297305,50
7,854.968030443015,109.2760168,23.0194009,351.6,-1.65882714297305,50
7,864.968030443015,109.2760168,23.0194009,351.6,-1.65882714297305,50
7,874.968030443015,109.2760168,23.0194009,351.6,-1.65882714297305,50
7,884.968030443015,109.2760168,23.0194009,351.6,-1.65882714297305,50
7,894.968030443015,109.2760168,23.0194009,351.6,-1.65882714297305,50
7,904.968030443015,109.2760168,23.0194009,351.6,-1.65882714297305,50
7,914.968030443015,109.2760168,23.0194009,351.6,-1.65882714297305,50
7,924.968030443015,109.2760168,23.0194009,351.6,-1.65882714297305,50
7,934.968030443015,109.2760168,23.0194009,351.6,-1.65882714297305,50
7,944.968030443015,109.2760168,23.0194009,351.6,-1.65882714297305,50
7,954.968030443015,109.2760168,23.0194009,351.6,-1.65882714297305,50
7,964.968030443015,109.2760168,23.0194009,351.6,-1.65882714297305,50
7,974.968030443015,109.2760168,23.0194009,351.6,-1.65882714297305,50
7,984.968030443015,109.2760168,23.0194009,351.6,-1.65882714297305,50
7,994.968030443015,109.2760168,23.0194009,351.6,-1.65882714297305,50
7,1004.96803044301,109.2760168,23.0194009,351.6,-1.65882714297305,50
7,1014.96803044301,109.2760168,23.0194009,351.6,-1.65882714297305,50
7,1024.96803044301,109.2760168,23.0194009,351.6,-1.65882714297305,50
7,1034.96803044301,109.2760168,23.0194009,351.6,-1.65882714297305,50
7,1044.96803044301,109.2760168,23.0194009,351.6,-1.65882714297305,50
7,1044.96803044301,109.2760168,23.0194009,351.6,-1.65882714297305,51
7,1054.30542329241,109.2760168,23.0194009,379.612178548177,-1.6611384346681,51
7,1063.6428161418,109.2760168,23.0194009,407.624357096354,-1.66374537007498,51
7,1072.98020899119,109.2760168,23.0194009,435.636535644531,-1.66664741635509,51
7,1072.98020899119,109.2760168,23.0194009,435.636535644531,-1.66664741635509,52
7,1082.94790659878,109.2748876725,23.019128615,435.636535644531,-1.44756179596078,52
7,1092.91560420638,109.273758545,23.01885633,435.636535644531,-1.22282857911371,52
7,1102.88330181397,109.2726294175,23.018584045,435.636535644531,-0.992150133840227,52
7,1112.85099942156,109.27150029,23.01831176,435.636535644531,-0.755204770371478,52
7,1122.81869702915,109.2703711625,23.018039475,435.636535644531,-0.511644089398274,52
7,1132.78639463674,109.269242035,23.01776719,435.636535644531,-0.261089956611158,52
7,1142.75409224434,109.2681129075,23.017494905,435.636535644531,-0.00313103889858724,52
8,680.959892700067,109.220793644444,23.0479549444444,372.909332275391,-1.10691974253562,55
8,690.934007653676,109.220458375926,23.0492697925926,372.909332275391,-1.39103463380269,55
8,700.908122607285,109.220123107407,23.0505846407407,372.909332275391,-1.66617022492444,55
8,710.882237560894,109.219787838889,23.0518994888889,372.909332275391,-1.93287554952626,55
8,720.856352514503,109.21945257037,23.053214337037,372.909332275391,-2.19165087663883,55
8,730.830467468111,109.219117301852,23.0545291851852,372.909332275391,-2.44295330892521,55
8,740.804582421721,109.218782033333,23.0558440333333,372.909332275391,-2.68720160139455,55
8,750.778697375329,109.218446764815,23.0571588814815,372.909332275391,-2.92478032710666,55
8,760.752812328938,109.218111496296,23.0584737296296,372.909332275391,-3.15604349308693,55
8,770.726927282547,109.217776227778,23.0597885777778,372.909332275391,-3.38131769113386,55
8,780.701042236156,109.217440959259,23.0611034259259,372.909332275391,-3.6009048534261,55
8,790.675157189766,109.217105690741,23.0624182740741,372.909332275391,-3.81508467085848,55
8,800.649272143374,109.216770422222,23.0637331222222,372.909332275391,-4.02411672240768,55
8,810.623387096983,109.216435153704,23.0650479703704,372.909332275391,-4.2282423559288,55
8,820.597502050592,109.216099885185,23.0663628185185,372.909332275391,-4.42768635437616,55
8,830.571617004201,109.215764616667,23.0676776666667,372.909332275391,-4.6226584161453,55
8,840.54573195781,109.215429348148,23.0689925148148,372.909332275391,-4.81335447382088,55
8,850.519846911419,109.21509407963,23.070307362963,372.909332275391,-4.99995787205968,55
8,860.493961865028,109.214758811111,23.0716222111111,372.909332275391,-5.18264042224115,55
8,870.468076818637,109.214423542593,23.0729370592593,372.909332275391,-5.36156334903839,55
8,880.442191772246,109.214088274074,23.0742519074074,372.909332275391,-5.53687814192077,55
8,890.416306725855,109.213753005556,23.0755667555556,372.909332275391,-5.70872732280222,55
8,900.390421679464,109.213417737037,23.0768816037037,372.909332275391,-5.8772451395599,55
8,910.364536633073,109.213082468519,23.0781964518519,372.909332275391,-6.04255819382894,55
8,920.338651586682,109.2127472,23.0795113,372.909332275391,-6.20478601040747,55
8,920.338651586682,109.2127472,23.0795113,372.909332275391,-6.20478601040747,56
8,928.499398168714,109.2127472,23.0795113,352.507465820312,-6.20420268259812,56
8,936.660144750745,109.2127472,23.0795113,332.105599365234,-6.20367463844374,56
8,944.820891332776,109.2127472,23.0795113,311.703732910156,-6.20320189812099,56
8,952.981637914807,109.2127472,23.0795113,291.301866455078,-6.20278447969812,56
8,961.142384496839,109.2127472,23.0795113,270.9,-6.2024223991329,56
8,961.142384496839,109.2127472,23.0795113,270.9,-6.2024223991329,57
8,971.142384496839,109.2127472,23.0795113,270.9,-6.2024223991329,57
8,981.142384496839,109.2127472,23.0795113,270.9,-6.2024223991329,57
8,991.142384496839,109.2127472,23.0795113,270.9,-6.2024223991329,57
8,1001.14238449684,109.2127472,23.0795113,270.9,-6.2024223991329,57
8,1011.14238449684,109.2127472,23.0795113,270.9,-6.2024223991329,57
8,1021.14238449684,109.2127472,23.0795113,270.9,-6.2024223991329,57
8,1031.14238449684,109.2127472,23.0795113,270.9,-6.2024223991329,57
8,1041.14238449684,109.2127472,23.0795113,270.9,-6.2024223991329,57
8,1051.14238449684,109.2127472,23.0795113,270.9,-6.2024223991329,57
8,1061.14238449684,109.2127472,23.0795113,270.9,-6.2024223991329,57
8,1071.14238449684,109.2127472,23.0795113,270.9,-6.2024223991329,57
8,1081.14238449684,109.2127472,23.0795113,270.9,-6.2024223991329,57
8,1091.14238449684,109.2127472,23.0795113,270.9,-6.2024223991329,57
8,1101.14238449684,109.2127472,23.0795113,270.9,-6.2024223991329,57
8,1111.14238449684,109.2127472,23.0795113,270.9,-6.2024223991329,57
8,1121.14238449684,109.2127472,23.0795113,270.9,-6.2024223991329,57
8,1131.14238449684,109.2127472,23.0795113,270.9,-6.2024223991329,57
8,1141.14238449684,109.2127472,23.0795113,270.9,-6.2024223991329,57
8,1151.14238449684,109.2127472,23.0795113,270.9,-6.2024223991329,57
8,1161.14238449684,109.2127472,23.0795113,270.9,-6.2024223991329,57
8,1171.14238449684,109.2127472,23.0795113,270.9,-6.2024223991329,57
8,1181.14238449684,109.2127472,23.0795113,270.9,-6.2024223991329,57
8,1191.14238449684,109.2127472,23.0795113,270.9,-6.2024223991329,57
8,1201.14238449684,109.2127472,23.0795113,270.9,-6.2024223991329,57
8,1201.14238449684,109.2127472,23.0795113,270.9,-6.2024223991329,58
8,1209.64316218645,109.2127472,23.0795113,296.402333068848,-6.20288364696694,58
8,1218.14393987607,109.2127472,23.0795113,321.904666137695,-6.20343135412469,58
8,1226.64471756569,109.2127472,23.0795113,347.406999206543,-6.20406548789271,58
8,1235.1454952553,109.2127472,23.0795113,372.909332275391,-6.20478601040747,58
8,1235.1454952553,109.2127472,23.0795113,372.909332275391,-6.20478601040747,59
8,1245.11961020891,109.213082468519,23.0781964518519,372.909332275391,-6.04255819382894,59
8,1255.09372516252,109.213417737037,23.0768816037037,372.909332275391,-5.8772451395599,59
8,1265.06784011613,109.213753005556,23.0755667555556,372.909332275391,-5.70872732280222,59
8,1275.04195506974,109.214088274074,23.0742519074074,372.909332275391,-5.53687814192077,59
8,1285.01607002335,109.214423542593,23.0729370592593,372.909332275391,-5.36156334903839,59
8,1294.99018497695,109.214758811111,23.0716222111111,372.909332275391,-5.18264042224115,59
8,1304.96429993056,109.21509407963,23.070307362963,372.909332275391,-4.99995787205968,59
8,1314.93841488417,109.215429348148,23.0689925148148,372.909332275391,-4.81335447382088,59
8,1324.91252983778,109.215764616667,23.0676776666667,372.909332275391,-4.62265841614476,59
8,1334.88664479139,109.216099885185,23.0663628185185,372.909332275391,-4.42768635437616,59
8,1344.860759745,109.216435153704,23.0650479703704,372.909332275391,-4.2282423559288,59
8,1354.83487469861,109.216770422222,23.0637331222222,372.909332275391,-4.02411672240768,59
8,1364.80898965221,109.217105690741,23.0624182740741,372.909332275391,-3.81508467085848,59
8,1374.78310460582,109.217440959259,23.0611034259259,372.909332275391,-3.6009048534261,59
8,1384.75721955943,109.217776227778,23.0597885777778,372.909332275391,-3.38131769113386,59
8,1394.73133451304,109.218111496296,23.0584737296296,372.909332275391,-3.15604349308693,59
8,1404.70544946665,109.218446764815,23.0571588814815,372.909332275391,-2.92478032710666,59
8,1414.67956442026,109.218782033333,23.0558440333333,372.909332275391,-2.68720160139455,59
8,1424.65367937387,109.219117301852,23.0545291851852,372.909332275391,-2.44295330892521,59
8,1434.62779432747,109.21945257037,23.053214337037,372.909332275391,-2.19165087663883,59
8,1444.60190928108,109.219787838889,23.0518994888889,372.909332275391,-1.93287554952626,59
8,1454.57602423469,109.220123107407,23.0505846407407,372.909332275391,-1.66617022492444,59
8,1464.5501391883,109.220458375926,23.0492697925926,372.909332275391,-1.39103463380269,59
8,1474.52425414191,109.220793644444,23.0479549444444,372.909332275391,-1.10691974253562,59
10,1476.32546839306,109.245809808,23.041891004,308.954254150391,-0.107165359469619,69
10,1486.2072156665,109.246363812,23.043127356,308.954254150391,-0.422551637838538,69
10,1496.08896293995,109.246917816,23.044363708,308.954254150391,-0.726902055016296,69
10,1505.97071021339,109.24747182,23.04560006,308.954254150391,-1.02096186218294,69
10,1515.85245748684,109.248025824,23.046836412,308.954254150391,-1.30540337371443,69
10,1525.73420476028,109.248579828,23.048072764,308.954254150391,-1.58083517364535,69
10,1535.61595203373,109.249133832,23.049309116,308.954254150391,-1.8478099154987,69
10,1545.49769930717,109.249687836,23.050545468,308.954254150391,-2.10683096545746,69
10,1555.37944658062,109.25024184,23.05178182,308.954254150391,-2.35835808858037,69
10,1565.26119385406,109.250795844,23.053018172,308.954254150391,-2.60281233872581,69
10,1575.14294112751,109.251349848,23.054254524,308.954254150391,-2.84058028221807,69
10,1585.02468840095,109.251903852,23.055490876,308.954254150391,-3.07201766120569,69
10,1594.9064356744,109.252457856,23.056727228,308.954254150391,-3.29745258357686,69
10,1604.78818294784,109.25301186,23.05796358,308.954254150391,-3.51718831090692,69
10,1614.66993022129,109.253565864,23.059199932,308.954254150391,-3.73150570370686,69
10,1624.55167749473,109.254119868,23.060436284,308.954254150391,-3.94066537328948,69
10,1634.43342476818,109.254673872,23.061672636,308.954254150391,-4.14490958144673,69
10,1644.31517204162,109.255227876,23.062908988,308.954254150391,-4.34446392260384,69
10,1654.19691931507,109.25578188,23.06414534,308.954254150391,-4.53953881762315,69
10,1664.07866658851,109.256335884,23.065381692,308.954254150391,-4.73033084403117,69
10,1673.96041386196,109.256889888,23.066618044,308.954254150391,-4.9170239236618,69
10,1683.8421611354,109.257443892,23.067854396,308.954254150391,-5.0997903856707,69
10,1693.72390840885,109.257997896,23.069090748,308.954254150391,-5.2787919202968,69
10,1703.60565568229,109.2585519,23.0703271,308.954254150391,-5.45418043655282,69
10,1703.60565568229,109.2585519,23.0703271,308.954254150391,-5.45418043655282,70
10,1712.55108109733,109.2585519,23.0703271,286.590690612793,-5.45364993419717,70
10,1721.49650651237,109.2585519,23.0703271,264.227127075195,-5.45319843542495,70
10,1730.44193192741,109.2585519,23.0703271,241.863563537598,-5.45282596488462,70
10,1739.38735734245,109.2585519,23.0703271,219.5,-5.45253254291482,70
10,1739.38735734245,109.2585519,23.0703271,219.5,-5.45253254291482,71
10,1749.38735734245,109.2585519,23.0703271,219.5,-5.45253254291482,71
10,1759.38735734245,109.2585519,23.0703271,219.5,-5.45253254291482,71
10,1769.38735734245,109.2585519,23.0703271,219.5,-5.45253254291482,71
10,1779.38735734245,109.2585519,23.0703271,219.5,-5.45253254291482,71
10,1789.38735734245,109.2585519,23.0703271,219.5,-5.45253254291482,71
10,1799.38735734245,109.2585519,23.0703271,219.5,-5.45253254291482,71
10,1809.38735734245,109.2585519,23.0703271,219.5,-5.45253254291482,71
10,1819.38735734245,109.2585519,23.0703271,219.5,-5.45253254291482,71
10,1829.38735734245,109.2585519,23.0703271,219.5,-5.45253254291482,71
10,1839.38735734245,109.2585519,23.0703271,219.5,-5.45253254291482,71
10,1849.38735734245,109.2585519,23.0703271,219.5,-5.45253254291482,71
10,1859.38735734245,109.2585519,23.0703271,219.5,-5.45253254291482,71
10,1869.38735734245,109.2585519,23.0703271,219.5,-5.45253254291482,71
10,1879.38735734245,109.2585519,23.0703271,219.5,-5.45253254291482,71
10,1889.38735734245,109.2585519,23.0703271,219.5,-5.45253254291482,71
10,1899.38735734245,109.2585519,23.0703271,219.5,-5.45253254291482,71
10,1909.38735734245,109.2585519,23.0703271,219.5,-5.45253254291482,71
10,1919.38735734245,109.2585519,23.0703271,219.5,-5.45253254291482,71
10,1929.38735734245,109.2585519,23.0703271,219.5,-5.45253254291482,71
10,1939.38735734245,109.2585519,23.0703271,219.5,-5.45253254291482,71
10,1949.38735734245,109.2585519,23.0703271,219.5,-5.45253254291482,71
10,1949.38735734245,109.2585519,23.0703271,219.5,-5.45253254291482,72
10,1959.32671891471,109.2585519,23.0703271,249.318084716797,-5.45294133947255,72
10,1969.26608048698,109.2585519,23.0703271,279.136169433594,-5.45349065512465,72
10,1979.20544205925,109.2585519,23.0703271,308.954254150391,-5.45418043655282,72
10,1979.20544205925,109.2585519,23.0703271,308.954254150391,-5.45418043655282,73
10,1989.08718933269,109.257997896,23.069090748,308.954254150391,-5.2787919202968,73
10,1998.96893660613,109.257443892,23.067854396,308.954254150391,-5.0997903856707,73
10,2008.85068387958,109.256889888,23.066618044,308.954254150391,-4.9170239236618,73
10,2018.73243115302,109.256335884,23.065381692,308.954254150391,-4.73033084403117,73
10,2028.61417842647,109.25578188,23.06414534,308.954254150391,-4.53953881762315,73
10,2038.49592569991,109.255227876,23.062908988,308.954254150391,-4.34446392260384,73
10,2048.37767297335,109.254673872,23.061672636,308.954254150391,-4.14490958144673,73
10,2058.2594202468,109.254119868,23.060436284,308.954254150391,-3.94066537328948,73
10,2068.14116752024,109.253565864,23.059199932,308.954254150391,-3.73150570370686,73
10,2078.02291479369,109.25301186,23.05796358,308.954254150391,-3.51718831090692,73
10,2087.90466206713,109.252457856,23.056727228,308.954254150391,-3.29745258357686,73
10,2097.78640934058,109.251903852,23.055490876,308.954254150391,-3.07201766120569,73
10,2107.66815661402,109.251349848,23.054254524,308.954254150391,-2.84058028221807,73
10,2117.54990388746,109.250795844,23.053018172,308.954254150391,-2.60281233872581,73
10,2127.43165116091,109.25024184,23.05178182,308.954254150391,-2.35835808858037,73
10,2137.31339843435,109.249687836,23.050545468,308.954254150391,-2.10683096545746,73
10,2147.1951457078,109.249133832,23.049309116,308.954254150391,-1.8478099154987,73
10,2157.07689298124,109.248579828,23.048072764,308.954254150391,-1.58083517364535,73
10,2166.95864025468,109.248025824,23.046836412,308.954254150391,-1.30540337371443,73
10,2176.84038752813,109.24747182,23.04560006,308.954254150391,-1.02096186218294,73
10,2186.72213480157,109.246917816,23.044363708,308.954254150391,-0.726902055016296,73
10,2196.60388207502,109.246363812,23.043127356,308.954254150391,-0.422551637838538,73
10,2206.48562934846,109.245809808,23.041891004,308.954254150391,-0.107165359469619,73
11,2410.87943200068,109.199698225,23.030044725,439.175354003906,-0.0875544329883695,80
11,2420.71980865537,109.198551704167,23.0299403708333,439.175354003906,-0.276317173302431,80
11,2430.56018531007,109.197405183333,23.0298360166667,439.175354003906,-0.464176657507437,80
11,2440.40056196476,109.1962586625,23.0297316625,439.175354003906,-0.650913267291187,80
11,2450.24093861946,109.195112141667,23.0296273083333,439.175354003906,-0.836339087316759,80
11,2460.08131527415,109.193965620833,23.0295229541667,439.175354003906,-1.02029452216551,80
11,2469.92169192885,109.1928191,23.0294186,439.175354003906,-1.20264517429212,80
11,2469.92169192885,109.1928191,23.0294186,439.175354003906,-1.20264517429212,81
11,2478.98922732924,109.1928191,23.0294186,416.50651550293,-1.19997271110753,81
11,2488.05676272963,109.1928191,23.0294186,393.837677001953,-1.19751505092229,81
11,2497.12429813002,109.1928191,23.0294186,371.168838500977,-1.19527255949396,81
11,2506.19183353041,109.1928191,23.0294186,348.5,-1.1932455709798,81
11,2506.19183353041,109.1928191,23.0294186,348.5,-1.1932455709798,82
11,2516.19183353041,109.1928191,23.0294186,348.5,-1.1932455709798,82
11,2526.19183353041,109.1928191,23.0294186,348.5,-1.1932455709798,82
11,2536.19183353041,109.1928191,23.0294186,348.5,-1.1932455709798,82
11,2546.19183353041,109.1928191,23.0294186,348.5,-1.1932455709798,82
11,2556.19183353041,109.1928191,23.0294186,348.5,-1.1932455709798,82
11,2566.19183353041,109.1928191,23.0294186,348.5,-1.1932455709798,82
11,2576.19183353041,109.1928191,23.0294186,348.5,-1.1932455709798,82
11,2586.19183353041,109.1928191,23.0294186,348.5,-1.1932455709798,82
11,2596.19183353041,109.1928191,23.0294186,348.5,-1.1932455709798,82
11,2606.19183353041,109.1928191,23.0294186,348.5,-1.1932455709798,82
11,2616.19183353041,109.1928191,23.0294186,348.5,-1.1932455709798,82
11,2626.19183353041,109.1928191,23.0294186,348.5,-1.1932455709798,82
11,2636.19183353041,109.1928191,23.0294186,348.5,-1.1932455709798,82
11,2646.19183353041,109.1928191,23.0294186,348.5,-1.1932455709798,82
11,2656.19183353041,109.1928191,23.0294186,348.5,-1.1932455709798,82
11,2666.19183353041,109.1928191,23.0294186,348.5,-1.1932455709798,82
11,2676.19183353041,109.1928191,23.0294186,348.5,-1.1932455709798,82
11,2686.19183353041,109.1928191,23.0294186,348.5,-1.1932455709798,82
11,2686.19183353041,109.1928191,23.0294186,348.5,-1.1932455709798,83
11,2695.27367658868,109.1928191,23.0294186,375.745529174804,-1.19570795195435,83
11,2704.35551964695,109.1928191,23.0294186,402.99105834961,-1.1984815417547,83
11,2713.43736270522,109.1928191,23.0294186,430.236587524414,-1.20156574358919,83
11,2722.51920576348,109.1928191,23.0294186,457.482116699218,-1.20495989487597,83
11,2731.60104882175,109.1928191,23.0294186,484.727645874024,-1.20866326771511,83
11,2740.68289188002,109.1928191,23.0294186,511.973175048828,-1.21267506940602,83
11,2740.68289188002,109.1928191,23.0294186,511.973175048828,-1.21267506940602,84
11,2750.62688435111,109.193819957895,23.0288683605263,511.973175048828,-0.98257585069473,84
11,2760.57087682219,109.194820815789,23.0283181210526,511.973175048828,-0.746257873394114,84
11,2770.51486929328,109.195821673684,23.0277678815789,511.973175048828,-0.503378264476552,84
11,2780.45886176436,109.196822531579,23.0272176421053,511.973175048828,-0.25356523009782,84
12,2373.34348162229,109.196691795918,23.026010955102,561.804138183594,-0.146706715083937,87
12,2383.22535816182,109.195426614286,23.0266591571429,561.804138183594,-0.459348185018172,87
12,2393.10723470135,109.194161432653,23.0273073591837,561.804138183594,-0.761229734776137,87
12,2402.98911124089,109.19289625102,23.0279555612245,561.804138183594,-1.05306075350026,87
12,2412.87098778042,109.191631069388,23.0286037632653,561.804138183594,-1.33548332713727,87
12,2422.75286431996,109.190365887755,23.0292519653061,561.804138183594,-1.6090804168045,87
12,2432.63474085949,109.189100706122,23.0299001673469,561.804138183594,-1.87438284266781,87
12,2442.51661739903,109.18783552449,23.0305483693878,561.804138183594,-2.13187527472779,87
12,2452.39849393856,109.186570342857,23.0311965714286,561.804138183594,-2.38200139391023,87
12,2462.2803704781,109.185305161224,23.0318447734694,561.804138183594,-2.62516835644979,87
12,2472.16224701763,109.184039979592,23.0324929755102,561.804138183594,-2.86175067072175,87
12,2482.04412355717,109.182774797959,23.033141177551,561.804138183594,-3.0920935762099,87
12,2491.9260000967,109.181509616327,23.0337893795918,561.804138183594,-3.31651599898888,87
12,2501.80787663623,109.180244434694,23.0344375816327,561.804138183594,-3.53531314539532,87
12,2511.68975317577,109.178979253061,23.0350857836735,561.804138183594,-3.74875878555106,87
12,2521.5716297153,109.177714071429,23.0357339857143,561.804138183594,-3.95710726988695,87
12,2531.45350625484,109.176448889796,23.0363821877551,561.804138183594,-4.16059531513976,87
12,2541.33538279437,109.175183708163,23.0370303897959,561.804138183594,-4.35944359055875,87
12,2551.21725933391,109.173918526531,23.0376785918367,561.804138183594,-4.55385813043837,87
12,2561.09913587344,109.172653344898,23.0383267938776,561.804138183594,-4.74403159522744,87
12,2570.98101241298,109.171388163265,23.0389749959184,561.804138183594,-4.93014440017357,87
12,2580.86288895251,109.170122981633,23.0396231979592,561.804138183594,-5.11236572781868,87
12,2590.74476549205,109.1688578,23.0402714,561.804138183594,-5.29085443832689,87
12,2590.74476549205,109.1688578,23.0402714,561.804138183594,-5.29085443832689,88
12,2600.66939385576,109.1688578,23.0402714,536.992567274305,-5.28921842266308,88
12,2610.59402221948,109.1688578,23.0402714,512.180996365017,-5.28768289766839,88
12,2620.51865058319,109.1688578,23.0402714,487.369425455729,-5.28624797018091,88
12,2630.44327894691,109.1688578,23.0402714,462.55785454644,-5.28491374011918,88
12,2640.36790731062,109.1688578,23.0402714,437.746283637153,-5.28368030045903,88
12,2650.29253567434,109.1688578,23.0402714,412.934712727865,-5.28254773721203,88
12,2660.21716403805,109.1688578,23.0402714,388.123141818577,-5.28151612940553,88
12,2670.14179240177,109.1688578,23.0402714,363.311570909288,-5.28058554906438,88
12,2680.06642076548,109.1688578,23.0402714,338.5,-5.27975606119412,88
12,2680.06642076548,109.1688578,23.0402714,338.5,-5.27975606119412,89
12,2690.06642076548,109.1688578,23.0402714,338.5,-5.27975606119412,89
12,2700.06642076548,109.1688578,23.0402714,338.5,-5.27975606119412,89
12,2710.06642076548,109.1688578,23.0402714,338.5,-5.27975606119412,89
12,2720.06642076548,109.1688578,23.0402714,338.5,-5.27975606119412,89
12,2730.06642076548,109.1688578,23.0402714,338.5,-5.27975606119412,89
12,2740.06642076548,109.1688578,23.0402714,338.5,-5.27975606119412,89
12,2750.06642076548,109.1688578,23.0402714,338.5,-5.27975606119412,89
12,2760.06642076548,109.1688578,23.0402714,338.5,-5.27975606119412,89
12,2770.06642076548,109.1688578,23.0402714,338.5,-5.27975606119412,89
12,2780.06642076548,109.1688578,23.0402714,338.5,-5.27975606119412,89
12,2790.06642076548,109.1688578,23.0402714,338.5,-5.27975606119412,89
12,2800.06642076548,109.1688578,23.0402714,338.5,-5.27975606119412,89
12,2810.06642076548,109.1688578,23.0402714,338.5,-5.27975606119412,89
12,2820.06642076548,109.1688578,23.0402714,338.5,-5.27975606119412,89
12,2830.06642076548,109.1688578,23.0402714,338.5,-5.27975606119412,89
12,2840.06642076548,109.1688578,23.0402714,338.5,-5.27975606119412,89
12,2850.06642076548,109.1688578,23.0402714,338.5,-5.27975606119412,89
12,2860.06642076548,109.1688578,23.0402714,338.5,-5.27975606119412,89
12,2870.06642076548,109.1688578,23.0402714,338.5,-5.27975606119412,89
12,2880.06642076548,109.1688578,23.0402714,338.5,-5.27975606119412,89
12,2890.06642076548,109.1688578,23.0402714,338.5,-5.27975606119412,89
12,2900.06642076548,109.1688578,23.0402714,338.5,-5.27975606119412,89
12,2910.06642076548,109.1688578,23.0402714,338.5,-5.27975606119412,89
12,2920.06642076548,109.1688578,23.0402714,338.5,-5.27975606119412,89
12,2920.06642076548,109.1688578,23.0402714,338.5,-5.27975606119412,90
12,2929.37075985647,109.1688578,23.0402714,366.413017272949,-5.28069634437809,90
12,2938.67509894745,109.1688578,23.0402714,394.326034545899,-5.28176456272591,90
12,2947.97943803843,109.1688578,23.0402714,422.239051818847,-5.28296062180598,90
12,2957.28377712942,109.1688578,23.0402714,450.152069091796,-5.28428441594971,90
12,2966.5881162204,109.1688578,23.0402714,478.065086364746,-5.28573582828264,90
12,2975.89245531138,109.1688578,23.0402714,505.978103637695,-5.28731473075871,90
12,2985.19679440236,109.1688578,23.0402714,533.891120910645,-5.28902098419789,90
12,2994.50113349335,109.1688578,23.0402714,561.804138183594,-5.29085443832689,90
12,2994.50113349335,109.1688578,23.0402714,561.804138183594,-5.29085443832689,91
12,3004.38301003288,109.170122981633,23.0396231979592,561.804138183594,-5.11236572781868,91
12,3014.26488657241,109.171388163265,23.0389749959184,561.804138183594,-4.93014440017357,91
12,3024.14676311194,109.172653344898,23.0383267938776,561.804138183594,-4.74403159522744,91
12,3034.02863965148,109.173918526531,23.0376785918367,561.804138183594,-4.55385813043837,91
12,3043.91051619101,109.175183708163,23.0370303897959,561.804138183594,-4.35944359055875,91
12,3053.79239273054,109.176448889796,23.0363821877551,561.804138183594,-4.16059531513976,91
12,3063.67426927007,109.177714071429,23.0357339857143,561.804138183594,-3.95710726988695,91
12,3073.55614580961,109.178979253061,23.0350857836735,561.804138183594,-3.74875878555106,91
12,3083.43802234914,109.180244434694,23.0344375816327,561.804138183594,-3.53531314539532,91
12,3093.31989888867,109.181509616327,23.0337893795918,561.804138183594,-3.31651599898888,91
12,3103.2017754282,109.182774797959,23.033141177551,561.804138183594,-3.0920935762099,91
12,3113.08365196774,109.184039979592,23.0324929755102,561.804138183594,-2.86175067072175,91
12,3122.96552850727,109.185305161224,23.0318447734694,561.804138183594,-2.62516835644979,91
12,3132.8474050468,109.186570342857,23.0311965714286,561.804138183594,-2.38200139391023,91
12,3142.72928158633,109.18783552449,23.0305483693878,561.804138183594,-2.13187527472779,91
12,3152.61115812587,109.189100706122,23.0299001673469,561.804138183594,-1.87438284266781,91
12,3162.4930346654,109.190365887755,23.0292519653061,561.804138183594,-1.6090804168045,91
12,3172.37491120493,109.191631069388,23.0286037632653,561.804138183594,-1.33548332713727,91
12,3182.25678774446,109.19289625102,23.0279555612245,561.804138183594,-1.05306075350026,91
12,3192.138664284,109.194161432653,23.0273073591837,561.804138183594,-0.761229734776137,91
12,3202.02054082353,109.195426614286,23.0266591571429,561.804138183594,-0.459348185018172,91
12,3211.90241736306,109.196691795918,23.026010955102,561.804138183594,-0.146706715083937,91
13,2997.05253974715,109.25908506,23.03332493,413.300994873047,-0.0951091456553286,94
13,3006.90652866312,109.26013074,23.03424402,413.300994873047,-0.409635711392554,94
13,3016.76051757909,109.26117642,23.03516311,413.300994873047,-0.713212483019632,94
13,3026.61450649506,109.2622221,23.0360822,413.300994873047,-1.00657347735233,94
13,3036.46849541103,109.26326778,23.03700129,413.300994873047,-1.2903815480329,94
13,3046.322484327,109.26431346,23.03792038,413.300994873047,-1.56523726653013,94
13,3056.17647324298,109.26535914,23.03883947,413.300994873047,-1.83168646405304,94
13,3066.03046215895,109.26640482,23.03975856,413.300994873047,-2.09022666879927,94
13,3075.88445107492,109.2674505,23.04067765,413.300994873047,-2.34131262664776,94
13,3085.73843999089,109.26849618,23.04159674,413.300994873047,-2.58536105711647,94
13,3095.59242890686,109.26954186,23.04251583,413.300994873047,-2.82275476792145,94
13,3105.44641782283,109.27058754,23.04343492,413.300994873047,-3.0538462290163,94
13,3115.3004067388,109.27163322,23.04435401,413.300994873047,-3.27896068888963,94
13,3125.15439565477,109.2726789,23.0452731,413.300994873047,-3.49839890160743,94
13,3135.00838457074,109.27372458,23.04619219,413.300994873047,-3.71243952136294,94
13,3144.86237348671,109.27477026,23.04711128,413.300994873047,-3.92134121195706,94
13,3154.71636240268,109.27581594,23.04803037,413.300994873047,-4.1253445109179,94
13,3164.57035131865,109.27686162,23.04894946,413.300994873047,-4.32467348161845,94
13,3174.42434023462,109.2779073,23.04986855,413.300994873047,-4.51953718170533,94
13,3184.27832915059,109.27895298,23.05078764,413.300994873047,-4.71013097170854,94
13,3194.13231806656,109.27999866,23.05170673,413.300994873047,-4.89663768427968,94
13,3203.98630698253,109.28104434,23.05262582,413.300994873047,-5.07922867143137,94
13,3213.8402958985,109.28209002,23.05354491,413.300994873047,-5.25806474474678,94
13,3223.69428481447,109.2831357,23.054464,413.300994873047,-5.43329702140687,94
13,3223.69428481447,109.2831357,23.054464,413.300994873047,-5.43329702140687,95
13,3232.59435113934,109.2831357,23.054464,391.050829060872,-5.43239766468182,95
13,3241.49441746421,109.2831357,23.054464,368.800663248698,-5.4315767808796,95
13,3250.39448378908,109.2831357,23.054464,346.550497436524,-5.43083441453956,95
13,3259.29455011395,109.2831357,23.054464,324.300331624349,-5.43017060595778,95
13,3268.19461643882,109.2831357,23.054464,302.050165812175,-5.4295853911798,95
13,3277.09468276369,109.2831357,23.054464,279.8,-5.42907880199408,95
13,3277.09468276369,109.2831357,23.054464,279.8,-5.42907880199408,96
13,3287.09468276369,109.2831357,23.054464,279.8,-5.42907880199408,96
13,3297.09468276369,109.2831357,23.054464,279.8,-5.42907880199408,96
13,3307.09468276369,109.2831357,23.054464,279.8,-5.42907880199408,96
13,3317.09468276369,109.2831357,23.054464,279.8,-5.42907880199408,96
13,3327.09468276369,109.2831357,23.054464,279.8,-5.42907880199408,96
13,3337.09468276369,109.2831357,23.054464,279.8,-5.42907880199408,96
13,3347.09468276369,109.2831357,23.054464,279.8,-5.42907880199408,96
13,3357.09468276369,109.2831357,23.054464,279.8,-5.42907880199408,96
13,3367.09468276369,109.2831357,23.054464,279.8,-5.42907880199408,96
13,3377.09468276369,109.2831357,23.054464,279.8,-5.42907880199408,96
13,3387.09468276369,109.2831357,23.054464,279.8,-5.42907880199408,96
13,3397.09468276369,109.2831357,23.054464,279.8,-5.42907880199408,96
13,3407.09468276369,109.2831357,23.054464,279.8,-5.42907880199408,96
13,3417.09468276369,109.2831357,23.054464,279.8,-5.42907880199408,96
13,3427.09468276369,109.2831357,23.054464,279.8,-5.42907880199408,96
13,3437.09468276369,109.2831357,23.054464,279.8,-5.42907880199408,96
13,3447.09468276369,109.2831357,23.054464,279.8,-5.42907880199408,96
13,3457.09468276369,109.2831357,23.054464,279.8,-5.42907880199408,96
13,3467.09468276369,109.2831357,23.054464,279.8,-5.42907880199408,96
13,3477.09468276369,109.2831357,23.054464,279.8,-5.42907880199408,96
13,3487.09468276369,109.2831357,23.054464,279.8,-5.42907880199408,96
13,3497.09468276369,109.2831357,23.054464,279.8,-5.42907880199408,96
13,3507.09468276369,109.2831357,23.054464,279.8,-5.42907880199408,96
13,3517.09468276369,109.2831357,23.054464,279.8,-5.42907880199408,96
13,3517.09468276369,109.2831357,23.054464,279.8,-5.42907880199408,97
13,3525.99474908856,109.2831357,23.054464,306.50019897461,-5.42969614504389,97
13,3534.89481541343,109.2831357,23.054464,333.200397949219,-5.4304267000573,97
13,3543.7948817383,109.2831357,23.054464,359.900596923828,-5.4312704098964,97
13,3552.69494806317,109.2831357,23.054464,386.600795898437,-5.43222720860123,97
13,3561.59501438803,109.2831357,23.054464,413.300994873047,-5.43329702140687,97
13,3561.59501438803,109.2831357,23.054464,413.300994873047,-5.43329702140687,98
13,3571.449003304,109.28209002,23.05354491,413.300994873047,-5.25806474474678,98
13,3581.30299221997,109.28104434,23.05262582,413.300994873047,-5.07922867143137,98
13,3591.15698113594,109.27999866,23.05170673,413.300994873047,-4.89663768427968,98
13,3601.01097005191,109.27895298,23.05078764,413.300994873047,-4.71013097170854,98
13,3610.86495896787,109.2779073,23.04986855,413.300994873047,-4.51953718170533,98
13,3620.71894788384,109.27686162,23.04894946,413.300994873047,-4.32467348161845,98
13,3630.57293679981,109.27581594,23.04803037,413.300994873047,-4.1253445109179,98
13,3640.42692571578,109.27477026,23.04711128,413.300994873047,-3.92134121195706,98
13,3650.28091463175,109.27372458,23.04619219,413.300994873047,-3.71243952136294,98
13,3660.13490354771,109.2726789,23.0452731,413.300994873047,-3.49839890160743,98
13,3669.98889246368,109.27163322,23.04435401,413.300994873047,-3.27896068888963,98
13,3679.84288137965,109.27058754,23.04343492,413.300994873047,-3.0538462290163,98
13,3689.69687029562,109.26954186,23.04251583,413.300994873047,-2.82275476792145,98
13,3699.55085921159,109.26849618,23.04159674,413.300994873047,-2.58536105711647,98
13,3709.40484812755,109.2674505,23.04067765,413.300994873047,-2.34131262664776,98
13,3719.25883704352,109.26640482,23.03975856,413.300994873047,-2.09022666879927,98
13,3729.11282595949,109.26535914,23.03883947,413.300994873047,-1.83168646405304,98
13,3738.96681487546,109.26431346,23.03792038,413.300994873047,-1.56523726653013,98
13,3748.82080379143,109.26326778,23.03700129,413.300994873047,-1.2903815480329,98
13,3758.67479270739,109.2622221,23.0360822,413.300994873047,-1.00657347735233,98
13,3768.52878162336,109.26117642,23.03516311,413.300994873047,-0.713212483019632,98
13,3778.38277053933,109.26013074,23.03424402,413.300994873047,-0.409635711392554,98
13,3788.2367594553,109.25908506,23.03332493,413.300994873047,-0.0951091456553286,98
14,4208.69929776989,109.220793644444,23.0479549444444,372.909332275391,-1.10691974253562,101
14,4218.6734127235,109.220458375926,23.0492697925926,372.909332275391,-1.39103463380269,101
14,4228.64752767711,109.220123107407,23.0505846407407,372.909332275391,-1.66617022492444,101
14,4238.62164263072,109.219787838889,23.0518994888889,372.909332275391,-1.93287554952626,101
14,4248.59575758433,109.21945257037,23.053214337037,372.909332275391,-2.19165087663883,101
14,4258.56987253794,109.219117301852,23.0545291851852,372.909332275391,-2.44295330892521,101
14,4268.54398749155,109.218782033333,23.0558440333333,372.909332275391,-2.68720160139455,101
14,4278.51810244515,109.218446764815,23.0571588814815,372.909332275391,-2.92478032710666,101
14,4288.49221739876,109.218111496296,23.0584737296296,372.909332275391,-3.15604349308693,101
14,4298.46633235237,109.217776227778,23.0597885777778,372.909332275391,-3.38131769113386,101
14,4308.44044730598,109.217440959259,23.0611034259259,372.909332275391,-3.6009048534261,101
14,4318.41456225959,109.217105690741,23.0624182740741,372.909332275391,-3.81508467085848,101
14,4328.3886772132,109.216770422222,23.0637331222222,372.909332275391,-4.02411672240768,101
14,4338.36279216681,109.216435153704,23.0650479703704,372.909332275391,-4.2282423559288,101
14,4348.33690712042,109.216099885185,23.0663628185185,372.909332275391,-4.42768635437616,101
14,4358.31102207403,109.215764616667,23.0676776666667,372.909332275391,-4.6226584161453,101
14,4368.28513702764,109.215429348148,23.0689925148148,372.909332275391,-4.81335447382088,101
14,4378.25925198125,109.21509407963,23.070307362963,372.909332275391,-4.99995787205968,101
14,4388.23336693485,109.214758811111,23.0716222111111,372.909332275391,-5.18264042224115,101
14,4398.20748188846,109.214423542593,23.0729370592593,372.909332275391,-5.36156334903839,101
14,4408.18159684207,109.214088274074,23.0742519074074,372.909332275391,-5.53687814192077,101
14,4418.15571179568,109.213753005556,23.0755667555556,372.909332275391,-5.70872732280222,101
14,4428.12982674929,109.213417737037,23.0768816037037,372.909332275391,-5.8772451395599,101
14,4438.1039417029,109.213082468519,23.0781964518519,372.909332275391,-6.04255819382894,101
14,4448.07805665651,109.2127472,23.0795113,372.909332275391,-6.20478601040747,101
14,4448.07805665651,109.2127472,23.0795113,372.909332275391,-6.20478601040747,102
14,4456.23880323854,109.2127472,23.0795113,352.507465820312,-6.20420268259812,102
14,4464.39954982057,109.2127472,23.0795113,332.105599365235,-6.20367463844374,102
14,4472.5602964026,109.2127472,23.0795113,311.703732910156,-6.20320189812099,102
14,4480.72104298463,109.2127472,23.0795113,291.301866455079,-6.20278447969812,102
14,4488.88178956666,109.2127472,23.0795113,270.9,-6.2024223991329,102
14,4488.88178956666,109.2127472,23.0795113,270.9,-6.2024223991329,103
14,4498.88178956666,109.2127472,23.0795113,270.9,-6.2024223991329,103
14,4508.88178956666,109.2127472,23.0795113,270.9,-6.2024223991329,103
14,4518.88178956666,109.2127472,23.0795113,270.9,-6.2024223991329,103
14,4528.88178956666,109.2127472,23.0795113,270.9,-6.2024223991329,103
14,4538.88178956666,109.2127472,23.0795113,270.9,-6.2024223991329,103
14,4548.88178956666,109.2127472,23.0795113,270.9,-6.2024223991329,103
14,4558.88178956666,109.2127472,23.0795113,270.9,-6.2024223991329,103
14,4568.88178956666,109.2127472,23.0795113,270.9,-6.2024223991329,103
14,4578.88178956666,109.2127472,23.0795113,270.9,-6.2024223991329,103
14,4588.88178956666,109.2127472,23.0795113,270.9,-6.2024223991329,103
14,4598.88178956666,109.2127472,23.0795113,270.9,-6.2024223991329,103
14,4608.88178956666,109.2127472,23.0795113,270.9,-6.2024223991329,103
14,4618.88178956666,109.2127472,23.0795113,270.9,-6.2024223991329,103
14,4628.88178956666,109.2127472,23.0795113,270.9,-6.2024223991329,103
14,4638.88178956666,109.2127472,23.0795113,270.9,-6.2024223991329,103
14,4648.88178956666,109.2127472,23.0795113,270.9,-6.2024223991329,103
14,4658.88178956666,109.2127472,23.0795113,270.9,-6.2024223991329,103
14,4668.88178956666,109.2127472,23.0795113,270.9,-6.2024223991329,103
14,4678.88178956666,109.2127472,23.0795113,270.9,-6.2024223991329,103
14,4688.88178956666,109.2127472,23.0795113,270.9,-6.2024223991329,103
14,4698.88178956666,109.2127472,23.0795113,270.9,-6.2024223991329,103
14,4698.88178956666,109.2127472,23.0795113,270.9,-6.2024223991329,104
14,4707.38256725628,109.2127472,23.0795113,296.402333068846,-6.20288364696694,104
14,4715.8833449459,109.2127472,23.0795113,321.904666137695,-6.20343135412469,104
14,4724.38412263551,109.2127472,23.0795113,347.406999206544,-6.20406548789271,104
14,4732.88490032513,109.2127472,23.0795113,372.909332275391,-6.20478601040747,104
14,4732.88490032513,109.2127472,23.0795113,372.909332275391,-6.20478601040747,105
14,4742.85901527874,109.213082468519,23.0781964518519,372.909332275391,-6.04255819382894,105
14,4752.83313023234,109.213417737037,23.0768816037037,372.909332275391,-5.8772451395599,105
14,4762.80724518595,109.213753005556,23.0755667555556,372.909332275391,-5.70872732280222,105
14,4772.78136013956,109.214088274074,23.0742519074074,372.909332275391,-5.53687814192077,105
14,4782.75547509317,109.214423542593,23.0729370592593,372.909332275391,-5.36156334903839,105
14,4792.72959004678,109.214758811111,23.0716222111111,372.909332275391,-5.18264042224115,105
14,4802.70370500039,109.21509407963,23.070307362963,372.909332275391,-4.99995787205968,105
14,4812.677819954,109.215429348148,23.0689925148148,372.909332275391,-4.81335447382088,105
14,4822.65193490761,109.215764616667,23.0676776666667,372.909332275391,-4.62265841614476,105
14,4832.62604986121,109.216099885185,23.0663628185185,372.909332275391,-4.42768635437616,105
14,4842.60016481482,109.216435153704,23.0650479703704,372.909332275391,-4.2282423559288,105
14,4852.57427976843,109.216770422222,23.0637331222222,372.909332275391,-4.02411672240768,105
14,4862.54839472204,109.217105690741,23.0624182740741,372.909332275391,-3.81508467085848,105
14,4872.52250967565,109.217440959259,23.0611034259259,372.909332275391,-3.6009048534261,105
14,4882.49662462926,109.217776227778,23.0597885777778,372.909332275391,-3.38131769113386,105
14,4892.47073958286,109.218111496296,23.0584737296296,372.909332275391,-3.15604349308693,105
14,4902.44485453647,109.218446764815,23.0571588814815,372.909332275391,-2.92478032710666,105
14,4912.41896949008,109.218782033333,23.0558440333333,372.909332275391,-2.68720160139455,105
14,4922.39308444369,109.219117301852,23.0545291851852,372.909332275391,-2.44295330892521,105
14,4932.3671993973,109.21945257037,23.053214337037,372.909332275391,-2.19165087663883,105
14,4942.34131435091,109.219787838889,23.0518994888889,372.909332275391,-1.93287554952626,105
14,4952.31542930452,109.220123107407,23.0505846407407,372.909332275391,-1.66617022492444,105
14,4962.28954425812,109.220458375926,23.0492697925926,372.909332275391,-1.39103463380269,105
14,4972.26365921173,109.220793644444,23.0479549444444,372.909332275391,-1.10691974253562,105
15,2230.36807028095,109.246806566667,23.04216406,309.244842529297,-0.253119007150389,112
15,2240.05828703461,109.247317233333,23.04338854,309.244842529297,-0.557148767223012,112
15,2249.74850378828,109.2478279,23.04461302,309.244842529297,-0.850928813736189,112
15,2259.43872054194,109.248338566667,23.0458375,309.244842529297,-1.13512569031671,112
15,2269.1289372956,109.248849233333,23.04706198,309.244842529297,-1.41034314948845,112
15,2278.81915404927,109.2493599,23.04828646,309.244842529297,-1.67712977847908,112
15,2288.50937080293,109.249870566667,23.04951094,309.244842529297,-1.93598550443285,112
15,2298.1995875566,109.250381233333,23.05073542,309.244842529297,-2.18736717053631,112
15,2307.88980431026,109.2508919,23.0519599,309.244842529297,-2.43169333747524,112
15,2317.58002106393,109.251402566667,23.05318438,309.244842529297,-2.66934843556653,112
15,2327.27023781759,109.251913233333,23.05440886,309.244842529297,-2.9006863699878,112
15,2336.96045457126,109.2524239,23.05563334,309.244842529297,-3.12603366313567,112
15,2346.65067132492,109.252934566667,23.05685782,309.244842529297,-3.34569220348368,112
15,2356.34088807858,109.253445233333,23.0580823,309.244842529297,-3.55994165857496,112
15,2366.03110483225,109.2539559,23.05930678,309.244842529297,-3.76904160009573,112
15,2375.72132158591,109.254466566667,23.06053126,309.244842529297,-3.9732333812335,112
15,2385.41153833958,109.254977233333,23.06175574,309.244842529297,-4.1727418001453,112
15,2395.10175509324,109.2554879,23.06298022,309.244842529297,-4.36777657807396,112
15,2404.79197184691,109.255998566667,23.0642047,309.244842529297,-4.55853367631475,112
15,2414.48218860057,109.256509233333,23.06542918,309.244842529297,-4.74519647265804,112
15,2424.17240535424,109.2570199,23.06665366,309.244842529297,-4.92793681487677,112
15,2433.8626221079,109.257530566667,23.06787814,309.244842529297,-5.10691596636602,112
15,2443.55283886156,109.258041233333,23.06910262,309.244842529297,-5.28228545688921,112
15,2453.24305561523,109.2585519,23.0703271,309.244842529297,-5.45418784963702,112
15,2453.24305561523,109.2585519,23.0703271,309.244842529297,-5.45418784963702,113
15,2462.21753986816,109.2585519,23.0703271,291.295874023437,-5.45375498778832,113
15,2471.19202412109,109.2585519,23.0703271,273.346905517578,-5.45337301365392,113
15,2480.16650837402,109.2585519,23.0703271,255.397937011719,-5.45304194066561,113
15,2489.14099262695,109.2585519,23.0703271,237.44896850586,-5.45276178046754,113
15,2498.11547687988,109.2585519,23.0703271,219.5,-5.45253254291482,113
15,2498.11547687988,109.2585519,23.0703271,219.5,-5.45253254291482,114
15,2508.01547687988,109.2585519,23.0703271,219.5,-5.45253254291482,114
15,2517.91547687988,109.2585519,23.0703271,219.5,-5.45253254291482,114
15,2527.81547687988,109.2585519,23.0703271,219.5,-5.45253254291482,114
15,2537.71547687988,109.2585519,23.0703271,219.5,-5.45253254291482,114
15,2547.61547687988,109.2585519,23.0703271,219.5,-5.45253254291482,114
15,2557.51547687988,109.2585519,23.0703271,219.5,-5.45253254291482,114
15,2567.41547687988,109.2585519,23.0703271,219.5,-5.45253254291482,114
15,2577.31547687988,109.2585519,23.0703271,219.5,-5.45253254291482,114
15,2587.21547687988,109.2585519,23.0703271,219.5,-5.45253254291482,114
15,2597.11547687988,109.2585519,23.0703271,219.5,-5.45253254291482,114
15,2607.01547687988,109.2585519,23.0703271,219.5,-5.45253254291482,114
15,2616.91547687988,109.2585519,23.0703271,219.5,-5.45253254291482,114
15,2626.81547687988,109.2585519,23.0703271,219.5,-5.45253254291482,114
15,2636.71547687988,109.2585519,23.0703271,219.5,-5.45253254291482,114
15,2646.61547687988,109.2585519,23.0703271,219.5,-5.45253254291482,114
15,2656.51547687988,109.2585519,23.0703271,219.5,-5.45253254291482,114
15,2666.41547687988,109.2585519,23.0703271,219.5,-5.45253254291482,114
15,2676.31547687988,109.2585519,23.0703271,219.5,-5.45253254291482,114
15,2686.21547687988,109.2585519,23.0703271,219.5,-5.45253254291482,114
15,2696.11547687988,109.2585519,23.0703271,219.5,-5.45253254291482,114
15,2706.01547687988,109.2585519,23.0703271,219.5,-5.45253254291482,114
15,2715.91547687988,109.2585519,23.0703271,219.5,-5.45253254291482,114
15,2725.81547687988,109.2585519,23.0703271,219.5,-5.45253254291482,114
15,2735.71547687988,109.2585519,23.0703271,219.5,-5.45253254291482,114
15,2745.61547687988,109.2585519,23.0703271,219.5,-5.45253254291482,114
15,2755.51547687988,109.2585519,23.0703271,219.5,-5.45253254291482,114
15,2765.41547687988,109.2585519,23.0703271,219.5,-5.45253254291482,114
15,2775.31547687988,109.2585519,23.0703271,219.5,-5.45253254291482,114
15,2785.21547687988,109.2585519,23.0703271,219.5,-5.45253254291482,114
15,2795.11547687988,109.2585519,23.0703271,219.5,-5.45253254291482,114
15,2805.01547687988,109.2585519,23.0703271,219.5,-5.45253254291482,114
15,2814.91547687988,109.2585519,23.0703271,219.5,-5.45253254291482,114
15,2824.81547687988,109.2585519,23.0703271,219.5,-5.45253254291482,114
15,2834.71547687988,109.2585519,23.0703271,219.5,-5.45253254291482,114
15,2844.61547687988,109.2585519,23.0703271,219.5,-5.45253254291482,114
15,2854.51547687988,109.2585519,23.0703271,219.5,-5.45253254291482,114
15,2864.41547687988,109.2585519,23.0703271,219.5,-5.45253254291482,114
15,2874.31547687988,109.2585519,23.0703271,219.5,-5.45253254291482,114
15,2884.21547687988,109.2585519,23.0703271,219.5,-5.45253254291482,114
15,2894.11547687988,109.2585519,23.0703271,219.5,-5.45253254291482,114
15,2894.11547687988,109.2585519,23.0703271,219.5,-5.45253254291482,115
15,2903.06090229492,109.2585519,23.0703271,241.863563537598,-5.45282596488462,115
15,2912.00632770996,109.2585519,23.0703271,264.227127075196,-5.45319843542495,115
15,2920.95175312499,109.2585519,23.0703271,286.590690612793,-5.45364993419717,115
15,2929.89717854003,109.2585519,23.0703271,308.954254150391,-5.45418043655282,115
15,2929.89717854003,109.2585519,23.0703271,308.954254150391,-5.45418043655282,116
15,2939.77892581348,109.257997896,23.069090748,308.954254150391,-5.2787919202968,116
15,2949.66067308692,109.257443892,23.067854396,308.954254150391,-5.0997903856707,116
15,2959.54242036037,109.256889888,23.066618044,308.954254150391,-4.9170239236618,116
15,2969.42416763381,109.256335884,23.065381692,308.954254150391,-4.73033084403117,116
15,2979.30591490726,109.25578188,23.06414534,308.954254150391,-4.53953881762315,116
15,2989.1876621807,109.255227876,23.062908988,308.954254150391,-4.34446392260384,116
15,2999.06940945414,109.254673872,23.061672636,308.954254150391,-4.14490958144673,116
15,3008.95115672759,109.254119868,23.060436284,308.954254150391,-3.94066537328948,116
15,3018.83290400103,109.253565864,23.059199932,308.954254150391,-3.73150570370686,116
15,3028.71465127448,109.25301186,23.05796358,308.954254150391,-3.51718831090692,116
15,3038.59639854792,109.252457856,23.056727228,308.954254150391,-3.29745258357686,116
15,3048.47814582136,109.251903852,23.055490876,308.954254150391,-3.07201766120569,116
15,3058.35989309481,109.251349848,23.054254524,308.954254150391,-2.84058028221807,116
15,3068.24164036825,109.250795844,23.053018172,308.954254150391,-2.60281233872581,116
15,3078.1233876417,109.25024184,23.05178182,308.954254150391,-2.35835808858037,116
15,3088.00513491514,109.249687836,23.050545468,308.954254150391,-2.10683096545746,116
15,3097.88688218859,109.249133832,23.049309116,308.954254150391,-1.8478099154987,116
15,3107.76862946203,109.248579828,23.048072764,308.954254150391,-1.58083517364535,116
15,3117.65037673547,109.248025824,23.046836412,308.954254150391,-1.30540337371443,116
15,3127.53212400892,109.24747182,23.04560006,308.954254150391,-1.02096186218294,116
15,3137.41387128236,109.246917816,23.044363708,308.954254150391,-0.726902055016296,116
15,3147.29561855581,109.246363812,23.043127356,308.954254150391,-0.422551637838538,116
15,3157.17736582925,109.245809808,23.041891004,308.954254150391,-0.107165359469619,116
17,3549.74492122522,109.197726532258,23.0267206516129,511.973175048828,-0.0216328599320832,126
17,3559.4964493259,109.196499674194,23.0273951387097,511.973175048828,-0.334931627255699,126
17,3569.24797742657,109.195272816129,23.0280696258065,511.973175048828,-0.637404401198921,126
17,3578.99950552725,109.194045958065,23.0287441129032,511.973175048828,-0.929769116418129,126
17,3588.75103362793,109.1928191,23.0294186,511.973175048828,-1.21267506940602,126
17,3588.75103362793,109.1928191,23.0294186,511.973175048828,-1.21267506940602,127
17,3597.8328766862,109.1928191,23.0294186,493.809488932292,-1.20996630607485,127
17,3606.91471974447,109.1928191,23.0294186,475.645802815755,-1.20739449975657,127
17,3615.99656280273,109.1928191,23.0294186,457.482116699219,-1.20495989487597,127
17,3625.078405861,109.1928191,23.0294186,439.318430582683,-1.20266272312988,127
17,3634.16024891927,109.1928191,23.0294186,421.154744466146,-1.20050320341419,127
17,3643.24209197754,109.1928191,23.0294186,402.991058349609,-1.1984815417547,127
17,3652.32393503581,109.1928191,23.0294186,384.827372233073,-1.196597931242,127
17,3661.40577809408,109.1928191,23.0294186,366.663686116536,-1.19485255197019,127
17,3670.48762115234,109.1928191,23.0294186,348.5,-1.1932455709798,127
17,3670.48762115234,109.1928191,23.0294186,348.5,-1.1932455709798,128
17,3680.17992884465,109.1928191,23.0294186,348.5,-1.1932455709798,128
17,3689.87223653696,109.1928191,23.0294186,348.5,-1.1932455709798,128
17,3699.56454422927,109.1928191,23.0294186,348.5,-1.1932455709798,128
17,3709.25685192158,109.1928191,23.0294186,348.5,-1.1932455709798,128
17,3718.94915961388,109.1928191,23.0294186,348.5,-1.1932455709798,128
17,3728.64146730619,109.1928191,23.0294186,348.5,-1.1932455709798,128
17,3738.3337749985,109.1928191,23.0294186,348.5,-1.1932455709798,128
17,3748.02608269081,109.1928191,23.0294186,348.5,-1.1932455709798,128
17,3757.71839038311,109.1928191,23.0294186,348.5,-1.1932455709798,128
17,3767.41069807542,109.1928191,23.0294186,348.5,-1.1932455709798,128
17,3777.10300576773,109.1928191,23.0294186,348.5,-1.1932455709798,128
17,3786.79531346004,109.1928191,23.0294186,348.5,-1.1932455709798,128
17,3796.48762115234,109.1928191,23.0294186,348.5,-1.1932455709798,128
17,3806.17992884465,109.1928191,23.0294186,348.5,-1.1932455709798,128
17,3815.87223653696,109.1928191,23.0294186,348.5,-1.1932455709798,128
17,3825.56454422927,109.1928191,23.0294186,348.5,-1.1932455709798,128
17,3835.25685192158,109.1928191,23.0294186,348.5,-1.1932455709798,128
17,3844.94915961388,109.1928191,23.0294186,348.5,-1.1932455709798,128
17,3854.64146730619,109.1928191,23.0294186,348.5,-1.1932455709798,128
17,3864.3337749985,109.1928191,23.0294186,348.5,-1.1932455709798,128
17,3874.02608269081,109.1928191,23.0294186,348.5,-1.1932455709798,128
17,3883.71839038311,109.1928191,23.0294186,348.5,-1.1932455709798,128
17,3893.41069807542,109.1928191,23.0294186,348.5,-1.1932455709798,128
17,3903.10300576773,109.1928191,23.0294186,348.5,-1.1932455709798,128
17,3912.79531346004,109.1928191,23.0294186,348.5,-1.1932455709798,128
17,3922.48762115234,109.1928191,23.0294186,348.5,-1.1932455709798,128
17,3922.48762115234,109.1928191,23.0294186,348.5,-1.1932455709798,129
17,3930.78086659505,109.1928191,23.0294186,369.23311360677,-1.19509105216511,129
17,3939.07411203776,109.1928191,23.0294186,389.966227213542,-1.19711682643789,129
17,3947.36735748047,109.1928191,23.0294186,410.699340820312,-1.19932264124532,129
17,3947.36735748047,109.1928191,23.0294186,410.699340820312,-1.19932264124532,130
17,3956.96125791135,109.191557978947,23.0299898,410.699340820312,-1.46898507479109,130
17,3966.55515834223,109.190296857895,23.030561,410.699340820312,-1.73059990717434,130
17,3976.14905877311,109.189035736842,23.0311322,410.699340820312,-1.98462945503884,130
17,3985.74295920399,109.187774615789,23.0317034,410.699340820312,-2.23149764293353,130
17,3995.33685963488,109.186513494737,23.0322746,410.699340820312,-2.47159410381421,130
17,4004.93076006576,109.185252373684,23.0328458,410.699340820312,-2.70527775110958,130
17,4014.52466049664,109.183991252632,23.033417,410.699340820312,-2.93287990119961,130
17,4024.11856092752,109.182730131579,23.0339882,410.699340820312,-3.15470701204443,130
17,4033.7124613584,109.181469010526,23.0345594,410.699340820312,-3.371043092771,130
17,4043.30636178928,109.180207889474,23.0351306,410.699340820312,-3.58215183013695,130
17,4052.90026222016,109.178946768421,23.0357018,410.699340820312,-3.78827847067882,130
17,4062.49416265105,109.177685647368,23.036273,410.699340820312,-3.98965149119651,130
17,4072.08806308193,109.176424526316,23.0368442,410.699340820312,-4.18648408535813,130
17,4081.68196351281,109.175163405263,23.0374154,410.699340820312,-4.37897549002938,130
17,4091.27586394369,109.173902284211,23.0379866,410.699340820312,-4.56731217153282,130
17,4100.86976437457,109.172641163158,23.0385578,410.699340820312,-4.75166888911841,130
17,4110.46366480545,109.171380042105,23.039129,410.699340820312,-4.93220965050055,130
17,4120.05756523633,109.170118921053,23.0397002,410.699340820312,-5.10908857230208,130
17,4129.65146566722,109.1688578,23.0402714,410.699340820312,-5.28245065647627,130
17,4129.65146566722,109.1688578,23.0402714,410.699340820312,-5.28245065647627,131
17,4138.67638326976,109.1688578,23.0402714,392.649505615234,-5.2816967931069,131
17,4147.70130087229,109.1688578,23.0402714,374.599670410156,-5.28099638917203,131
17,4156.72621847483,109.1688578,23.0402714,356.549835205078,-5.28034947056082,131
17,4165.75113607737,109.1688578,23.0402714,338.5,-5.27975606119412,131
17,4165.75113607737,109.1688578,23.0402714,338.5,-5.27975606119412,132
17,4175.75113607737,109.1688578,23.0402714,338.5,-5.27975606119412,132
17,4185.75113607737,109.1688578,23.0402714,338.5,-5.27975606119412,132
17,4195.75113607737,109.1688578,23.0402714,338.5,-5.27975606119412,132
17,4205.75113607737,109.1688578,23.0402714,338.5,-5.27975606119412,132
17,4215.75113607737,109.1688578,23.0402714,338.5,-5.27975606119412,132
17,4225.75113607737,109.1688578,23.0402714,338.5,-5.27975606119412,132
17,4235.75113607737,109.1688578,23.0402714,338.5,-5.27975606119412,132
17,4245.75113607737,109.1688578,23.0402714,338.5,-5.27975606119412,132
17,4255.75113607737,109.1688578,23.0402714,338.5,-5.27975606119412,132
17,4265.75113607737,109.1688578,23.0402714,338.5,-5.27975606119412,132
17,4275.75113607737,109.1688578,23.0402714,338.5,-5.27975606119412,132
17,4285.75113607737,109.1688578,23.0402714,338.5,-5.27975606119412,132
17,4295.75113607737,109.1688578,23.0402714,338.5,-5.27975606119412,132
17,4305.75113607737,109.1688578,23.0402714,338.5,-5.27975606119412,132
17,4315.75113607737,109.1688578,23.0402714,338.5,-5.27975606119412,132
17,4325.75113607737,109.1688578,23.0402714,338.5,-5.27975606119412,132
17,4335.75113607737,109.1688578,23.0402714,338.5,-5.27975606119412,132
17,4345.75113607737,109.1688578,23.0402714,338.5,-5.27975606119412,132
17,4355.75113607737,109.1688578,23.0402714,338.5,-5.27975606119412,132
17,4365.75113607737,109.1688578,23.0402714,338.5,-5.27975606119412,132
17,4375.75113607737,109.1688578,23.0402714,338.5,-5.27975606119412,132
17,4385.75113607737,109.1688578,23.0402714,338.5,-5.27975606119412,132
17,4395.75113607737,109.1688578,23.0402714,338.5,-5.27975606119412,132
17,4405.75113607737,109.1688578,23.0402714,338.5,-5.27975606119412,132
17,4415.75113607737,109.1688578,23.0402714,338.5,-5.27975606119412,132
17,4425.75113607737,109.1688578,23.0402714,338.5,-5.27975606119412,132
17,4435.75113607737,109.1688578,23.0402714,338.5,-5.27975606119412,132
17,4445.75113607737,109.1688578,23.0402714,338.5,-5.27975606119412,132
17,4455.75113607737,109.1688578,23.0402714,338.5,-5.27975606119412,132
17,4465.75113607737,109.1688578,23.0402714,338.5,-5.27975606119412,132
17,4475.75113607737,109.1688578,23.0402714,338.5,-5.27975606119412,132
17,4485.75113607737,109.1688578,23.0402714,338.5,-5.27975606119412,132
17,4495.75113607737,109.1688578,23.0402714,338.5,-5.27975606119412,132
17,4505.75113607737,109.1688578,23.0402714,338.5,-5.27975606119412,132
17,4515.75113607737,109.1688578,23.0402714,338.5,-5.27975606119412,132
17,4525.75113607737,109.1688578,23.0402714,338.5,-5.27975606119412,132
17,4525.75113607737,109.1688578,23.0402714,338.5,-5.27975606119412,133
17,4535.67576444109,109.1688578,23.0402714,363.311570909287,-5.28058554906438,133
17,4545.6003928048,109.1688578,23.0402714,388.123141818577,-5.28151612940553,133
17,4555.52502116852,109.1688578,23.0402714,412.934712727864,-5.28254773721203,133
17,4565.44964953223,109.1688578,23.0402714,437.746283637153,-5.28368030045903,133
17,4575.37427789595,109.1688578,23.0402714,462.55785454644,-5.28491374011918,133
17,4585.29890625966,109.1688578,23.0402714,487.36942545573,-5.28624797018091,133
17,4595.22353462338,109.1688578,23.0402714,512.180996365017,-5.28768289766839,133
17,4605.1481629871,109.1688578,23.0402714,536.992567274307,-5.28921842266308,133
17,4615.07279135081,109.1688578,23.0402714,561.804138183594,-5.29085443832689,133
17,4615.07279135081,109.1688578,23.0402714,561.804138183594,-5.29085443832689,134
17,4624.95466789034,109.170122981633,23.0396231979592,561.804138183594,-5.11236572781868,134
17,4634.83654442987,109.171388163265,23.0389749959184,561.804138183594,-4.93014440017357,134
17,4644.71842096941,109.172653344898,23.0383267938776,561.804138183594,-4.74403159522744,134
17,4654.60029750894,109.173918526531,23.0376785918367,561.804138183594,-4.55385813043837,134
17,4664.48217404847,109.175183708163,23.0370303897959,561.804138183594,-4.35944359055875,134
17,4674.364050588,109.176448889796,23.0363821877551,561.804138183594,-4.16059531513976,134
17,4684.24592712754,109.177714071429,23.0357339857143,561.804138183594,-3.95710726988695,134
17,4694.12780366707,109.178979253061,23.0350857836735,561.804138183594,-3.74875878555106,134
17,4704.0096802066,109.180244434694,23.0344375816327,561.804138183594,-3.53531314539532,134
17,4713.89155674613,109.181509616327,23.0337893795918,561.804138183594,-3.31651599898888,134
17,4723.77343328567,109.182774797959,23.033141177551,561.804138183594,-3.0920935762099,134
17,4733.6553098252,109.184039979592,23.0324929755102,561.804138183594,-2.86175067072175,134
17,4743.53718636473,109.185305161224,23.0318447734694,561.804138183594,-2.62516835644979,134
17,4753.41906290426,109.186570342857,23.0311965714286,561.804138183594,-2.38200139391023,134
17,4763.3009394438,109.18783552449,23.0305483693878,561.804138183594,-2.13187527472779,134
17,4773.18281598333,109.189100706122,23.0299001673469,561.804138183594,-1.87438284266781,134
17,4783.06469252286,109.190365887755,23.0292519653061,561.804138183594,-1.6090804168045,134
17,4792.94656906239,109.191631069388,23.0286037632653,561.804138183594,-1.33548332713727,134
17,4802.82844560193,109.19289625102,23.0279555612245,561.804138183594,-1.05306075350026,134
17,4812.71032214146,109.194161432653,23.0273073591837,561.804138183594,-0.761229734776137,134
17,4822.59219868099,109.195426614286,23.0266591571429,561.804138183594,-0.459348185018172,134
17,4832.47407522052,109.196691795918,23.026010955102,561.804138183594,-0.146706715083937,134
18,2511.75049512323,109.264463768293,23.0272333,399.181823730469,-0.158645249172551,137
18,2521.60667881679,109.265452358537,23.027784,399.181823730469,-0.409461923510293,137
18,2531.46286251034,109.26644094878,23.0283347,399.181823730469,-0.653263303007179,137
18,2541.3190462039,109.267429539024,23.0288854,399.181823730469,-0.890429836172046,137
18,2551.17522989745,109.268418129268,23.0294361,399.181823730469,-1.12131193829687,137
18,2561.03141359101,109.269406719512,23.0299868,399.181823730469,-1.34623306184172,137
18,2570.88759728456,109.270395309756,23.0305375,399.181823730469,-1.56549238537247,137
18,2580.74378097812,109.2713839,23.0310882,399.181823730469,-1.77936717644823,137
18,2580.74378097812,109.2713839,23.0310882,399.181823730469,-1.77936717644823,138
18,2590.24014572421,109.2713839,23.0310882,375.440911865235,-1.7772710876019,138
18,2599.73651047031,109.2713839,23.0310882,351.7,-1.77538181447841,138
18,2599.73651047031,109.2713839,23.0310882,351.7,-1.77538181447841,139
18,2609.73651047031,109.2713839,23.0310882,351.7,-1.77538181447841,139
18,2619.73651047031,109.2713839,23.0310882,351.7,-1.77538181447841,139
18,2629.73651047031,109.2713839,23.0310882,351.7,-1.77538181447841,139
18,2639.73651047031,109.2713839,23.0310882,351.7,-1.77538181447841,139
18,2649.73651047031,109.2713839,23.0310882,351.7,-1.77538181447841,139
18,2659.73651047031,109.2713839,23.0310882,351.7,-1.77538181447841,139
18,2669.73651047031,109.2713839,23.0310882,351.7,-1.77538181447841,139
18,2679.73651047031,109.2713839,23.0310882,351.7,-1.77538181447841,139
18,2689.73651047031,109.2713839,23.0310882,351.7,-1.77538181447841,139
18,2699.73651047031,109.2713839,23.0310882,351.7,-1.77538181447841,139
18,2709.73651047031,109.2713839,23.0310882,351.7,-1.77538181447841,139
18,2719.73651047031,109.2713839,23.0310882,351.7,-1.77538181447841,139
18,2729.73651047031,109.2713839,23.0310882,351.7,-1.77538181447841,139
18,2739.73651047031,109.2713839,23.0310882,351.7,-1.77538181447841,139
18,2749.73651047031,109.2713839,23.0310882,351.7,-1.77538181447841,139
18,2759.73651047031,109.2713839,23.0310882,351.7,-1.77538181447841,139
18,2769.73651047031,109.2713839,23.0310882,351.7,-1.77538181447841,139
18,2779.73651047031,109.2713839,23.0310882,351.7,-1.77538181447841,139
18,2779.73651047031,109.2713839,23.0310882,351.7,-1.77538181447841,140
18,2788.38223975323,109.2713839,23.0310882,377.637187848772,-1.7774563202214,140
18,2797.02796903615,109.2713839,23.0310882,403.574375697545,-1.77977764456911,140
18,2805.67369831908,109.2713839,23.0310882,429.511563546317,-1.78234539141017,140
18,2814.319427602,109.2713839,23.0310882,455.448751395089,-1.785159123159,140
18,2822.96515688493,109.2713839,23.0310882,481.385939243862,-1.78821836100326,140
18,2831.61088616785,109.2713839,23.0310882,507.323127092634,-1.79152258517415,140
18,2840.25661545077,109.2713839,23.0310882,533.260314941406,-1.79507123523896,140
18,2840.25661545077,109.2713839,23.0310882,533.260314941406,-1.79507123523896,141
18,2849.90908612016,109.271836222222,23.030129737037,533.260314941406,-1.7707802674457,141
18,2859.56155678954,109.272288544444,23.0291712740741,533.260314941406,-1.75133098195043,141
18,2869.21402745893,109.272740866667,23.0282128111111,533.260314941406,-1.73678923678567,141
18,2878.86649812832,109.273193188889,23.0272543481481,533.260314941406,-1.72720472785859,141
18,2888.5189687977,109.273645511111,23.0262958851852,533.260314941406,-1.72261042796246,141
18,2898.17143946709,109.274097833333,23.0253374222222,533.260314941406,-1.72302221078013,141
18,2907.82391013647,109.274550155556,23.0243789592593,533.260314941406,-1.72843866877523,141
18,2917.47638080586,109.275002477778,23.0234204962963,533.260314941406,-1.73884112936561,141
18,2927.12885147524,109.2754548,23.0224620333333,533.260314941406,-1.75419386899904,141
18,2936.78132214463,109.275907122222,23.0215035703704,533.260314941406,-1.77444451995707,141
18,2946.43379281401,109.276359444444,23.0205451074074,533.260314941406,-1.79952466028679,141
18,2956.0862634834,109.276811766667,23.0195866444444,533.260314941406,-1.82935057299716,141
18,2965.73873415278,109.277264088889,23.0186281814815,533.260314941406,-1.86382415714262,141
18,2975.39120482217,109.277716411111,23.0176697185185,533.260314941406,-1.90283397048806,141
18,2985.04367549155,109.278168733333,23.0167112555556,533.260314941406,-1.94625638122119,141
18,2994.69614616094,109.278621055556,23.0157527925926,533.260314941406,-1.99395680490656,141
18,3004.34861683032,109.279073377778,23.0147943296296,533.260314941406,-2.04579100220482,141
18,3014.00108749971,109.2795257,23.0138358666667,533.260314941406,-2.10160641319746,141
18,3023.6535581691,109.279978022222,23.0128774037037,533.260314941406,-2.16124350494803,141
18,3033.30602883848,109.280430344444,23.0119189407407,533.260314941406,-2.22453711049076,141
18,3042.95849950787,109.280882666667,23.0109604777778,533.260314941406,-2.29131773943392,141
18,3052.61097017725,109.281334988889,23.0100020148148,533.260314941406,-2.36141284264562,141
18,3062.26344084664,109.281787311111,23.0090435518519,533.260314941406,-2.43464801617357,141
18,3071.91591151602,109.282239633333,23.0080850888889,533.260314941406,-2.51084813217528,141
18,3081.56838218541,109.282691955556,23.0071266259259,533.260314941406,-2.58983838742249,141
18,3091.22085285479,109.283144277778,23.006168162963,533.260314941406,-2.671445262578,141
18,3100.87332352418,109.2835966,23.0052097,533.260314941406,-2.755497387883,141
18,3100.87332352418,109.2835966,23.0052097,533.260314941406,-2.755497387883,142
18,3109.98633927125,109.2835966,23.0052097,510.477775573731,-2.75298849294377,142
18,3119.09935501832,109.2835966,23.0052097,487.695236206054,-2.75063104008363,142
18,3128.21237076539,109.2835966,23.0052097,464.912696838379,-2.74842527681339,142
18,3137.32538651246,109.2835966,23.0052097,442.130157470703,-2.74637143500206,142
18,3146.43840225953,109.2835966,23.0052097,419.347618103028,-2.74446973079608,142
18,3155.5514180066,109.2835966,23.0052097,396.565078735352,-2.74272036454383,142
18,3164.66443375367,109.2835966,23.0052097,373.782539367675,-2.74112352072548,142
18,3173.77744950074,109.2835966,23.0052097,351,-2.73967936788839,142
18,3173.77744950074,109.2835966,23.0052097,351,-2.73967936788839,143
18,3183.77744950074,109.2835966,23.0052097,351,-2.73967936788839,143
18,3193.77744950074,109.2835966,23.0052097,351,-2.73967936788839,143
18,3203.77744950074,109.2835966,23.0052097,351,-2.73967936788839,143
18,3213.77744950074,109.2835966,23.0052097,351,-2.73967936788839,143
18,3223.77744950074,109.2835966,23.0052097,351,-2.73967936788839,143
18,3233.77744950074,109.2835966,23.0052097,351,-2.73967936788839,143
18,3243.77744950074,109.2835966,23.0052097,351,-2.73967936788839,143
18,3253.77744950074,109.2835966,23.0052097,351,-2.73967936788839,143
18,3263.77744950074,109.2835966,23.0052097,351,-2.73967936788839,143
18,3273.77744950074,109.2835966,23.0052097,351,-2.73967936788839,143
18,3283.77744950074,109.2835966,23.0052097,351,-2.73967936788839,143
18,3293.77744950074,109.2835966,23.0052097,351,-2.73967936788839,143
18,3303.77744950074,109.2835966,23.0052097,351,-2.73967936788839,143
18,3313.77744950074,109.2835966,23.0052097,351,-2.73967936788839,143
18,3323.77744950074,109.2835966,23.0052097,351,-2.73967936788839,143
18,3333.77744950074,109.2835966,23.0052097,351,-2.73967936788839,143
18,3343.77744950074,109.2835966,23.0052097,351,-2.73967936788839,143
18,3353.77744950074,109.2835966,23.0052097,351,-2.73967936788839,143
18,3353.77744950074,109.2835966,23.0052097,351,-2.73967936788839,144
18,3362.70142682279,109.2835966,23.0052097,377.771931966146,-2.74139211684044,144
18,3371.62540414484,109.2835966,23.0052097,404.543863932292,-2.74331567347653,144
18,3380.54938146689,109.2835966,23.0052097,431.315795898438,-2.74544975750251,144
18,3389.47335878894,109.2835966,23.0052097,458.087727864583,-2.74779405828585,144
18,3398.39733611098,109.2835966,23.0052097,484.859659830729,-2.75034823500575,144
18,3407.32131343303,109.2835966,23.0052097,511.631591796875,-2.7531119168177,144
18,3416.24529075508,109.2835966,23.0052097,538.403523763021,-2.75608470303204,144
18,3425.16926807713,109.2835966,23.0052097,565.175455729166,-2.75926616330653,144
18,3434.09324539918,109.2835966,23.0052097,591.947387695312,-2.76265583785261,144
18,3434.09324539918,109.2835966,23.0052097,591.947387695312,-2.76265583785261,145
18,3443.91136470753,109.282449971739,23.0052814347826,591.947387695312,-2.57304960614562,145
18,3453.72948401589,109.281303343478,23.0053531695652,591.947387695312,-2.37924236136558,145
18,3463.54760332425,109.280156715217,23.0054249043478,591.947387695312,-2.18104517645983,145
18,3473.3657226326,109.279010086957,23.0054966391304,591.947387695312,-1.97825619480821,145
18,3483.18384194096,109.277863458696,23.005568373913,591.947387695312,-1.77065943397332,145
18,3493.00196124931,109.276716830435,23.0056401086957,591.947387695312,-1.55802344929093,145
18,3502.82008055767,109.275570202174,23.0057118434783,591.947387695312,-1.34009983737495,145
18,3512.63819986603,109.274423573913,23.0057835782609,591.947387695312,-1.11662155625812,145
18,3522.45631917438,109.273276945652,23.0058553130435,591.947387695312,-0.887301034933955,145
18,3532.27443848274,109.272130317391,23.0059270478261,591.947387695312,-0.651828040237064,145
18,3542.09255779109,109.27098368913,23.0059987826087,591.947387695312,-0.409867263352169,145
18,3551.91067709945,109.26983706087,23.0060705173913,591.947387695312,-0.161055581302307,145
19,3104.64554958888,109.264463768293,23.0272333,399.181823730469,-0.158645249172551,148
19,3114.50173328243,109.265452358537,23.027784,399.181823730469,-0.409461923510293,148
19,3124.35791697599,109.26644094878,23.0283347,399.181823730469,-0.653263303007179,148
19,3134.21410066954,109.267429539024,23.0288854,399.181823730469,-0.890429836172046,148
19,3144.0702843631,109.268418129268,23.0294361,399.181823730469,-1.12131193829687,148
19,3153.92646805665,109.269406719512,23.0299868,399.181823730469,-1.34623306184172,148
19,3163.78265175021,109.270395309756,23.0305375,399.181823730469,-1.56549238537247,148
19,3173.63883544376,109.2713839,23.0310882,399.181823730469,-1.77936717644823,148
19,3173.63883544376,109.2713839,23.0310882,399.181823730469,-1.77936717644823,149
19,3183.13520018985,109.2713839,23.0310882,375.440911865235,-1.7772710876019,149
19,3192.63156493595,109.2713839,23.0310882,351.7,-1.77538181447841,149
19,3192.63156493595,109.2713839,23.0310882,351.7,-1.77538181447841,150
19,3202.63156493595,109.2713839,23.0310882,351.7,-1.77538181447841,150
19,3212.63156493595,109.2713839,23.0310882,351.7,-1.77538181447841,150
19,3222.63156493595,109.2713839,23.0310882,351.7,-1.77538181447841,150
19,3232.63156493595,109.2713839,23.0310882,351.7,-1.77538181447841,150
19,3242.63156493595,109.2713839,23.0310882,351.7,-1.77538181447841,150
19,3252.63156493595,109.2713839,23.0310882,351.7,-1.77538181447841,150
19,3262.63156493595,109.2713839,23.0310882,351.7,-1.77538181447841,150
19,3272.63156493595,109.2713839,23.0310882,351.7,-1.77538181447841,150
19,3282.63156493595,109.2713839,23.0310882,351.7,-1.77538181447841,150
19,3292.63156493595,109.2713839,23.0310882,351.7,-1.77538181447841,150
19,3302.63156493595,109.2713839,23.0310882,351.7,-1.77538181447841,150
19,3312.63156493595,109.2713839,23.0310882,351.7,-1.77538181447841,150
19,3322.63156493595,109.2713839,23.0310882,351.7,-1.77538181447841,150
19,3332.63156493595,109.2713839,23.0310882,351.7,-1.77538181447841,150
19,3342.63156493595,109.2713839,23.0310882,351.7,-1.77538181447841,150
19,3352.63156493595,109.2713839,23.0310882,351.7,-1.77538181447841,150
19,3362.63156493595,109.2713839,23.0310882,351.7,-1.77538181447841,150
19,3372.63156493595,109.2713839,23.0310882,351.7,-1.77538181447841,150
19,3382.63156493595,109.2713839,23.0310882,351.7,-1.77538181447841,150
19,3392.63156493595,109.2713839,23.0310882,351.7,-1.77538181447841,150
19,3402.63156493595,109.2713839,23.0310882,351.7,-1.77538181447841,150
19,3402.63156493595,109.2713839,23.0310882,351.7,-1.77538181447841,151
19,3409.49789184025,109.2713839,23.0310882,372.298980712891,-1.77700917624151,151
19,3409.49789184025,109.2713839,23.0310882,372.298980712891,-1.77700917624151,152
19,3419.40882135263,109.270745325926,23.0319848925926,372.298980712891,-1.77086845393707,152
19,3429.31975086502,109.270106751852,23.0328815851852,372.298980712891,-1.76994598244093,152
19,3439.2306803774,109.269468177778,23.0337782777778,372.298980712891,-1.77424505596805,152
19,3449.14160988979,109.268829603704,23.0346749703704,372.298980712891,-1.78375016619484,152
19,3459.05253940217,109.26819102963,23.035571662963,372.298980712891,-1.79842718783644,152
19,3468.96346891456,109.267552455556,23.0364683555556,372.298980712891,-1.81822378463012,152
19,3478.87439842694,109.266913881481,23.0373650481481,372.298980712891,-1.84307002562227,152
19,3488.78532793933,109.266275307407,23.0382617407407,372.298980712891,-1.87287919672443,152
19,3498.69625745171,109.265636733333,23.0391584333333,372.298980712891,-1.90754878798963,152
19,3508.6071869641,109.264998159259,23.0400551259259,372.298980712891,-1.94696163362582,152
19,3518.51811647648,109.264359585185,23.0409518185185,372.298980712891,-1.99098717889787,152
19,3528.42904598887,109.263721011111,23.0418485111111,372.298980712891,-2.03948284649624,152
19,3538.33997550125,109.263082437037,23.0427452037037,372.298980712891,-2.09229547404883,152
19,3548.25090501364,109.262443862963,23.0436418962963,372.298980712891,-2.14926279475111,152
19,3558.16183452602,109.261805288889,23.0445385888889,372.298980712891,-2.21021493395615,152
19,3568.07276403841,109.261166714815,23.0454352814815,372.298980712891,-2.27497589648746,152
19,3577.98369355079,109.260528140741,23.0463319740741,372.298980712891,-2.34336502161801,152
19,3587.89462306318,109.259889566667,23.0472286666667,372.298980712891,-2.41519838552691,152
19,3597.80555257556,109.259250992593,23.0481253592593,372.298980712891,-2.49029013411086,152
19,3607.71648208795,109.258612418519,23.0490220518519,372.298980712891,-2.56845373218916,152
19,3617.62741160033,109.257973844444,23.0499187444444,372.298980712891,-2.64950311842316,152
19,3627.53834111272,109.25733527037,23.050815437037,372.298980712891,-2.73325375834371,152
19,3637.4492706251,109.256696696296,23.0517121296296,372.298980712891,-2.81952359080861,152
19,3647.36020013749,109.256058122222,23.0526088222222,372.298980712891,-2.90813386587439,152
19,3657.27112964987,109.255419548148,23.0535055148148,372.298980712891,-2.99890987439474,152
19,3667.18205916226,109.254780974074,23.0544022074074,372.298980712891,-3.09168157166859,152
19,3677.09298867464,109.2541424,23.0552989,372.298980712891,-3.18628409907959,152
19,3677.09298867464,109.2541424,23.0552989,372.298980712891,-3.18628409907959,153
19,3686.57958738883,109.2541424,23.0552989,348.582483927409,-3.18493954958134,153
19,3696.06618610303,109.2541424,23.0552989,324.865987141927,-3.18374454212908,153
19,3705.55278481722,109.2541424,23.0552989,301.149490356445,-3.18269920030637,153
19,3715.03938353141,109.2541424,23.0552989,277.432993570964,-3.18180363228402,153
19,3724.5259822456,109.2541424,23.0552989,253.716496785482,-3.1810579307827,153
19,3734.0125809598,109.2541424,23.0552989,230,-3.18046217304108,153
19,3734.0125809598,109.2541424,23.0552989,230,-3.18046217304108,154
19,3744.0125809598,109.2541424,23.0552989,230,-3.18046217304108,154
19,3754.0125809598,109.2541424,23.0552989,230,-3.18046217304108,154
19,3764.0125809598,109.2541424,23.0552989,230,-3.18046217304108,154
19,3774.0125809598,109.2541424,23.0552989,230,-3.18046217304108,154
19,3784.0125809598,109.2541424,23.0552989,230,-3.18046217304108,154
19,3794.0125809598,109.2541424,23.0552989,230,-3.18046217304108,154
19,3804.0125809598,109.2541424,23.0552989,230,-3.18046217304108,154
19,3814.0125809598,109.2541424,23.0552989,230,-3.18046217304108,154
19,3824.0125809598,109.2541424,23.0552989,230,-3.18046217304108,154
19,3834.0125809598,109.2541424,23.0552989,230,-3.18046217304108,154
19,3844.0125809598,109.2541424,23.0552989,230,-3.18046217304108,154
19,3854.0125809598,109.2541424,23.0552989,230,-3.18046217304108,154
19,3864.0125809598,109.2541424,23.0552989,230,-3.18046217304108,154
19,3874.0125809598,109.2541424,23.0552989,230,-3.18046217304108,154
19,3884.0125809598,109.2541424,23.0552989,230,-3.18046217304108,154
19,3894.0125809598,109.2541424,23.0552989,230,-3.18046217304108,154
19,3904.0125809598,109.2541424,23.0552989,230,-3.18046217304108,154
19,3914.0125809598,109.2541424,23.0552989,230,-3.18046217304108,154
19,3914.0125809598,109.2541424,23.0552989,230,-3.18046217304108,155
19,3921.03801566574,109.2541424,23.0552989,251.076304117839,-3.18098419096572,155
19,3928.06345037169,109.2541424,23.0552989,272.152608235677,-3.18162463273192,155
19,3935.08888507764,109.2541424,23.0552989,293.228912353516,-3.18238344594718,155
19,3935.08888507764,109.2541424,23.0552989,293.228912353516,-3.18238344594718,156
19,3944.99365063714,109.253657177083,23.0543241208333,293.228912353516,-2.99964233143857,156
19,3954.89841619665,109.253171954167,23.0533493416667,293.228912353516,-2.8129762827482,156
19,3964.80318175616,109.25268673125,23.0523745625,293.228912353516,-2.62221312183533,156
19,3974.70794731567,109.252201508333,23.0513997833333,293.228912353516,-2.42716909533647,156
19,3984.61271287518,109.251716285417,23.0504250041667,293.228912353516,-2.22764781397521,156
19,3994.51747843468,109.2512310625,23.049450225,293.228912353516,-2.02343906777796,156
19,4004.42224399419,109.250745839583,23.0484754458333,293.228912353516,-1.81431749920316,156
19,4014.3270095537,109.250260616667,23.0475006666667,293.228912353516,-1.60004111326261,156
19,4024.23177511321,109.24977539375,23.0465258875,293.228912353516,-1.38034960003459,156
19,4034.13654067272,109.249290170833,23.0455511083333,293.228912353516,-1.15496244049309,156
19,4044.04130623223,109.248804947917,23.0445763291667,293.228912353516,-0.923576761226201,156
19,4053.94607179173,109.248319725,23.04360155,293.228912353516,-0.685864897052213,156
19,4063.85083735124,109.247834502083,23.0426267708333,293.228912353516,-0.441471612520658,156
19,4073.75560291075,109.247349279167,23.0416519916667,293.228912353516,-0.190010923442657,156
20,3109.7748363856,109.247349279167,23.0416519916667,293.228912353516,-0.190010923442657,159
20,3119.67960194511,109.247834502083,23.0426267708333,293.228912353516,-0.441471612520658,159
20,3129.58436750461,109.248319725,23.04360155,293.228912353516,-0.685864897052213,159
20,3139.48913306412,109.248804947917,23.0445763291667,293.228912353516,-0.923576761226201,159
20,3149.39389862363,109.249290170833,23.0455511083333,293.228912353516,-1.15496244049309,159
20,3159.29866418314,109.24977539375,23.0465258875,293.228912353516,-1.38034960003459,159
20,3169.20342974265,109.250260616667,23.0475006666667,293.228912353516,-1.60004111326261,159
20,3179.10819530216,109.250745839583,23.0484754458333,293.228912353516,-1.81431749920316,159
20,3189.01296086167,109.2512310625,23.049450225,293.228912353516,-2.02343906777796,159
20,3198.91772642118,109.251716285417,23.0504250041667,293.228912353516,-2.22764781397521,159
20,3208.82249198068,109.252201508333,23.0513997833333,293.228912353516,-2.42716909533647,159
20,3218.72725754019,109.25268673125,23.0523745625,293.228912353516,-2.62221312183533,159
20,3228.6320230997,109.253171954167,23.0533493416667,293.228912353516,-2.8129762827482,159
20,3238.53678865921,109.253657177083,23.0543241208333,293.228912353516,-2.99964233143857,159
20,3248.44155421872,109.2541424,23.0552989,293.228912353516,-3.18238344594718,159
20,3248.44155421872,109.2541424,23.0552989,293.228912353516,-3.18238344594718,160
20,3256.87207586585,109.2541424,23.0552989,272.152608235677,-3.18162463273192,160
20,3265.30259751299,109.2541424,23.0552989,251.076304117838,-3.18098419096572,160
20,3273.73311916013,109.2541424,23.0552989,230,-3.18046217304108,160
20,3273.73311916013,109.2541424,23.0552989,230,-3.18046217304108,161
20,3283.73311916013,109.2541424,23.0552989,230,-3.18046217304108,161
20,3293.73311916013,109.2541424,23.0552989,230,-3.18046217304108,161
20,3303.73311916013,109.2541424,23.0552989,230,-3.18046217304108,161
20,3313.73311916013,109.2541424,23.0552989,230,-3.18046217304108,161
20,3323.73311916013,109.2541424,23.0552989,230,-3.18046217304108,161
20,3333.73311916013,109.2541424,23.0552989,230,-3.18046217304108,161
20,3343.73311916013,109.2541424,23.0552989,230,-3.18046217304108,161
20,3353.73311916013,109.2541424,23.0552989,230,-3.18046217304108,161
20,3363.73311916013,109.2541424,23.0552989,230,-3.18046217304108,161
20,3373.73311916013,109.2541424,23.0552989,230,-3.18046217304108,161
20,3383.73311916013,109.2541424,23.0552989,230,-3.18046217304108,161
20,3393.73311916013,109.2541424,23.0552989,230,-3.18046217304108,161
20,3403.73311916013,109.2541424,23.0552989,230,-3.18046217304108,161
20,3413.73311916013,109.2541424,23.0552989,230,-3.18046217304108,161
20,3423.73311916013,109.2541424,23.0552989,230,-3.18046217304108,161
20,3433.73311916013,109.2541424,23.0552989,230,-3.18046217304108,161
20,3443.73311916013,109.2541424,23.0552989,230,-3.18046217304108,161
20,3453.73311916013,109.2541424,23.0552989,230,-3.18046217304108,161
20,3463.73311916013,109.2541424,23.0552989,230,-3.18046217304108,161
20,3473.73311916013,109.2541424,23.0552989,230,-3.18046217304108,161
20,3483.73311916013,109.2541424,23.0552989,230,-3.18046217304108,161
20,3483.73311916013,109.2541424,23.0552989,230,-3.18046217304108,162
20,3490.75855386607,109.2541424,23.0552989,251.076304117839,-3.18098419096572,162
20,3497.78398857202,109.2541424,23.0552989,272.152608235677,-3.18162463273192,162
20,3504.80942327796,109.2541424,23.0552989,293.228912353516,-3.18238344594718,162
20,3504.80942327796,109.2541424,23.0552989,293.228912353516,-3.18238344594718,163
20,3514.71418883747,109.253657177083,23.0543241208333,293.228912353516,-2.99964233143857,163
20,3524.61895439698,109.253171954167,23.0533493416667,293.228912353516,-2.8129762827482,163
20,3534.52371995649,109.25268673125,23.0523745625,293.228912353516,-2.62221312183533,163
20,3544.428485516,109.252201508333,23.0513997833333,293.228912353516,-2.42716909533647,163
20,3554.3332510755,109.251716285417,23.0504250041667,293.228912353516,-2.22764781397521,163
20,3564.23801663501,109.2512310625,23.049450225,293.228912353516,-2.02343906777796,163
20,3574.14278219452,109.250745839583,23.0484754458333,293.228912353516,-1.81431749920316,163
20,3584.04754775403,109.250260616667,23.0475006666667,293.228912353516,-1.60004111326261,163
20,3593.95231331354,109.24977539375,23.0465258875,293.228912353516,-1.38034960003459,163
20,3603.85707887305,109.249290170833,23.0455511083333,293.228912353516,-1.15496244049309,163
20,3613.76184443255,109.248804947917,23.0445763291667,293.228912353516,-0.923576761226201,163
20,3623.66660999206,109.248319725,23.04360155,293.228912353516,-0.685864897052213,163
20,3633.57137555157,109.247834502083,23.0426267708333,293.228912353516,-0.441471612520658,163
20,3643.47614111108,109.247349279167,23.0416519916667,293.228912353516,-0.190010923442657,163
21,4068.12637159983,109.22893815,23.044227725,326.410888671875,-0.0179553079201327,166
21,4077.90527333478,109.228867277778,23.0455506222222,326.410888671875,-0.333222127633462,166
21,4087.68417506973,109.228796405556,23.0468735194444,326.410888671875,-0.637465797990373,166
21,4097.46307680468,109.228725533333,23.0481964166667,326.410888671875,-0.931429908115703,166
21,4107.24197853963,109.228654661111,23.0495193138889,326.410888671875,-1.21578537323015,166
21,4117.02088027458,109.228583788889,23.0508422111111,326.410888671875,-1.49113959277065,166
21,4126.79978200953,109.228512916667,23.0521651083333,326.410888671875,-1.75804421192453,166
21,4136.57868374448,109.228442044444,23.0534880055556,326.410888671875,-2.01700173426656,166
21,4146.35758547943,109.228371172222,23.0548109027778,326.410888671875,-2.26847118340805,166
21,4156.13648721438,109.2283003,23.0561338,326.410888671875,-2.51287297307097,166
21,4156.13648721438,109.2283003,23.0561338,326.410888671875,-2.51287297307097,167
21,4165.52297926237,109.2283003,23.0561338,307.637904575893,-2.51188384666196,167
21,4174.90947131036,109.2283003,23.0561338,288.864920479911,-2.51100419539135,167
21,4184.29596335835,109.2283003,23.0561338,270.091936383929,-2.51023408583626,167
21,4193.68245540634,109.2283003,23.0561338,251.318952287946,-2.50957357630892,167
21,4203.06894745433,109.2283003,23.0561338,232.545968191964,-2.5090227168419,167
21,4212.45543950232,109.2283003,23.0561338,213.772984095982,-2.50858154917555,167
21,4221.84193155031,109.2283003,23.0561338,195,-2.50825010674741,167
21,4221.84193155031,109.2283003,23.0561338,195,-2.50825010674741,168
21,4231.6601133685,109.2283003,23.0561338,195,-2.50825010674741,168
21,4241.47829518668,109.2283003,23.0561338,195,-2.50825010674741,168
21,4251.29647700486,109.2283003,23.0561338,195,-2.50825010674741,168
21,4261.11465882304,109.2283003,23.0561338,195,-2.50825010674741,168
21,4270.93284064122,109.2283003,23.0561338,195,-2.50825010674741,168
21,4280.7510224594,109.2283003,23.0561338,195,-2.50825010674741,168
21,4290.56920427759,109.2283003,23.0561338,195,-2.50825010674741,168
21,4300.38738609577,109.2283003,23.0561338,195,-2.50825010674741,168
21,4310.20556791395,109.2283003,23.0561338,195,-2.50825010674741,168
21,4320.02374973213,109.2283003,23.0561338,195,-2.50825010674741,168
21,4329.84193155031,109.2283003,23.0561338,195,-2.50825010674741,168
21,4339.6601133685,109.2283003,23.0561338,195,-2.50825010674741,168
21,4349.47829518668,109.2283003,23.0561338,195,-2.50825010674741,168
21,4359.29647700486,109.2283003,23.0561338,195,-2.50825010674741,168
21,4369.11465882304,109.2283003,23.0561338,195,-2.50825010674741,168
21,4378.93284064122,109.2283003,23.0561338,195,-2.50825010674741,168
21,4388.7510224594,109.2283003,23.0561338,195,-2.50825010674741,168
21,4398.56920427759,109.2283003,23.0561338,195,-2.50825010674741,168
21,4408.38738609577,109.2283003,23.0561338,195,-2.50825010674741,168
21,4418.20556791395,109.2283003,23.0561338,195,-2.50825010674741,168
21,4428.02374973213,109.2283003,23.0561338,195,-2.50825010674741,168
21,4437.84193155031,109.2283003,23.0561338,195,-2.50825010674741,168
21,4437.84193155031,109.2283003,23.0561338,195,-2.50825010674741,169
21,4447.60230752688,109.2283003,23.0561338,219.400939941406,-2.5087022917168,169
21,4457.36268350344,109.2283003,23.0561338,243.801879882812,-2.50933983620951,169
21,4467.12305948,109.2283003,23.0561338,268.202819824219,-2.51016265859914,169
21,4476.88343545656,109.2283003,23.0561338,292.603759765625,-2.51117065357906,169
21,4486.64381143313,109.2283003,23.0561338,317.004699707031,-2.51236369220726,169
21,4496.40418740969,109.2283003,23.0561338,341.405639648438,-2.5137416219613,169
21,4506.16456338625,109.2283003,23.0561338,365.806579589844,-2.51530426680321,169
21,4506.16456338625,109.2283003,23.0561338,365.806579589844,-2.51530426680321,170
21,4515.8243469176,109.228848694444,23.0573397777778,365.806579589844,-2.72775377232034,170
21,4525.48413044895,109.229397088889,23.0585457555556,365.806579589844,-2.93622365778521,170
21,4535.1439139803,109.229945483333,23.0597517333333,365.806579589844,-3.14080036103691,170
21,4544.80369751165,109.230493877778,23.0609577111111,365.806579589844,-3.34157368639907,170
21,4554.463481043,109.231042272222,23.0621636888889,365.806579589844,-3.53863557133536,170
21,4564.12326457435,109.231590666667,23.0633696666667,365.806579589844,-3.7320790851457,170
21,4573.7830481057,109.232139061111,23.0645756444444,365.806579589844,-3.92199762012145,170
21,4583.44283163705,109.232687455556,23.0657816222222,365.806579589844,-4.10848424217978,170
21,4593.1026151684,109.23323585,23.0669876,365.806579589844,-4.29163117350686,170
21,4602.76239869975,109.233784244444,23.0681935777778,365.806579589844,-4.47152938428859,170
21,4612.4221822311,109.234332638889,23.0693995555556,365.806579589844,-4.64826827450214,170
21,4622.08196576245,109.234881033333,23.0706055333333,365.806579589844,-4.82193542991818,170
21,4631.7417492938,109.235429427778,23.0718115111111,365.806579589844,-4.99261643913937,170
21,4641.40153282515,109.235977822222,23.0730174888889,365.806579589844,-5.16039476073747,170
21,4651.0613163565,109.236526216667,23.0742234666667,365.806579589844,-5.32535163138516,170
21,4660.72109988785,109.237074611111,23.0754294444444,365.806579589844,-5.4875660074419,170
21,4670.3808834192,109.237623005556,23.0766354222222,365.806579589844,-5.64711453369067,170
21,4680.04066695055,109.2381714,23.0778414,365.806579589844,-5.80407153407138,170
21,4680.04066695055,109.2381714,23.0778414,365.806579589844,-5.80407153407138,171
21,4689.86256549268,109.2381714,23.0778414,346.16278250558,-5.80347485302923,171
21,4699.68446403481,109.2381714,23.0778414,326.518985421317,-5.80293437556433,171
21,4709.50636257695,109.2381714,23.0778414,306.875188337054,-5.80245012267237,171
21,4719.32826111908,109.2381714,23.0778414,287.23139125279,-5.80202211317005,171
21,4729.15015966121,109.2381714,23.0778414,267.587594168527,-5.80165036369274,171
21,4738.97205820334,109.2381714,23.0778414,247.943797084263,-5.80133488869225,171
21,4748.79395674547,109.2381714,23.0778414,228.3,-5.80107570043495,171
21,4748.79395674547,109.2381714,23.0778414,228.3,-5.80107570043495,172
21,4758.69395674547,109.2381714,23.0778414,228.3,-5.80107570043495,172
21,4768.59395674547,109.2381714,23.0778414,228.3,-5.80107570043495,172
21,4778.49395674547,109.2381714,23.0778414,228.3,-5.80107570043495,172
21,4788.39395674547,109.2381714,23.0778414,228.3,-5.80107570043495,172
21,4798.29395674547,109.2381714,23.0778414,228.3,-5.80107570043495,172
21,4808.19395674547,109.2381714,23.0778414,228.3,-5.80107570043495,172
21,4818.09395674547,109.2381714,23.0778414,228.3,-5.80107570043495,172
21,4827.99395674547,109.2381714,23.0778414,228.3,-5.80107570043495,172
21,4837.89395674547,109.2381714,23.0778414,228.3,-5.80107570043495,172
21,4847.79395674547,109.2381714,23.0778414,228.3,-5.80107570043495,172
21,4857.69395674547,109.2381714,23.0778414,228.3,-5.80107570043495,172
21,4867.59395674547,109.2381714,23.0778414,228.3,-5.80107570043495,172
21,4877.49395674547,109.2381714,23.0778414,228.3,-5.80107570043495,172
21,4887.39395674547,109.2381714,23.0778414,228.3,-5.80107570043495,172
21,4897.29395674547,109.2381714,23.0778414,228.3,-5.80107570043495,172
21,4907.19395674547,109.2381714,23.0778414,228.3,-5.80107570043495,172
21,4917.09395674547,109.2381714,23.0778414,228.3,-5.80107570043495,172
21,4926.99395674547,109.2381714,23.0778414,228.3,-5.80107570043495,172
21,4936.89395674547,109.2381714,23.0778414,228.3,-5.80107570043495,172
21,4946.79395674547,109.2381714,23.0778414,228.3,-5.80107570043495,172
21,4956.69395674547,109.2381714,23.0778414,228.3,-5.80107570043495,172
21,4966.59395674547,109.2381714,23.0778414,228.3,-5.80107570043495,172
21,4976.49395674547,109.2381714,23.0778414,228.3,-5.80107570043495,172
21,4986.39395674547,109.2381714,23.0778414,228.3,-5.80107570043495,172
21,4996.29395674547,109.2381714,23.0778414,228.3,-5.80107570043495,172
21,5006.19395674547,109.2381714,23.0778414,228.3,-5.80107570043495,172
21,5016.09395674547,109.2381714,23.0778414,228.3,-5.80107570043495,172
21,5025.99395674547,109.2381714,23.0778414,228.3,-5.80107570043495,172
21,5035.89395674547,109.2381714,23.0778414,228.3,-5.80107570043495,172
21,5045.79395674547,109.2381714,23.0778414,228.3,-5.80107570043495,172
21,5055.69395674547,109.2381714,23.0778414,228.3,-5.80107570043495,172
21,5065.59395674547,109.2381714,23.0778414,228.3,-5.80107570043495,172
21,5075.49395674547,109.2381714,23.0778414,228.3,-5.80107570043495,172
21,5085.39395674547,109.2381714,23.0778414,228.3,-5.80107570043495,172
21,5095.29395674547,109.2381714,23.0778414,228.3,-5.80107570043495,172
21,5105.19395674547,109.2381714,23.0778414,228.3,-5.80107570043495,172
21,5115.09395674547,109.2381714,23.0778414,228.3,-5.80107570043495,172
21,5124.99395674547,109.2381714,23.0778414,228.3,-5.80107570043495,172
21,5134.89395674547,109.2381714,23.0778414,228.3,-5.80107570043495,172
21,5144.79395674547,109.2381714,23.0778414,228.3,-5.80107570043495,172
21,5144.79395674547,109.2381714,23.0778414,228.3,-5.80107570043495,173
21,5154.50476624603,109.2381714,23.0778414,252.577023751395,-5.80140422538651,173
21,5164.21557574659,109.2381714,23.0778414,276.85404750279,-5.8018187159153,173
21,5173.92638524715,109.2381714,23.0778414,301.131071254184,-5.80231914740767,173
21,5183.6371947477,109.2381714,23.0778414,325.408095005581,-5.80290549015382,173
21,5193.34800424826,109.2381714,23.0778414,349.685118756976,-5.80357770935372,173
21,5203.05881374882,109.2381714,23.0778414,373.962142508371,-5.80433576512397,173
21,5212.76962324938,109.2381714,23.0778414,398.239166259766,-5.80517961250567,173
21,5212.76962324938,109.2381714,23.0778414,398.239166259766,-5.80517961250567,174
21,5222.6602597226,109.238030636538,23.0765080942308,398.239166259766,-5.63669712879616,174
21,5232.55089619583,109.237889873077,23.0751747884615,398.239166259766,-5.46488553196309,174
21,5242.44153266906,109.237749109615,23.0738414826923,398.239166259766,-5.28961075942256,174
21,5252.33216914229,109.237608346154,23.0725081769231,398.239166259766,-5.11073049400559,174
21,5262.22280561551,109.237467582692,23.0711748711538,398.239166259766,-4.92809347295534,174
21,5272.11344208874,109.237326819231,23.0698415653846,398.239166259766,-4.74153872315979,174
21,5282.00407856196,109.237186055769,23.0685082596154,398.239166259766,-4.55089471298844,174
21,5291.89471503519,109.237045292308,23.0671749538462,398.239166259766,-4.35597840960219,174
21,5301.78535150842,109.236904528846,23.0658416480769,398.239166259766,-4.15659422880108,174
21,5311.67598798165,109.236763765385,23.0645083423077,398.239166259766,-3.95253286243315,174
21,5321.56662445487,109.236623001923,23.0631750365385,398.239166259766,-3.74356996580053,174
21,5331.4572609281,109.236482238462,23.0618417307692,398.239166259766,-3.52946468459572,174
21,5341.34789740133,109.236341475,23.060508425,398.239166259766,-3.3099579972626,174
21,5351.23853387455,109.236200711538,23.0591751192308,398.239166259766,-3.08477084436289,174
23,4746.24576733254,109.205515756098,23.0354734780488,571.799255371094,-0.0521997532616325,184
23,4756.01712175794,109.204577387805,23.0364721439024,571.799255371094,-0.364611251737429,184
23,4765.78847618334,109.203639019512,23.0374708097561,571.799255371094,-0.666286140587886,184
23,4775.55983060874,109.20270065122,23.0384694756098,571.799255371094,-0.957930800329805,184
23,4785.33118503414,109.201762282927,23.0394681414634,571.799255371094,-1.2401847771491,184
23,4795.10253945954,109.200823914634,23.0404668073171,571.799255371094,-1.51362887648476,184
23,4804.87389388494,109.199885546341,23.0414654731707,571.799255371094,-1.77879207940612,184
23,4814.64524831034,109.198947178049,23.0424641390244,571.799255371094,-2.03615747935346,184
23,4824.41660273574,109.198008809756,23.043462804878,571.799255371094,-2.28616739957738,184
23,4834.18795716114,109.197070441463,23.0444614707317,571.799255371094,-2.52922782213787,184
23,4843.95931158653,109.196132073171,23.0454601365854,571.799255371094,-2.76571223580542,184
23,4853.73066601193,109.195193704878,23.046458802439,571.799255371094,-2.99596499129112,184
23,4863.50202043733,109.194255336585,23.0474574682927,571.799255371094,-3.22030423710783,184
23,4873.27337486273,109.193316968293,23.0484561341463,571.799255371094,-3.43902449700489,184
23,4883.04472928813,109.1923786,23.0494548,571.799255371094,-3.65239893989671,184
23,4883.04472928813,109.1923786,23.0494548,571.799255371094,-3.65239893989671,185
23,4892.77465482524,109.1923786,23.0494548,547.474441528319,-3.6500001235533,185
23,4902.50458036235,109.1923786,23.0494548,523.149627685547,-3.64774174640914,185
23,4912.23450589946,109.1923786,23.0494548,498.824813842775,-3.64562402833238,185
23,4921.96443143657,109.1923786,23.0494548,474.5,-3.64364717573979,185
23,4921.96443143657,109.1923786,23.0494548,474.5,-3.64364717573979,186
23,4931.96443143657,109.1923786,23.0494548,474.5,-3.64364717573979,186
23,4941.96443143657,109.1923786,23.0494548,474.5,-3.64364717573979,186
23,4951.96443143657,109.1923786,23.0494548,474.5,-3.64364717573979,186
23,4961.96443143657,109.1923786,23.0494548,474.5,-3.64364717573979,186
23,4971.96443143657,109.1923786,23.0494548,474.5,-3.64364717573979,186
23,4981.96443143657,109.1923786,23.0494548,474.5,-3.64364717573979,186
23,4991.96443143657,109.1923786,23.0494548,474.5,-3.64364717573979,186
23,5001.96443143657,109.1923786,23.0494548,474.5,-3.64364717573979,186
23,5011.96443143657,109.1923786,23.0494548,474.5,-3.64364717573979,186
23,5021.96443143657,109.1923786,23.0494548,474.5,-3.64364717573979,186
23,5031.96443143657,109.1923786,23.0494548,474.5,-3.64364717573979,186
23,5041.96443143657,109.1923786,23.0494548,474.5,-3.64364717573979,186
23,5051.96443143657,109.1923786,23.0494548,474.5,-3.64364717573979,186
23,5061.96443143657,109.1923786,23.0494548,474.5,-3.64364717573979,186
23,5071.96443143657,109.1923786,23.0494548,474.5,-3.64364717573979,186
23,5081.96443143657,109.1923786,23.0494548,474.5,-3.64364717573979,186
23,5091.96443143657,109.1923786,23.0494548,474.5,-3.64364717573979,186
23,5101.96443143657,109.1923786,23.0494548,474.5,-3.64364717573979,186
23,5111.96443143657,109.1923786,23.0494548,474.5,-3.64364717573979,186
23,5121.96443143657,109.1923786,23.0494548,474.5,-3.64364717573979,186
23,5131.96443143657,109.1923786,23.0494548,474.5,-3.64364717573979,186
23,5141.96443143657,109.1923786,23.0494548,474.5,-3.64364717573979,186
23,5151.96443143657,109.1923786,23.0494548,474.5,-3.64364717573979,186
23,5161.96443143657,109.1923786,23.0494548,474.5,-3.64364717573979,186
23,5161.96443143657,109.1923786,23.0494548,474.5,-3.64364717573979,187
23,5170.07270271749,109.1923786,23.0494548,498.824813842774,-3.64562402833238,187
23,5178.18097399842,109.1923786,23.0494548,523.149627685546,-3.64774174640914,187
23,5186.28924527934,109.1923786,23.0494548,547.47444152832,-3.6500001235533,187
23,5194.39751656027,109.1923786,23.0494548,571.799255371094,-3.65239893989671,187
23,5194.39751656027,109.1923786,23.0494548,571.799255371094,-3.65239893989671,188
23,5204.16887098567,109.193316968293,23.0484561341463,571.799255371094,-3.43902449700489,188
23,5213.94022541106,109.194255336585,23.0474574682927,571.799255371094,-3.22030423710783,188
23,5223.71157983646,109.195193704878,23.046458802439,571.799255371094,-2.99596499129112,188
23,5233.48293426186,109.196132073171,23.0454601365854,571.799255371094,-2.76571223580542,188
23,5243.25428868726,109.197070441463,23.0444614707317,571.799255371094,-2.52922782213787,188
23,5253.02564311266,109.198008809756,23.043462804878,571.799255371094,-2.28616739957738,188
23,5262.79699753806,109.198947178049,23.0424641390244,571.799255371094,-2.03615747935346,188
23,5272.56835196345,109.199885546341,23.0414654731707,571.799255371094,-1.77879207940612,188
23,5282.33970638885,109.200823914634,23.0404668073171,571.799255371094,-1.51362887648476,188
23,5292.11106081425,109.201762282927,23.0394681414634,571.799255371094,-1.2401847771491,188
23,5301.88241523965,109.20270065122,23.0384694756098,571.799255371094,-0.957930800329805,188
23,5311.65376966505,109.203639019512,23.0374708097561,571.799255371094,-0.666286140587886,188
23,5321.42512409045,109.204577387805,23.0364721439024,571.799255371094,-0.364611251737429,188
23,5331.19647851584,109.205515756098,23.0354734780488,571.799255371094,-0.0521997532616325,188
