gap_units,total_units,work_cv,relay_task_copies,groups,need_A_uav,need_B_uav,need_C_uav,need_A_battery,need_B_battery,need_C_battery,need_R_uav,need_R_component
8,38,0.8759145858189464,8,S001;S002;S003;S004;S005;S006;S007;S008;S009;S010;S011;S013;S014 | S012 | S015,4,4,2,6,5,4,6,7
11,41,0.569775311701001,9,S001;S002;S003;S004;S005;S006;S007;S008;S011;S012 | S009;S010;S013;S014 | S015,7,3,2,7,4,4,6,8
13,43,0.530250494855671,9,S001;S002;S003;S004;S005;S006;S007;S008;S011 | S009;S010;S012;S013;S014 | S015,7,4,2,7,5,4,6,8
12,42,0.5965816677202609,9,S001;S002;S003;S004;S005;S006;S007;S008;S011;S015 | S009;S010;S013;S014 | S012,7,3,2,7,5,4,6,8
13,43,0.5599862924892858,9,S001;S002;S003;S004;S005;S006;S007;S008;S011 | S009;S010;S013;S014;S015 | S012,7,4,2,7,5,4,6,8
13,43,0.44873102087284467,10,S001;S002;S003;S004;S005;S006;S007;S008;S011 | S009;S010;S013;S014 | S012;S015,7,3,2,7,5,4,6,9
10,40,0.8104212819730965,8,S001;S002;S003;S004;S005;S006;S007;S009;S010;S011;S012;S013;S014 | S008 | S015,4,5,2,6,6,4,6,7
10,40,0.6477763105102047,10,S001;S002;S003;S004;S005;S006;S007;S009;S010;S011;S013;S014 | S008;S012 | S015,4,5,2,6,5,4,6,8
10,40,0.8372061593678356,8,S001;S002;S003;S004;S005;S006;S007;S009;S010;S011;S013;S014;S015 | S008 | S012,4,5,2,6,6,4,6,7
11,41,0.7202928890927776,9,S001;S002;S003;S004;S005;S006;S007;S009;S010;S011;S013;S014 | S008;S015 | S012,4,5,2,6,6,4,6,8
11,41,0.6962016679494382,9,S001;S002;S003;S004;S005;S006;S007;S009;S010;S011;S013;S014 | S008 | S012;S015,4,5,2,6,6,4,6,8
15,45,0.4835528530142179,10,S001;S002;S003;S004;S005;S006;S007;S011;S012 | S008;S009;S010;S013;S014 | S015,7,5,2,7,6,4,6,8
14,44,0.4620974338763873,10,S001;S002;S003;S004;S005;S006;S007;S011 | S008;S009;S010;S012;S013;S014 | S015,7,5,2,7,5,4,6,8
15,45,0.511753811732133,10,S001;S002;S003;S004;S005;S006;S007;S011;S015 | S008;S009;S010;S013;S014 | S012,7,5,2,7,6,4,6,8
15,45,0.4920998905144667,10,S001;S002;S003;S004;S005;S006;S007;S011 | S008;S009;S010;S013;S014;S015 | S012,7,5,2,7,6,4,6,8
16,46,0.35870588298147205,11,S001;S002;S003;S004;S005;S006;S007;S011 | S008;S009;S010;S013;S014 | S012;S015,7,5,2,7,6,4,6,9
14,44,0.5252510563435008,9,S001;S002;S003;S004;S005;S006;S007;S011;S012;S015 | S008 | S009;S010;S013;S014,7,4,2,7,6,4,6,8
15,45,0.3983176359318397,10,S001;S002;S003;S004;S005;S006;S007;S011;S012 | S008;S015 | S009;S010;S013;S014,7,4,2,7,6,4,6,9
15,45,0.48783658057548124,9,S001;S002;S003;S004;S005;S006;S007;S011;S012 | S008 | S009;S010;S013;S014;S015,7,5,2,7,6,4,6,8
14,44,0.34752304366090386,11,S001;S002;S003;S004;S005;S006;S007;S011;S015 | S008;S012 | S009;S010;S013;S014,7,4,2,7,5,4,6,9
14,44,0.29620575976043867,11,S001;S002;S003;S004;S005;S006;S007;S011 | S008;S012;S015 | S009;S010;S013;S014,7,4,2,7,5,4,6,9
15,45,0.3034978210115728,11,S001;S002;S003;S004;S005;S006;S007;S011 | S008;S012 | S009;S010;S013;S014;S015,7,5,2,7,5,4,6,9
15,45,0.4855546442769842,9,S001;S002;S003;S004;S005;S006;S007;S011;S015 | S008 | S009;S010;S012;S013;S014,7,5,2,7,6,4,6,8
16,46,0.3546327937801386,10,S001;S002;S003;S004;S005;S006;S007;S011 | S008;S015 | S009;S010;S012;S013;S014,7,5,2,7,6,4,6,9
15,45,0.4539033736972098,9,S001;S002;S003;S004;S005;S006;S007;S011 | S008 | S009;S010;S012;S013;S014;S015,7,5,2,7,6,4,6,8
5,34,1.063067891221579,6,S001;S002;S003;S004;S005;S007;S008;S009;S010;S011;S012;S013;S014 | S006 | S015,4,3,3,6,4,5,4,5
10,40,0.8335714646293553,8,S001;S002;S003;S004;S005;S007;S008;S009;S010;S011;S013;S014 | S006;S012 | S015,4,4,3,6,5,5,6,7
6,35,1.0939283951311172,6,S001;S002;S003;S004;S005;S007;S008;S009;S010;S011;S013;S014;S015 | S006 | S012,4,3,3,6,5,5,4,5
10,40,0.8348246351308715,8,S001;S002;S003;S004;S005;S007;S008;S009;S010;S011;S013;S014 | S006;S015 | S012,4,4,3,6,5,5,6,7
6,36,0.9432791785021063,7,S001;S002;S003;S004;S005;S007;S008;S009;S010;S011;S013;S014 | S006 | S012;S015,4,3,3,6,5,5,4,6
13,43,0.5413762826018236,9,S001;S002;S003;S004;S005;S007;S008;S011;S012 | S006;S009;S010;S013;S014 | S015,7,3,3,7,4,5,6,8
15,45,0.5055300820816743,9,S001;S002;S003;S004;S005;S007;S008;S011 | S006;S009;S010;S012;S013;S014 | S015,7,4,3,7,5,5,6,8
14,44,0.5686508329287597,9,S001;S002;S003;S004;S005;S007;S008;S011;S015 | S006;S009;S010;S013;S014 | S012,7,3,3,7,5,5,6,8
15,45,0.5355666060798512,9,S001;S002;S003;S004;S005;S007;S008;S011 | S006;S009;S010;S013;S014;S015 | S012,7,4,3,7,5,5,6,8
15,45,0.4181846175182711,10,S001;S002;S003;S004;S005;S007;S008;S011 | S006;S009;S010;S013;S014 | S012;S015,7,3,3,7,5,5,6,9
8,38,0.7835954660734041,7,S001;S002;S003;S004;S005;S007;S008;S011;S012;S015 | S006 | S009;S010;S013;S014,7,2,3,7,4,5,4,6
13,43,0.5247314149317948,9,S001;S002;S003;S004;S005;S007;S008;S011;S012 | S006;S015 | S009;S010;S013;S014,7,3,3,7,4,5,6,8
9,39,0.7495707357592415,7,S001;S002;S003;S004;S005;S007;S008;S011;S012 | S006 | S009;S010;S013;S014;S015,7,3,3,7,4,5,4,6
14,44,0.5504781622867876,9,S001;S002;S003;S004;S005;S007;S008;S011;S015 | S006;S012 | S009;S010;S013;S014,7,3,3,7,5,5,6,8
15,45,0.40649279893296686,10,S001;S002;S003;S004;S005;S007;S008;S011 | S006;S012;S015 | S009;S010;S013;S014,7,3,3,7,5,5,6,9
15,45,0.5134175666952798,9,S001;S002;S003;S004;S005;S007;S008;S011 | S006;S012 | S009;S010;S013;S014;S015,7,4,3,7,5,5,6,8
10,40,0.7474979501480007,7,S001;S002;S003;S004;S005;S007;S008;S011;S015 | S006 | S009;S010;S012;S013;S014,7,3,3,7,5,5,4,6
15,45,0.48460302394284155,9,S001;S002;S003;S004;S005;S007;S008;S011 | S006;S015 | S009;S010;S012;S013;S014,7,4,3,7,5,5,6,8
10,40,0.7186270988977131,7,S001;S002;S003;S004;S005;S007;S008;S011 | S006 | S009;S010;S012;S013;S014;S015,7,3,3,7,5,5,4,6
12,42,0.7693763153165544,8,S001;S002;S003;S004;S005;S007;S009;S010;S011;S012;S013;S014 | S006;S008 | S015,4,5,3,6,6,5,6,7
12,42,0.6161192912675115,10,S001;S002;S003;S004;S005;S007;S009;S010;S011;S013;S014 | S006;S008;S012 | S015,4,5,3,6,5,5,6,8
12,42,0.7960618846181173,8,S001;S002;S003;S004;S005;S007;S009;S010;S011;S013;S014;S015 | S006;S008 | S012,4,5,3,6,6,5,6,7
13,43,0.6849662916440307,9,S001;S002;S003;S004;S005;S007;S009;S010;S011;S013;S014 | S006;S008;S015 | S012,4,5,3,6,6,5,6,8
13,43,0.6541766792322975,9,S001;S002;S003;S004;S005;S007;S009;S010;S011;S013;S014 | S006;S008 | S012;S015,4,5,3,6,6,5,6,8
17,47,0.46763378754580576,10,S001;S002;S003;S004;S005;S007;S011;S012 | S006;S008;S009;S010;S013;S014 | S015,7,5,3,7,6,5,6,8
16,46,0.4516618409664786,10,S001;S002;S003;S004;S005;S007;S011 | S006;S008;S009;S010;S012;S013;S014 | S015,7,5,3,7,5,5,6,8
17,47,0.49636639659682885,10,S001;S002;S003;S004;S005;S007;S011;S015 | S006;S008;S009;S010;S013;S014 | S012,7,5,3,7,6,5,6,8
17,47,0.48176931611999163,10,S001;S002;S003;S004;S005;S007;S011 | S006;S008;S009;S010;S013;S014;S015 | S012,7,5,3,7,6,5,6,8
18,48,0.34236263665618616,11,S001;S002;S003;S004;S005;S007;S011 | S006;S008;S009;S010;S013;S014 | S012;S015,7,5,3,7,6,5,6,9
16,46,0.4794596849682526,9,S001;S002;S003;S004;S005;S007;S011;S012;S015 | S006;S008 | S009;S010;S013;S014,7,4,3,7,6,5,6,8
17,47,0.3560849502289079,10,S001;S002;S003;S004;S005;S007;S011;S012 | S006;S008;S015 | S009;S010;S013;S014,7,4,3,7,6,5,6,9
17,47,0.4414290945175394,9,S001;S002;S003;S004;S005;S007;S011;S012 | S006;S008 | S009;S010;S013;S014;S015,7,5,3,7,6,5,6,8
16,46,0.30874789703012573,11,S001;S002;S003;S004;S005;S007;S011;S015 | S006;S008;S012 | S009;S010;S013;S014,7,4,3,7,5,5,6,9
16,46,0.2591834229597279,11,S001;S002;S003;S004;S005;S007;S011 | S006;S008;S012;S015 | S009;S010;S013;S014,7,4,3,7,5,5,6,9
17,47,0.26288119691658673,11,S001;S002;S003;S004;S005;S007;S011 | S006;S008;S012 | S009;S010;S013;S014;S015,7,5,3,7,5,5,6,9
17,47,0.43912154004889425,9,S001;S002;S003;S004;S005;S007;S011;S015 | S006;S008 | S009;S010;S012;S013;S014,7,5,3,7,6,5,6,8
18,48,0.3109777522692268,10,S001;S002;S003;S004;S005;S007;S011 | S006;S008;S015 | S009;S010;S012;S013;S014,7,5,3,7,6,5,6,9
17,47,0.40740015442900485,9,S001;S002;S003;S004;S005;S007;S011 | S006;S008 | S009;S010;S012;S013;S014;S015,7,5,3,7,6,5,6,8
8,37,1.027079816284041,6,S001;S002;S003;S004;S005;S007;S009;S010;S011;S012;S013;S014;S015 | S006 | S008,4,4,3,6,6,5,4,5
12,42,0.7682981168990675,8,S001;S002;S003;S004;S005;S007;S009;S010;S011;S012;S013;S014 | S006;S015 | S008,4,5,3,6,6,5,6,7
8,38,0.9033084943374251,7,S001;S002;S003;S004;S005;S007;S009;S010;S011;S012;S013;S014 | S006 | S008;S015,4,4,3,6,6,5,4,6
12,42,0.7936172563202437,8,S001;S002;S003;S004;S005;S007;S009;S010;S011;S013;S014;S015 | S006;S012 | S008,4,5,3,6,6,5,6,7
13,43,0.6587819760431153,9,S001;S002;S003;S004;S005;S007;S009;S010;S011;S013;S014 | S006;S012;S015 | S008,4,5,3,6,6,5,6,8
13,43,0.6762019057448292,9,S001;S002;S003;S004;S005;S007;S009;S010;S011;S013;S014 | S006;S012 | S008;S015,4,5,3,6,6,5,6,8
7,37,0.8515105612985585,8,S001;S002;S003;S004;S005;S007;S009;S010;S011;S013;S014;S015 | S006 | S008;S012,4,4,3,6,5,5,4,6
12,42,0.6053312090998575,10,S001;S002;S003;S004;S005;S007;S009;S010;S011;S013;S014 | S006;S015 | S008;S012,4,5,3,6,5,5,6,8
7,37,0.8120165088468065,8,S001;S002;S003;S004;S005;S007;S009;S010;S011;S013;S014 | S006 | S008;S012;S015,4,4,3,6,5,5,4,6
16,46,0.49665954731768447,9,S001;S002;S003;S004;S005;S007;S011;S012;S015 | S006;S009;S010;S013;S014 | S008,7,4,3,7,6,5,6,8
17,47,0.4631748705808964,9,S001;S002;S003;S004;S005;S007;S011;S012 | S006;S009;S010;S013;S014;S015 | S008,7,5,3,7,6,5,6,8
17,47,0.3669082865631454,10,S001;S002;S003;S004;S005;S007;S011;S012 | S006;S009;S010;S013;S014 | S008;S015,7,4,3,7,6,5,6,9
17,47,0.46118146146927397,9,S001;S002;S003;S004;S005;S007;S011;S015 | S006;S009;S010;S012;S013;S014 | S008,7,5,3,7,6,5,6,8
17,47,0.43441650304276397,9,S001;S002;S003;S004;S005;S007;S011 | S006;S009;S010;S012;S013;S014;S015 | S008,7,5,3,7,6,5,6,8
18,48,0.3276210504111726,10,S001;S002;S003;S004;S005;S007;S011 | S006;S009;S010;S012;S013;S014 | S008;S015,7,5,3,7,6,5,6,9
16,46,0.3140282229226896,11,S001;S002;S003;S004;S005;S007;S011;S015 | S006;S009;S010;S013;S014 | S008;S012,7,4,3,7,5,5,6,9
17,47,0.27356458625358027,11,S001;S002;S003;S004;S005;S007;S011 | S006;S009;S010;S013;S014;S015 | S008;S012,7,5,3,7,5,5,6,9
16,46,0.26081010202873783,11,S001;S002;S003;S004;S005;S007;S011 | S006;S009;S010;S013;S014 | S008;S012;S015,7,4,3,7,5,5,6,9
12,42,0.7004264908369072,8,S001;S002;S003;S004;S005;S007;S011;S012;S015 | S006 | S008;S009;S010;S013;S014,7,4,3,7,6,5,4,6
17,47,0.43939693717811845,10,S001;S002;S003;S004;S005;S007;S011;S012 | S006;S015 | S008;S009;S010;S013;S014,7,5,3,7,6,5,6,8
12,42,0.6824468398173703,8,S001;S002;S003;S004;S005;S007;S011;S012 | S006 | S008;S009;S010;S013;S014;S015,7,4,3,7,6,5,4,6
17,47,0.4669301152416846,10,S001;S002;S003;S004;S005;S007;S011;S015 | S006;S012 | S008;S009;S010;S013;S014,7,5,3,7,6,5,6,8
18,48,0.31599034450391644,11,S001;S002;S003;S004;S005;S007;S011 | S006;S012;S015 | S008;S009;S010;S013;S014,7,5,3,7,6,5,6,9
17,47,0.44835247169242415,10,S001;S002;S003;S004;S005;S007;S011 | S006;S012 | S008;S009;S010;S013;S014;S015,7,5,3,7,6,5,6,8
11,41,0.6814712034585727,8,S001;S002;S003;S004;S005;S007;S011;S015 | S006 | S008;S009;S010;S012;S013;S014,7,4,3,7,5,5,4,6
16,46,0.41902689225798356,10,S001;S002;S003;S004;S005;S007;S011 | S006;S015 | S008;S009;S010;S012;S013;S014,7,5,3,7,5,5,6,8
11,41,0.6698845079535609,8,S001;S002;S003;S004;S005;S007;S011 | S006 | S008;S009;S010;S012;S013;S014;S015,7,4,3,7,5,5,4,6
9,39,0.7300893109680321,9,S001;S002;S003;S006;S007;S008;S009;S010;S011;S012;S013;S014 | S004;S005 | S015,4,3,3,6,4,5,6,8
11,41,0.6363237076863673,10,S001;S002;S003;S006;S007;S008;S009;S010;S011;S013;S014 | S004;S005;S012 | S015,4,4,3,6,5,5,6,8
10,40,0.7559195383251234,9,S001;S002;S003;S006;S007;S008;S009;S010;S011;S013;S014;S015 | S004;S005 | S012,4,3,3,6,5,5,6,8
11,41,0.7075519457066834,9,S001;S002;S003;S006;S007;S008;S009;S010;S011;S013;S014 | S004;S005;S015 | S012,4,4,3,6,5,5,6,8
11,41,0.6168896882081731,10,S001;S002;S003;S006;S007;S008;S009;S010;S011;S013;S014 | S004;S005 | S012;S015,4,3,3,6,5,5,6,9
13,43,0.4774682219753903,10,S001;S002;S003;S006;S007;S008;S011;S012 | S004;S005;S009;S010;S013;S014 | S015,7,3,3,7,4,5,6,8
15,45,0.4579122958177897,10,S001;S002;S003;S006;S007;S008;S011 | S004;S005;S009;S010;S012;S013;S014 | S015,7,4,3,7,5,5,6,8
14,44,0.5058617573307888,10,S001;S002;S003;S006;S007;S008;S011;S015 | S004;S005;S009;S010;S013;S014 | S012,7,3,3,7,5,5,6,8
15,45,0.48796358370865356,10,S001;S002;S003;S006;S007;S008;S011 | S004;S005;S009;S010;S013;S014;S015 | S012,7,4,3,7,5,5,6,8
15,45,0.35237372616506746,11,S001;S002;S003;S006;S007;S008;S011 | S004;S005;S009;S010;S013;S014 | S012;S015,7,3,3,7,5,5,6,9
13,43,0.4398605525996264,10,S001;S002;S003;S006;S007;S008;S011;S012;S015 | S004;S005 | S009;S010;S013;S014,7,2,3,7,4,5,6,9
14,44,0.38321544822963566,10,S001;S002;S003;S006;S007;S008;S011;S012 | S004;S005;S015 | S009;S010;S013;S014,7,3,3,7,4,5,6,9
14,44,0.3997764669362009,10,S001;S002;S003;S006;S007;S008;S011;S012 | S004;S005 | S009;S010;S013;S014;S015,7,3,3,7,4,5,6,9
15,45,0.3335961306982605,11,S001;S002;S003;S006;S007;S008;S011;S015 | S004;S005;S012 | S009;S010;S013;S014,7,3,3,7,5,5,6,9
15,45,0.2828288468136096,11,S001;S002;S003;S006;S007;S008;S011 | S004;S005;S012;S015 | S009;S010;S013;S014,7,3,3,7,5,5,6,9
16,46,0.2889552488999943,11,S001;S002;S003;S006;S007;S008;S011 | S004;S005;S012 | S009;S010;S013;S014;S015,7,4,3,7,5,5,6,9
15,45,0.39731043098034685,10,S001;S002;S003;S006;S007;S008;S011;S015 | S004;S005 | S009;S010;S012;S013;S014,7,3,3,7,5,5,6,9
16,46,0.33905767143028953,10,S001;S002;S003;S006;S007;S008;S011 | S004;S005;S015 | S009;S010;S012;S013;S014,7,4,3,7,5,5,6,9
15,45,0.3628429416031545,10,S001;S002;S003;S006;S007;S008;S011 | S004;S005 | S009;S010;S012;S013;S014;S015,7,3,3,7,5,5,6,9
13,43,0.6045744435733417,8,S001;S002;S003;S006;S007;S009;S010;S011;S012;S013;S014 | S004;S005;S008 | S015,4,5,3,6,6,5,6,8
12,42,0.5295306506563306,9,S001;S002;S003;S006;S007;S009;S010;S011;S013;S014 | S004;S005;S008;S012 | S015,4,5,3,6,5,5,6,8
13,43,0.63158345195056,8,S001;S002;S003;S006;S007;S009;S010;S011;S013;S014;S015 | S004;S005;S008 | S012,4,5,3,6,6,5,6,8
13,43,0.588775973073754,8,S001;S002;S003;S006;S007;S009;S010;S011;S013;S014 | S004;S005;S008;S015 | S012,4,5,3,6,6,5,6,8
14,44,0.48313977333832914,9,S001;S002;S003;S006;S007;S009;S010;S011;S013;S014 | S004;S005;S008 | S012;S015,4,5,3,6,6,5,6,9
17,47,0.4358212434475315,9,S001;S002;S003;S006;S007;S011;S012 | S004;S005;S008;S009;S010;S013;S014 | S015,7,5,3,7,6,5,6,8
16,46,0.4387110690922121,9,S001;S002;S003;S006;S007;S011 | S004;S005;S008;S009;S010;S012;S013;S014 | S015,7,5,3,7,5,5,6,8
17,47,0.46651609460850335,9,S001;S002;S003;S006;S007;S011;S015 | S004;S005;S008;S009;S010;S013;S014 | S012,7,5,3,7,6,5,6,8
17,47,0.4691454744632303,9,S001;S002;S003;S006;S007;S011 | S004;S005;S008;S009;S010;S013;S014;S015 | S012,7,5,3,7,6,5,6,8
18,48,0.3128299904707806,10,S001;S002;S003;S006;S007;S011 | S004;S005;S008;S009;S010;S013;S014 | S012;S015,7,5,3,7,6,5,6,9
17,47,0.2857374606828469,9,S001;S002;S003;S006;S007;S011;S012;S015 | S004;S005;S008 | S009;S010;S013;S014,7,4,3,7,6,5,6,9
17,47,0.22967329690430047,9,S001;S002;S003;S006;S007;S011;S012 | S004;S005;S008;S015 | S009;S010;S013;S014,7,4,3,7,6,5,6,9
18,48,0.24181725531543846,9,S001;S002;S003;S006;S007;S011;S012 | S004;S005;S008 | S009;S010;S013;S014;S015,7,5,3,7,6,5,6,9
16,46,0.19335029438808643,10,S001;S002;S003;S006;S007;S011;S015 | S004;S005;S008;S012 | S009;S010;S013;S014,7,4,3,7,5,5,6,9
16,46,0.1527067938500528,10,S001;S002;S003;S006;S007;S011 | S004;S005;S008;S012;S015 | S009;S010;S013;S014,7,4,3,7,5,5,6,9
17,47,0.1399353133414604,10,S001;S002;S003;S006;S007;S011 | S004;S005;S008;S012 | S009;S010;S013;S014;S015,7,5,3,7,5,5,6,9
18,48,0.23919378190451063,9,S001;S002;S003;S006;S007;S011;S015 | S004;S005;S008 | S009;S010;S012;S013;S014,7,5,3,7,6,5,6,9
18,48,0.17965045782904693,9,S001;S002;S003;S006;S007;S011 | S004;S005;S008;S015 | S009;S010;S012;S013;S014,7,5,3,7,6,5,6,9
18,48,0.20483345302606507,9,S001;S002;S003;S006;S007;S011 | S004;S005;S008 | S009;S010;S012;S013;S014;S015,7,5,3,7,6,5,6,9
12,42,0.6658929186198618,8,S001;S002;S003;S006;S007;S009;S010;S011;S012;S013;S014;S015 | S004;S005 | S008,4,4,3,6,6,5,6,8
13,43,0.6148321900101702,8,S001;S002;S003;S006;S007;S009;S010;S011;S012;S013;S014 | S004;S005;S015 | S008,4,5,3,6,6,5,6,8
13,43,0.5460388703633884,9,S001;S002;S003;S006;S007;S009;S010;S011;S012;S013;S014 | S004;S005 | S008;S015,4,4,3,6,6,5,6,9
13,43,0.5704003726664731,9,S001;S002;S003;S006;S007;S009;S010;S011;S013;S014;S015 | S004;S005;S012 | S008,4,5,3,6,6,5,6,8
13,43,0.5283801697985544,9,S001;S002;S003;S006;S007;S009;S010;S011;S013;S014 | S004;S005;S012;S015 | S008,4,5,3,6,6,5,6,8
14,44,0.4472486000055974,10,S001;S002;S003;S006;S007;S009;S010;S011;S013;S014 | S004;S005;S012 | S008;S015,4,5,3,6,6,5,6,9
12,42,0.49983787911090455,10,S001;S002;S003;S006;S007;S009;S010;S011;S013;S014;S015 | S004;S005 | S008;S012,4,4,3,6,5,5,6,9
13,43,0.44553936296655794,10,S001;S002;S003;S006;S007;S009;S010;S011;S013;S014 | S004;S005;S015 | S008;S012,4,5,3,6,5,5,6,9
12,42,0.45471212017799145,10,S001;S002;S003;S006;S007;S009;S010;S011;S013;S014 | S004;S005 | S008;S012;S015,4,4,3,6,5,5,6,9
16,46,0.4178854962616356,9,S001;S002;S003;S006;S007;S011;S012;S015 | S004;S005;S009;S010;S013;S014 | S008,7,4,3,7,6,5,6,8
17,47,0.4058255253321538,9,S001;S002;S003;S006;S007;S011;S012 | S004;S005;S009;S010;S013;S014;S015 | S008,7,5,3,7,6,5,6,8
17,47,0.28107908845769003,10,S001;S002;S003;S006;S007;S011;S012 | S004;S005;S009;S010;S013;S014 | S008;S015,7,4,3,7,6,5,6,9
17,47,0.40535192006837245,9,S001;S002;S003;S006;S007;S011;S015 | S004;S005;S009;S010;S012;S013;S014 | S008,7,5,3,7,6,5,6,8
17,47,0.4031691345397697,9,S001;S002;S003;S006;S007;S011 | S004;S005;S009;S010;S012;S013;S014;S015 | S008,7,5,3,7,6,5,6,8
18,48,0.2707700482696712,10,S001;S002;S003;S006;S007;S011 | S004;S005;S009;S010;S012;S013;S014 | S008;S015,7,5,3,7,6,5,6,9
16,46,0.2181441418264924,11,S001;S002;S003;S006;S007;S011;S015 | S004;S005;S009;S010;S013;S014 | S008;S012,7,4,3,7,5,5,6,9
17,47,0.20646948883004385,11,S001;S002;S003;S006;S007;S011 | S004;S005;S009;S010;S013;S014;S015 | S008;S012,7,5,3,7,5,5,6,9
16,46,0.1624946574927352,11,S001;S002;S003;S006;S007;S011 | S004;S005;S009;S010;S013;S014 | S008;S012;S015,7,4,3,7,5,5,6,9
17,47,0.32840040275289656,10,S001;S002;S003;S006;S007;S011;S012;S015 | S004;S005 | S008;S009;S010;S013;S014,7,4,3,7,6,5,6,9
18,48,0.27027773363258406,10,S001;S002;S003;S006;S007;S011;S012 | S004;S005;S015 | S008;S009;S010;S013;S014,7,5,3,7,6,5,6,9
17,47,0.31279969915654693,10,S001;S002;S003;S006;S007;S011;S012 | S004;S005 | S008;S009;S010;S013;S014;S015,7,4,3,7,6,5,6,9
18,48,0.20850357962242605,11,S001;S002;S003;S006;S007;S011;S015 | S004;S005;S012 | S008;S009;S010;S013;S014,7,5,3,7,6,5,6,9
18,48,0.1521889804893983,11,S001;S002;S003;S006;S007;S011 | S004;S005;S012;S015 | S008;S009;S010;S013;S014,7,5,3,7,6,5,6,9
18,48,0.194026879460851,11,S001;S002;S003;S006;S007;S011 | S004;S005;S012 | S008;S009;S010;S013;S014;S015,7,5,3,7,6,5,6,9
16,46,0.31214018032729546,10,S001;S002;S003;S006;S007;S011;S015 | S004;S005 | S008;S009;S010;S012;S013;S014,7,4,3,7,5,5,6,9
17,47,0.2576091475577046,10,S001;S002;S003;S006;S007;S011 | S004;S005;S015 | S008;S009;S010;S012;S013;S014,7,5,3,7,5,5,6,9
16,46,0.3080321791008477,10,S001;S002;S003;S006;S007;S011 | S004;S005 | S008;S009;S010;S012;S013;S014;S015,7,4,3,7,5,5,6,9
7,37,0.6934311677433246,9,S001;S002;S003;S007;S008;S009;S010;S011;S012;S013;S014 | S004;S005;S006 | S015,4,3,2,6,4,4,6,8
9,39,0.6052321117142061,10,S001;S002;S003;S007;S008;S009;S010;S011;S013;S014 | S004;S005;S006;S012 | S015,4,4,2,6,5,4,6,8
8,38,0.7193432070689327,9,S001;S002;S003;S007;S008;S009;S010;S011;S013;S014;S015 | S004;S005;S006 | S012,4,3,2,6,5,4,6,8
9,39,0.6727303239080733,9,S001;S002;S003;S007;S008;S009;S010;S011;S013;S014 | S004;S005;S006;S015 | S012,4,4,2,6,5,4,6,8
9,39,0.5788235000061854,10,S001;S002;S003;S007;S008;S009;S010;S011;S013;S014 | S004;S005;S006 | S012;S015,4,3,2,6,5,4,6,9
11,41,0.46286403626241124,10,S001;S002;S003;S007;S008;S011;S012 | S004;S005;S006;S009;S010;S013;S014 | S015,7,3,2,7,4,4,6,8
13,43,0.44895129616000606,10,S001;S002;S003;S007;S008;S011 | S004;S005;S006;S009;S010;S012;S013;S014 | S015,7,4,2,7,5,4,6,8
12,42,0.49177647255854595,10,S001;S002;S003;S007;S008;S011;S015 | S004;S005;S006;S009;S010;S013;S014 | S012,7,3,2,7,5,4,6,8
13,43,0.4790701162881545,10,S001;S002;S003;S007;S008;S011 | S004;S005;S006;S009;S010;S013;S014;S015 | S012,7,4,2,7,5,4,6,8
13,43,0.3376656559715818,11,S001;S002;S003;S007;S008;S011 | S004;S005;S006;S009;S010;S013;S014 | S012;S015,7,3,2,7,5,4,6,9
11,41,0.3971966969168502,10,S001;S002;S003;S007;S008;S011;S012;S015 | S004;S005;S006 | S009;S010;S013;S014,7,2,2,7,4,4,6,9
12,42,0.3411786158591697,10,S001;S002;S003;S007;S008;S011;S012 | S004;S005;S006;S015 | S009;S010;S013;S014,7,3,2,7,4,4,6,9
12,42,0.3560050038258792,10,S001;S002;S003;S007;S008;S011;S012 | S004;S005;S006 | S009;S010;S013;S014;S015,7,3,2,7,4,4,6,9
13,43,0.2952083404997969,11,S001;S002;S003;S007;S008;S011;S015 | S004;S005;S006;S012 | S009;S010;S013;S014,7,3,2,7,5,4,6,9
13,43,0.24645271159065227,11,S001;S002;S003;S007;S008;S011 | S004;S005;S006;S012;S015 | S009;S010;S013;S014,7,3,2,7,5,4,6,9
14,44,0.24859469028719966,11,S001;S002;S003;S007;S008;S011 | S004;S005;S006;S012 | S009;S010;S013;S014;S015,7,4,2,7,5,4,6,9
13,43,0.35347797692517796,10,S001;S002;S003;S007;S008;S011;S015 | S004;S005;S006 | S009;S010;S012;S013;S014,7,3,2,7,5,4,6,9
14,44,0.29548614859310857,10,S001;S002;S003;S007;S008;S011 | S004;S005;S006;S015 | S009;S010;S012;S013;S014,7,4,2,7,5,4,6,9
13,43,0.3183968134281864,10,S001;S002;S003;S007;S008;S011 | S004;S005;S006 | S009;S010;S012;S013;S014;S015,7,3,2,7,5,4,6,9
11,41,0.5716220391644447,8,S001;S002;S003;S007;S009;S010;S011;S012;S013;S014 | S004;S005;S006;S008 | S015,4,5,2,6,6,4,6,8
10,40,0.5048897446793932,9,S001;S002;S003;S007;S009;S010;S011;S013;S014 | S004;S005;S006;S008;S012 | S015,4,5,2,6,5,4,6,8
11,41,0.5990284237182857,8,S001;S002;S003;S007;S009;S010;S011;S013;S014;S015 | S004;S005;S006;S008 | S012,4,5,2,6,6,4,6,8
11,41,0.5593522575235477,8,S001;S002;S003;S007;S009;S010;S011;S013;S014 | S004;S005;S006;S008;S015 | S012,4,5,2,6,6,4,6,8
12,42,0.4478795003278867,9,S001;S002;S003;S007;S009;S010;S011;S013;S014 | S004;S005;S006;S008 | S012;S015,4,5,2,6,6,4,6,9
15,45,0.4368611050835416,9,S001;S002;S003;S007;S011;S012 | S004;S005;S006;S008;S009;S010;S013;S014 | S015,7,5,2,7,6,4,6,8
14,44,0.44645892766716644,9,S001;S002;S003;S007;S011 | S004;S005;S006;S008;S009;S010;S012;S013;S014 | S015,7,5,2,7,5,4,6,8
15,45,0.4677273965118716,9,S001;S002;S003;S007;S011;S015 | S004;S005;S006;S008;S009;S010;S013;S014 | S012,7,5,2,7,6,4,6,8
15,45,0.476468241721988,9,S001;S002;S003;S007;S011 | S004;S005;S006;S008;S009;S010;S013;S014;S015 | S012,7,5,2,7,6,4,6,8
16,46,0.3185282466676057,10,S001;S002;S003;S007;S011 | S004;S005;S006;S008;S009;S010;S013;S014 | S012;S015,7,5,2,7,6,4,6,9
15,45,0.24336019837293132,9,S001;S002;S003;S007;S011;S012;S015 | S004;S005;S006;S008 | S009;S010;S013;S014,7,4,2,7,6,4,6,9
15,45,0.18950480378635665,9,S001;S002;S003;S007;S011;S012 | S004;S005;S006;S008;S015 | S009;S010;S013;S014,7,4,2,7,6,4,6,9
16,46,0.19709351460465344,9,S001;S002;S003;S007;S011;S012 | S004;S005;S006;S008 | S009;S010;S013;S014;S015,7,5,2,7,6,4,6,9
14,44,0.16175958364163137,10,S001;S002;S003;S007;S011;S015 | S004;S005;S006;S008;S012 | S009;S010;S013;S014,7,4,2,7,5,4,6,9
14,44,0.13143449749060454,10,S001;S002;S003;S007;S011 | S004;S005;S006;S008;S012;S015 | S009;S010;S013;S014,7,4,2,7,5,4,6,9
15,45,0.10464528809875971,10,S001;S002;S003;S007;S011 | S004;S005;S006;S008;S012 | S009;S010;S013;S014;S015,7,5,2,7,5,4,6,9
16,46,0.1943381242677963,9,S001;S002;S003;S007;S011;S015 | S004;S005;S006;S008 | S009;S010;S012;S013;S014,7,5,2,7,6,4,6,9
16,46,0.13569040449830105,9,S001;S002;S003;S007;S011 | S004;S005;S006;S008;S015 | S009;S010;S012;S013;S014,7,5,2,7,6,4,6,9
16,46,0.15906716674730773,9,S001;S002;S003;S007;S011 | S004;S005;S006;S008 | S009;S010;S012;S013;S014;S015,7,5,2,7,6,4,6,9
10,40,0.6272663234629388,8,S001;S002;S003;S007;S009;S010;S011;S012;S013;S014;S015 | S004;S005;S006 | S008,4,4,2,6,6,4,6,8
11,41,0.5782011465994512,8,S001;S002;S003;S007;S009;S010;S011;S012;S013;S014 | S004;S005;S006;S015 | S008,4,5,2,6,6,4,6,8
11,41,0.5055484976785575,9,S001;S002;S003;S007;S009;S010;S011;S012;S013;S014 | S004;S005;S006 | S008;S015,4,4,2,6,6,4,6,9
11,41,0.5384441751377191,9,S001;S002;S003;S007;S009;S010;S011;S013;S014;S015 | S004;S005;S006;S012 | S008,4,5,2,6,6,4,6,8
11,41,0.4995153111529665,9,S001;S002;S003;S007;S009;S010;S011;S013;S014 | S004;S005;S006;S012;S015 | S008,4,5,2,6,6,4,6,8
12,42,0.4127015922372375,10,S001;S002;S003;S007;S009;S010;S011;S013;S014 | S004;S005;S006;S012 | S008;S015,4,5,2,6,6,4,6,9
10,40,0.45889484542008957,10,S001;S002;S003;S007;S009;S010;S011;S013;S014;S015 | S004;S005;S006 | S008;S012,4,4,2,6,5,4,6,9
11,41,0.4056017203624977,10,S001;S002;S003;S007;S009;S010;S011;S013;S014 | S004;S005;S006;S015 | S008;S012,4,5,2,6,5,4,6,9
10,40,0.41248044186418126,10,S001;S002;S003;S007;S009;S010;S011;S013;S014 | S004;S005;S006 | S008;S012;S015,4,4,2,6,5,4,6,9
14,44,0.40797467381429564,9,S001;S002;S003;S007;S011;S012;S015 | S004;S005;S006;S009;S010;S013;S014 | S008,7,4,2,7,6,4,6,8
15,45,0.402832224551828,9,S001;S002;S003;S007;S011;S012 | S004;S005;S006;S009;S010;S013;S014;S015 | S008,7,5,2,7,6,4,6,8
15,45,0.272334193554296,10,S001;S002;S003;S007;S011;S012 | S004;S005;S006;S009;S010;S013;S014 | S008;S015,7,4,2,7,6,4,6,9
15,45,0.4028252967023129,9,S001;S002;S003;S007;S011;S015 | S004;S005;S006;S009;S010;S012;S013;S014 | S008,7,5,2,7,6,4,6,8
15,45,0.4077594747445429,9,S001;S002;S003;S007;S011 | S004;S005;S006;S009;S010;S012;S013;S014;S015 | S008,7,5,2,7,6,4,6,8
16,46,0.2721824032601359,10,S001;S002;S003;S007;S011 | S004;S005;S006;S009;S010;S012;S013;S014 | S008;S015,7,5,2,7,6,4,6,9
14,44,0.2079743444365672,11,S001;S002;S003;S007;S011;S015 | S004;S005;S006;S009;S010;S013;S014 | S008;S012,7,4,2,7,5,4,6,9
15,45,0.2078011254180751,11,S001;S002;S003;S007;S011 | S004;S005;S006;S009;S010;S013;S014;S015 | S008;S012,7,5,2,7,5,4,6,9
14,44,0.15656811084196662,11,S001;S002;S003;S007;S011 | S004;S005;S006;S009;S010;S013;S014 | S008;S012;S015,7,4,2,7,5,4,6,9
15,45,0.2846541423878191,10,S001;S002;S003;S007;S011;S012;S015 | S004;S005;S006 | S008;S009;S010;S013;S014,7,4,2,7,6,4,6,9
16,46,0.22691863607288165,10,S001;S002;S003;S007;S011;S012 | S004;S005;S006;S015 | S008;S009;S010;S013;S014,7,5,2,7,6,4,6,9
15,45,0.2713949833128309,10,S001;S002;S003;S007;S011;S012 | S004;S005;S006 | S008;S009;S010;S013;S014;S015,7,4,2,7,6,4,6,9
16,46,0.16611302142467574,11,S001;S002;S003;S007;S011;S015 | S004;S005;S006;S012 | S008;S009;S010;S013;S014,7,5,2,7,6,4,6,9
16,46,0.1103017476314304,11,S001;S002;S003;S007;S011 | S004;S005;S006;S012;S015 | S008;S009;S010;S013;S014,7,5,2,7,6,4,6,9
16,46,0.15559184237331652,11,S001;S002;S003;S007;S011 | S004;S005;S006;S012 | S008;S009;S010;S013;S014;S015,7,5,2,7,6,4,6,9
14,44,0.27095357484623955,10,S001;S002;S003;S007;S011;S015 | S004;S005;S006 | S008;S009;S010;S012;S013;S014,7,4,2,7,5,4,6,9
15,45,0.218191838302761,10,S001;S002;S003;S007;S011 | S004;S005;S006;S015 | S008;S009;S010;S012;S013;S014,7,5,2,7,5,4,6,9
14,44,0.27110625192621873,10,S001;S002;S003;S007;S011 | S004;S005;S006 | S008;S009;S010;S012;S013;S014;S015,7,4,2,7,5,4,6,9
4,34,0.9381758772249565,7,S001;S002;S003;S007;S008;S009;S010;S011;S012;S013;S014;S015 | S004;S005 | S006,4,2,3,6,4,5,4,6
5,35,0.890917942067126,7,S001;S002;S003;S007;S008;S009;S010;S011;S012;S013;S014 | S004;S005;S015 | S006,4,3,3,6,4,5,4,6
9,39,0.6879841302388324,9,S001;S002;S003;S007;S008;S009;S010;S011;S012;S013;S014 | S004;S005 | S006;S015,4,3,3,6,4,5,6,8
6,36,0.8406095386733082,8,S001;S002;S003;S007;S008;S009;S010;S011;S013;S014;S015 | S004;S005;S012 | S006,4,3,3,6,5,5,4,6
6,36,0.8020217835503858,8,S001;S002;S003;S007;S008;S009;S010;S011;S013;S014 | S004;S005;S012;S015 | S006,4,3,3,6,5,5,4,6
11,41,0.5936532598681487,10,S001;S002;S003;S007;S008;S009;S010;S011;S013;S014 | S004;S005;S012 | S006;S015,4,4,3,6,5,5,6,8
10,40,0.7125189000572429,9,S001;S002;S003;S007;S008;S009;S010;S011;S013;S014;S015 | S004;S005 | S006;S012,4,3,3,6,5,5,6,8
11,41,0.6632093230943216,9,S001;S002;S003;S007;S008;S009;S010;S011;S013;S014 | S004;S005;S015 | S006;S012,4,4,3,6,5,5,6,8
11,41,0.5787776004221393,10,S001;S002;S003;S007;S008;S009;S010;S011;S013;S014 | S004;S005 | S006;S012;S015,4,3,3,6,5,5,6,9
8,38,0.6950467939957861,8,S001;S002;S003;S007;S008;S011;S012;S015 | S004;S005;S009;S010;S013;S014 | S006,7,2,3,7,4,5,4,6
9,39,0.6786312961383759,8,S001;S002;S003;S007;S008;S011;S012 | S004;S005;S009;S010;S013;S014;S015 | S006,7,3,3,7,4,5,4,6
13,43,0.433505268106322,10,S001;S002;S003;S007;S008;S011;S012 | S004;S005;S009;S010;S013;S014 | S006;S015,7,3,3,7,4,5,6,8
10,40,0.6777622930864368,8,S001;S002;S003;S007;S008;S011;S015 | S004;S005;S009;S010;S012;S013;S014 | S006,7,3,3,7,5,5,4,6
10,40,0.6678457523460892,8,S001;S002;S003;S007;S008;S011 | S004;S005;S009;S010;S012;S013;S014;S015 | S006,7,3,3,7,5,5,4,6
15,45,0.41525627802314163,10,S001;S002;S003;S007;S008;S011 | S004;S005;S009;S010;S012;S013;S014 | S006;S015,7,4,3,7,5,5,6,8
14,44,0.46125704224339914,10,S001;S002;S003;S007;S008;S011;S015 | S004;S005;S009;S010;S013;S014 | S006;S012,7,3,3,7,5,5,6,8
15,45,0.44463048528664545,10,S001;S002;S003;S007;S008;S011 | S004;S005;S009;S010;S013;S014;S015 | S006;S012,7,4,3,7,5,5,6,8
15,45,0.3098411272651574,11,S001;S002;S003;S007;S008;S011 | S004;S005;S009;S010;S013;S014 | S006;S012;S015,7,3,3,7,5,5,6,9
13,43,0.40928747378734776,10,S001;S002;S003;S007;S008;S011;S012;S015 | S004;S005 | S006;S009;S010;S013;S014,7,2,3,7,4,5,6,9
14,44,0.35145901489716586,10,S001;S002;S003;S007;S008;S011;S012 | S004;S005;S015 | S006;S009;S010;S013;S014,7,3,3,7,4,5,6,9
14,44,0.3729892918453589,10,S001;S002;S003;S007;S008;S011;S012 | S004;S005 | S006;S009;S010;S013;S014;S015,7,3,3,7,4,5,6,9
15,45,0.29963666540127915,11,S001;S002;S003;S007;S008;S011;S015 | S004;S005;S012 | S006;S009;S010;S013;S014,7,3,3,7,5,5,6,9
15,45,0.24684105759415595,11,S001;S002;S003;S007;S008;S011 | S004;S005;S012;S015 | S006;S009;S010;S013;S014,7,3,3,7,5,5,6,9
16,46,0.2586041091697516,11,S001;S002;S003;S007;S008;S011 | S004;S005;S012 | S006;S009;S010;S013;S014;S015,7,4,3,7,5,5,6,9
15,45,0.3708111266205607,10,S001;S002;S003;S007;S008;S011;S015 | S004;S005 | S006;S009;S010;S012;S013;S014,7,3,3,7,5,5,6,9
16,46,0.31182662897869406,10,S001;S002;S003;S007;S008;S011 | S004;S005;S015 | S006;S009;S010;S012;S013;S014,7,4,3,7,5,5,6,9
15,45,0.34141056102642986,10,S001;S002;S003;S007;S008;S011 | S004;S005 | S006;S009;S010;S012;S013;S014;S015,7,3,3,7,5,5,6,9
8,38,0.8232055538414762,6,S001;S002;S003;S007;S009;S010;S011;S012;S013;S014;S015 | S004;S005;S008 | S006,4,4,3,6,6,5,4,6
8,38,0.7829396330470805,6,S001;S002;S003;S007;S009;S010;S011;S012;S013;S014 | S004;S005;S008;S015 | S006,4,4,3,6,6,5,4,6
13,43,0.5587512004659871,8,S001;S002;S003;S007;S009;S010;S011;S012;S013;S014 | S004;S005;S008 | S006;S015,4,5,3,6,6,5,6,8
7,37,0.7468474304431127,7,S001;S002;S003;S007;S009;S010;S011;S013;S014;S015 | S004;S005;S008;S012 | S006,4,4,3,6,5,5,4,6
7,37,0.7180838047057873,7,S001;S002;S003;S007;S009;S010;S011;S013;S014 | S004;S005;S008;S012;S015 | S006,4,4,3,6,5,5,4,6
12,42,0.4838751361207993,9,S001;S002;S003;S007;S009;S010;S011;S013;S014 | S004;S005;S008;S012 | S006;S015,4,5,3,6,5,5,6,8
13,43,0.584489926952162,8,S001;S002;S003;S007;S009;S010;S011;S013;S014;S015 | S004;S005;S008 | S006;S012,4,5,3,6,6,5,6,8
13,43,0.5408587314089156,8,S001;S002;S003;S007;S009;S010;S011;S013;S014 | S004;S005;S008;S015 | S006;S012,4,5,3,6,6,5,6,8
14,44,0.4410163443889329,9,S001;S002;S003;S007;S009;S010;S011;S013;S014 | S004;S005;S008 | S006;S012;S015,4,5,3,6,6,5,6,9
12,42,0.6632600501729825,7,S001;S002;S003;S007;S011;S012;S015 | S004;S005;S008;S009;S010;S013;S014 | S006,7,4,3,7,6,5,4,6
12,42,0.6643899898443735,7,S001;S002;S003;S007;S011;S012 | S004;S005;S008;S009;S010;S013;S014;S015 | S006,7,4,3,7,6,5,4,6
17,47,0.39606925645641194,9,S001;S002;S003;S007;S011;S012 | S004;S005;S008;S009;S010;S013;S014 | S006;S015,7,5,3,7,6,5,6,8
11,41,0.6647071804244379,7,S001;S002;S003;S007;S011;S015 | S004;S005;S008;S009;S010;S012;S013;S014 | S006,7,4,3,7,5,5,4,6
11,41,0.6731813191827081,7,S001;S002;S003;S007;S011 | S004;S005;S008;S009;S010;S012;S013;S014;S015 | S006,7,4,3,7,5,5,4,6
16,46,0.4029558950323548,9,S001;S002;S003;S007;S011 | S004;S005;S008;S009;S010;S012;S013;S014 | S006;S015,7,5,3,7,5,5,6,8
17,47,0.42613679859603854,9,S001;S002;S003;S007;S011;S015 | S004;S005;S008;S009;S010;S013;S014 | S006;S012,7,5,3,7,6,5,6,8
17,47,0.43237623653352525,9,S001;S002;S003;S007;S011 | S004;S005;S008;S009;S010;S013;S014;S015 | S006;S012,7,5,3,7,6,5,6,8
18,48,0.2770899985648295,10,S001;S002;S003;S007;S011 | S004;S005;S008;S009;S010;S013;S014 | S006;S012;S015,7,5,3,7,6,5,6,9
17,47,0.25205126232260444,9,S001;S002;S003;S007;S011;S012;S015 | S004;S005;S008 | S006;S009;S010;S013;S014,7,4,3,7,6,5,6,9
17,47,0.19345734550055124,9,S001;S002;S003;S007;S011;S012 | S004;S005;S008;S015 | S006;S009;S010;S013;S014,7,4,3,7,6,5,6,9
18,48,0.21434431413455413,9,S001;S002;S003;S007;S011;S012 | S004;S005;S008 | S006;S009;S010;S013;S014;S015,7,5,3,7,6,5,6,9
16,46,0.152825592129944,10,S001;S002;S003;S007;S011;S015 | S004;S005;S008;S012 | S006;S009;S010;S013;S014,7,4,3,7,5,5,6,9
16,46,0.10898443925265806,10,S001;S002;S003;S007;S011 | S004;S005;S008;S012;S015 | S006;S009;S010;S013;S014,7,4,3,7,5,5,6,9
17,47,0.10357148677397635,10,S001;S002;S003;S007;S011 | S004;S005;S008;S012 | S006;S009;S010;S013;S014;S015,7,5,3,7,5,5,6,9
18,48,0.21224587335857253,9,S001;S002;S003;S007;S011;S015 | S004;S005;S008 | S006;S009;S010;S012;S013;S014,7,5,3,7,6,5,6,9
18,48,0.15133047039654157,9,S001;S002;S003;S007;S011 | S004;S005;S008;S015 | S006;S009;S010;S012;S013;S014,7,5,3,7,6,5,6,9
18,48,0.18808335005290963,9,S001;S002;S003;S007;S011 | S004;S005;S008 | S006;S009;S010;S012;S013;S014;S015,7,5,3,7,6,5,6,9
12,42,0.6219692910640265,8,S001;S002;S003;S007;S009;S010;S011;S012;S013;S014;S015 | S004;S005 | S006;S008,4,4,3,6,6,5,6,8
13,43,0.5697150016614484,8,S001;S002;S003;S007;S009;S010;S011;S012;S013;S014 | S004;S005;S015 | S006;S008,4,5,3,6,6,5,6,8
13,43,0.5076013354167672,9,S001;S002;S003;S007;S009;S010;S011;S012;S013;S014 | S004;S005 | S006;S008;S015,4,4,3,6,6,5,6,9
13,43,0.5255865845727664,9,S001;S002;S003;S007;S009;S010;S011;S013;S014;S015 | S004;S005;S012 | S006;S008,4,5,3,6,6,5,6,8
13,43,0.48265150512587,9,S001;S002;S003;S007;S009;S010;S011;S013;S014 | S004;S005;S012;S015 | S006;S008,4,5,3,6,6,5,6,8
14,44,0.4066130028406203,10,S001;S002;S003;S007;S009;S010;S011;S013;S014 | S004;S005;S012 | S006;S008;S015,4,5,3,6,6,5,6,9
12,42,0.46561160075897373,10,S001;S002;S003;S007;S009;S010;S011;S013;S014;S015 | S004;S005 | S006;S008;S012,4,4,3,6,5,5,6,9
13,43,0.40999025628002234,10,S001;S002;S003;S007;S009;S010;S011;S013;S014 | S004;S005;S015 | S006;S008;S012,4,5,3,6,5,5,6,9
12,42,0.42306054821188616,10,S001;S002;S003;S007;S009;S010;S011;S013;S014 | S004;S005 | S006;S008;S012;S015,4,4,3,6,5,5,6,9
16,46,0.37301167766415566,9,S001;S002;S003;S007;S011;S012;S015 | S004;S005;S009;S010;S013;S014 | S006;S008,7,4,3,7,6,5,6,8
17,47,0.3634363486474863,9,S001;S002;S003;S007;S011;S012 | S004;S005;S009;S010;S013;S014;S015 | S006;S008,7,5,3,7,6,5,6,8
17,47,0.23820759923131066,10,S001;S002;S003;S007;S011;S012 | S004;S005;S009;S010;S013;S014 | S006;S008;S015,7,4,3,7,6,5,6,9
17,47,0.36316814263806513,9,S001;S002;S003;S007;S011;S015 | S004;S005;S009;S010;S012;S013;S014 | S006;S008,7,5,3,7,6,5,6,8
17,47,0.36470326374837514,9,S001;S002;S003;S007;S011 | S004;S005;S009;S010;S012;S013;S014;S015 | S006;S008,7,5,3,7,6,5,6,8
18,48,0.2320711457726251,10,S001;S002;S003;S007;S011 | S004;S005;S009;S010;S012;S013;S014 | S006;S008;S015,7,5,3,7,6,5,6,9
16,46,0.1762168149337146,11,S001;S002;S003;S007;S011;S015 | S004;S005;S009;S010;S013;S014 | S006;S008;S012,7,4,3,7,5,5,6,9
17,47,0.16893119119405905,11,S001;S002;S003;S007;S011 | S004;S005;S009;S010;S013;S014;S015 | S006;S008;S012,7,5,3,7,5,5,6,9
16,46,0.12147102346865865,11,S001;S002;S003;S007;S011 | S004;S005;S009;S010;S013;S014 | S006;S008;S012;S015,7,4,3,7,5,5,6,9
17,47,0.31570911750849073,10,S001;S002;S003;S007;S011;S012;S015 | S004;S005 | S006;S008;S009;S010;S013;S014,7,4,3,7,6,5,6,9
18,48,0.2598189842408687,10,S001;S002;S003;S007;S011;S012 | S004;S005;S015 | S006;S008;S009;S010;S013;S014,7,5,3,7,6,5,6,9
17,47,0.3081070138628499,10,S001;S002;S003;S007;S011;S012 | S004;S005 | S006;S008;S009;S010;S013;S014;S015,7,4,3,7,6,5,6,9
18,48,0.19617826109603784,11,S001;S002;S003;S007;S011;S015 | S004;S005;S012 | S006;S008;S009;S010;S013;S014,7,5,3,7,6,5,6,9
18,48,0.14358360450288268,11,S001;S002;S003;S007;S011 | S004;S005;S012;S015 | S006;S008;S009;S010;S013;S014,7,5,3,7,6,5,6,9
18,48,0.1937622097863547,11,S001;S002;S003;S007;S011 | S004;S005;S012 | S006;S008;S009;S010;S013;S014;S015,7,5,3,7,6,5,6,9
16,46,0.3079988589562016,10,S001;S002;S003;S007;S011;S015 | S004;S005 | S006;S008;S009;S010;S012;S013;S014,7,4,3,7,5,5,6,9
17,47,0.2577299105141626,10,S001;S002;S003;S007;S011 | S004;S005;S015 | S006;S008;S009;S010;S012;S013;S014,7,5,3,7,5,5,6,9
16,46,0.31237235177671085,10,S001;S002;S003;S007;S011 | S004;S005 | S006;S008;S009;S010;S012;S013;S014;S015,7,4,3,7,5,5,6,9
13,43,0.6249899085596434,8,S001;S002;S004;S005;S006;S008;S009;S010;S012;S013;S014 | S003;S007;S011 | S015,6,4,3,7,5,5,6,7
14,44,0.54541846677419,9,S001;S002;S004;S005;S006;S008;S009;S010;S013;S014 | S003;S007;S011;S012 | S015,6,4,3,7,5,5,6,8
13,43,0.6518096348744802,8,S001;S002;S004;S005;S006;S008;S009;S010;S013;S014;S015 | S003;S007;S011 | S012,6,4,3,7,5,5,6,7
14,44,0.6073673731269407,8,S001;S002;S004;S005;S006;S008;S009;S010;S013;S014 | S003;S007;S011;S015 | S012,6,5,3,7,5,5,6,7
14,44,0.5048265187924258,9,S001;S002;S004;S005;S006;S008;S009;S010;S013;S014 | S003;S007;S011 | S012;S015,6,4,3,7,5,5,6,8
13,43,0.4374733295352018,9,S001;S002;S004;S005;S006;S008;S012 | S003;S007;S009;S010;S011;S013;S014 | S015,5,4,3,7,5,5,6,8
13,43,0.43633163276033254,9,S001;S002;S004;S005;S006;S008 | S003;S007;S009;S010;S011;S012;S013;S014 | S015,5,4,3,7,5,5,6,8
13,43,0.46799713221879125,9,S001;S002;S004;S005;S006;S008;S015 | S003;S007;S009;S010;S011;S013;S014 | S012,5,4,3,7,5,5,6,8
14,44,0.46695841114733727,9,S001;S002;S004;S005;S006;S008 | S003;S007;S009;S010;S011;S013;S014;S015 | S012,5,5,3,7,5,5,6,8
14,44,0.3123562175897192,10,S001;S002;S004;S005;S006;S008 | S003;S007;S009;S010;S011;S013;S014 | S012;S015,5,4,3,7,5,5,6,9
13,43,0.3112997995045787,9,S001;S002;S004;S005;S006;S008;S012;S015 | S003;S007;S011 | S009;S010;S013;S014,7,3,3,7,4,5,6,8
15,45,0.25436954508507437,9,S001;S002;S004;S005;S006;S008;S012 | S003;S007;S011;S015 | S009;S010;S013;S014,7,4,3,7,5,5,6,8
15,45,0.2684835943094011,9,S001;S002;S004;S005;S006;S008;S012 | S003;S007;S011 | S009;S010;S013;S014;S015,7,4,3,7,5,5,6,8
15,45,0.21415930103934558,10,S001;S002;S004;S005;S006;S008;S015 | S003;S007;S011;S012 | S009;S010;S013;S014,7,3,3,7,5,5,6,9
16,46,0.1695126593260647,10,S001;S002;S004;S005;S006;S008 | S003;S007;S011;S012;S015 | S009;S010;S013;S014,7,4,3,7,5,5,6,9
16,46,0.16287852913364412,10,S001;S002;S004;S005;S006;S008 | S003;S007;S011;S012 | S009;S010;S013;S014;S015,7,4,3,7,5,5,6,9
15,45,0.2659189743705658,9,S001;S002;S004;S005;S006;S008;S015 | S003;S007;S011 | S009;S010;S012;S013;S014,7,4,3,7,5,5,6,8
16,46,0.20607255044882725,9,S001;S002;S004;S005;S006;S008 | S003;S007;S011;S015 | S009;S010;S012;S013;S014,7,5,3,7,5,5,6,8
15,45,0.2319529388000632,9,S001;S002;S004;S005;S006;S008 | S003;S007;S011 | S009;S010;S012;S013;S014;S015,7,4,3,7,5,5,6,8
17,47,0.5127139244023222,9,S001;S002;S004;S005;S006;S009;S010;S012;S013;S014 | S003;S007;S008;S011 | S015,6,5,3,7,7,5,6,8
15,45,0.4697523333681066,10,S001;S002;S004;S005;S006;S009;S010;S013;S014 | S003;S007;S008;S011;S012 | S015,6,4,3,7,6,5,6,8
15,45,0.5407176724321779,9,S001;S002;S004;S005;S006;S009;S010;S013;S014;S015 | S003;S007;S008;S011 | S012,6,4,3,7,6,5,6,8
16,46,0.5114500481524484,9,S001;S002;S004;S005;S006;S009;S010;S013;S014 | S003;S007;S008;S011;S015 | S012,6,4,3,7,7,5,6,8
17,47,0.3865433208352956,10,S001;S002;S004;S005;S006;S009;S010;S013;S014 | S003;S007;S008;S011 | S012;S015,6,4,3,7,7,5,6,9
16,46,0.46088144625624144,10,S001;S002;S004;S005;S006;S012 | S003;S007;S008;S009;S010;S011;S013;S014 | S015,5,5,3,7,7,5,6,8
14,44,0.48181433977445687,10,S001;S002;S004;S005;S006 | S003;S007;S008;S009;S010;S011;S012;S013;S014 | S015,5,4,3,7,6,5,6,8
14,44,0.4908986617436038,10,S001;S002;S004;S005;S006;S015 | S003;S007;S008;S009;S010;S011;S013;S014 | S012,5,4,3,7,6,5,6,8
15,45,0.5100691334567452,10,S001;S002;S004;S005;S006 | S003;S007;S008;S009;S010;S011;S013;S014;S015 | S012,5,4,3,7,7,5,6,8
16,46,0.3568887578194235,11,S001;S002;S004;S005;S006 | S003;S007;S008;S009;S010;S011;S013;S014 | S012;S015,5,4,3,7,7,5,6,9
17,47,0.1698156087481526,10,S001;S002;S004;S005;S006;S012;S015 | S003;S007;S008;S011 | S009;S010;S013;S014,7,4,3,7,6,5,6,9
18,48,0.13377652341137752,10,S001;S002;S004;S005;S006;S012 | S003;S007;S008;S011;S015 | S009;S010;S013;S014,7,4,3,7,7,5,6,9
19,49,0.11411520654021953,10,S001;S002;S004;S005;S006;S012 | S003;S007;S008;S011 | S009;S010;S013;S014;S015,7,5,3,7,7,5,6,9
15,45,0.14002067862940168,11,S001;S002;S004;S005;S006;S015 | S003;S007;S008;S011;S012 | S009;S010;S013;S014,7,3,3,7,5,5,6,9
16,46,0.14644340074546788,11,S001;S002;S004;S005;S006 | S003;S007;S008;S011;S012;S015 | S009;S010;S013;S014,7,3,3,7,6,5,6,9
17,47,0.0915510698809252,11,S001;S002;S004;S005;S006 | S003;S007;S008;S011;S012 | S009;S010;S013;S014;S015,7,4,3,7,6,5,6,9
17,47,0.11058211984395246,10,S001;S002;S004;S005;S006;S015 | S003;S007;S008;S011 | S009;S010;S012;S013;S014,7,4,3,7,6,5,6,9
18,48,0.07081648418313899,10,S001;S002;S004;S005;S006 | S003;S007;S008;S011;S015 | S009;S010;S012;S013;S014,7,4,3,7,7,5,6,9
18,48,0.062200068658259444,10,S001;S002;S004;S005;S006 | S003;S007;S008;S011 | S009;S010;S012;S013;S014;S015,7,4,3,7,7,5,6,9
15,45,0.579750908910574,8,S001;S002;S004;S005;S006;S009;S010;S012;S013;S014;S015 | S003;S007;S011 | S008,6,5,3,7,6,5,6,7
17,47,0.5338569787494364,8,S001;S002;S004;S005;S006;S009;S010;S012;S013;S014 | S003;S007;S011;S015 | S008,6,6,3,7,7,5,6,7
17,47,0.45506463853260426,9,S001;S002;S004;S005;S006;S009;S010;S012;S013;S014 | S003;S007;S011 | S008;S015,6,5,3,7,7,5,6,8
15,45,0.5007096872076713,9,S001;S002;S004;S005;S006;S009;S010;S013;S014;S015 | S003;S007;S011;S012 | S008,6,4,3,7,6,5,6,8
17,47,0.46660444111206156,9,S001;S002;S004;S005;S006;S009;S010;S013;S014 | S003;S007;S011;S012;S015 | S008,6,5,3,7,7,5,6,8
17,47,0.37137595488133046,10,S001;S002;S004;S005;S006;S009;S010;S013;S014 | S003;S007;S011;S012 | S008;S015,6,4,3,7,7,5,6,9
14,44,0.4073111359698782,10,S001;S002;S004;S005;S006;S009;S010;S013;S014;S015 | S003;S007;S011 | S008;S012,6,4,3,7,5,5,6,8
16,46,0.35580741107395447,10,S001;S002;S004;S005;S006;S009;S010;S013;S014 | S003;S007;S011;S015 | S008;S012,6,5,3,7,6,5,6,8
15,45,0.3589458666616857,10,S001;S002;S004;S005;S006;S009;S010;S013;S014 | S003;S007;S011 | S008;S012;S015,6,4,3,7,6,5,6,8
15,45,0.40285087044208684,9,S001;S002;S004;S005;S006;S012;S015 | S003;S007;S009;S010;S011;S013;S014 | S008,5,5,3,7,6,5,6,8
17,47,0.4068604032648419,9,S001;S002;S004;S005;S006;S012 | S003;S007;S009;S010;S011;S013;S014;S015 | S008,5,6,3,7,7,5,6,8
17,47,0.2715850712647145,10,S001;S002;S004;S005;S006;S012 | S003;S007;S009;S010;S011;S013;S014 | S008;S015,5,5,3,7,7,5,6,9
14,44,0.40745169492744504,9,S001;S002;S004;S005;S006;S015 | S003;S007;S009;S010;S011;S012;S013;S014 | S008,5,4,3,7,6,5,6,8
16,46,0.42122743327717393,9,S001;S002;S004;S005;S006 | S003;S007;S009;S010;S011;S012;S013;S014;S015 | S008,5,5,3,7,7,5,6,8
16,46,0.28440921932302987,10,S001;S002;S004;S005;S006 | S003;S007;S009;S010;S011;S012;S013;S014 | S008;S015,5,4,3,7,7,5,6,9
14,44,0.20756048523013287,11,S001;S002;S004;S005;S006;S015 | S003;S007;S009;S010;S011;S013;S014 | S008;S012,5,4,3,7,5,5,6,9
16,46,0.22202321826903987,11,S001;S002;S004;S005;S006 | S003;S007;S009;S010;S011;S013;S014;S015 | S008;S012,5,5,3,7,6,5,6,9
15,45,0.1657832553002808,11,S001;S002;S004;S005;S006 | S003;S007;S009;S010;S011;S013;S014 | S008;S012;S015,5,4,3,7,6,5,6,9
17,47,0.22878676594932354,10,S001;S002;S004;S005;S006;S012;S015 | S003;S007;S011 | S008;S009;S010;S013;S014,7,5,3,7,6,5,6,8
19,49,0.17197600639150304,10,S001;S002;S004;S005;S006;S012 | S003;S007;S011;S015 | S008;S009;S010;S013;S014,7,6,3,7,7,5,6,8
18,48,0.2198971996262602,10,S001;S002;S004;S005;S006;S012 | S003;S007;S011 | S008;S009;S010;S013;S014;S015,7,5,3,7,7,5,6,8
17,47,0.1120998410275166,11,S001;S002;S004;S005;S006;S015 | S003;S007;S011;S012 | S008;S009;S010;S013;S014,7,4,3,7,6,5,6,9
19,49,0.05851742170056952,11,S001;S002;S004;S005;S006 | S003;S007;S011;S012;S015 | S008;S009;S010;S013;S014,7,5,3,7,7,5,6,9
18,48,0.11101417569333243,11,S001;S002;S004;S005;S006 | S003;S007;S011;S012 | S008;S009;S010;S013;S014;S015,7,4,3,7,7,5,6,9
15,45,0.21985824054422642,10,S001;S002;S004;S005;S006;S015 | S003;S007;S011 | S008;S009;S010;S012;S013;S014,7,4,3,7,5,5,6,8
17,47,0.1711658856120926,10,S001;S002;S004;S005;S006 | S003;S007;S011;S015 | S008;S009;S010;S012;S013;S014,7,5,3,7,6,5,6,8
16,46,0.2276061158840472,10,S001;S002;S004;S005;S006 | S003;S007;S011 | S008;S009;S010;S012;S013;S014;S015,7,4,3,7,6,5,6,8
12,42,0.5908987412899193,8,S001;S002;S004;S005;S008;S009;S010;S012;S013;S014 | S003;S006;S007;S011 | S015,6,4,3,7,5,4,6,7
13,43,0.5191386928139611,9,S001;S002;S004;S005;S008;S009;S010;S013;S014 | S003;S006;S007;S011;S012 | S015,6,4,3,7,5,4,6,8
12,42,0.618058015521636,8,S001;S002;S004;S005;S008;S009;S010;S013;S014;S015 | S003;S006;S007;S011 | S012,6,4,3,7,5,4,6,7
13,43,0.5764680756621088,8,S001;S002;S004;S005;S008;S009;S010;S013;S014 | S003;S006;S007;S011;S015 | S012,6,5,3,7,5,4,6,7
13,43,0.468545146692396,9,S001;S002;S004;S005;S008;S009;S010;S013;S014 | S003;S006;S007;S011 | S012;S015,6,4,3,7,5,4,6,8
12,42,0.43566399567746,9,S001;S002;S004;S005;S008;S012 | S003;S006;S007;S009;S010;S011;S013;S014 | S015,5,4,3,7,5,4,6,8
12,42,0.4413119076994821,9,S001;S002;S004;S005;S008 | S003;S006;S007;S009;S010;S011;S012;S013;S014 | S015,5,4,3,7,5,4,6,8
12,42,0.46644683526918523,9,S001;S002;S004;S005;S008;S015 | S003;S006;S007;S009;S010;S011;S013;S014 | S012,5,4,3,7,5,4,6,8
13,43,0.47158705490098124,9,S001;S002;S004;S005;S008 | S003;S006;S007;S009;S010;S011;S013;S014;S015 | S012,5,5,3,7,5,4,6,8
13,43,0.3144192467342985,10,S001;S002;S004;S005;S008 | S003;S006;S007;S009;S010;S011;S013;S014 | S012;S015,5,4,3,7,5,4,6,9
12,42,0.268325528167925,9,S001;S002;S004;S005;S008;S012;S015 | S003;S006;S007;S011 | S009;S010;S013;S014,7,3,3,7,4,4,6,8
14,44,0.21302311375617497,9,S001;S002;S004;S005;S008;S012 | S003;S006;S007;S011;S015 | S009;S010;S013;S014,7,4,3,7,5,4,6,8
14,44,0.2235317497014503,9,S001;S002;S004;S005;S008;S012 | S003;S006;S007;S011 | S009;S010;S013;S014;S015,7,4,3,7,5,4,6,8
14,44,0.17983728157540801,10,S001;S002;S004;S005;S008;S015 | S003;S006;S007;S011;S012 | S009;S010;S013;S014,7,3,3,7,5,4,6,9
15,45,0.1427782160459255,10,S001;S002;S004;S005;S008 | S003;S006;S007;S011;S012;S015 | S009;S010;S013;S014,7,4,3,7,5,4,6,9
15,45,0.12487423560068894,10,S001;S002;S004;S005;S008 | S003;S006;S007;S011;S012 | S009;S010;S013;S014;S015,7,4,3,7,5,4,6,9
14,44,0.22086030959140318,9,S001;S002;S004;S005;S008;S015 | S003;S006;S007;S011 | S009;S010;S012;S013;S014,7,4,3,7,5,4,6,8
15,45,0.16160516422313018,9,S001;S002;S004;S005;S008 | S003;S006;S007;S011;S015 | S009;S010;S012;S013;S014,7,5,3,7,5,4,6,8
14,44,0.18617336022319214,9,S001;S002;S004;S005;S008 | S003;S006;S007;S011 | S009;S010;S012;S013;S014;S015,7,4,3,7,5,4,6,8
16,46,0.4895609349035478,9,S001;S002;S004;S005;S009;S010;S012;S013;S014 | S003;S006;S007;S008;S011 | S015,6,5,3,7,7,4,6,8
14,44,0.45705300673689525,10,S001;S002;S004;S005;S009;S010;S013;S014 | S003;S006;S007;S008;S011;S012 | S015,6,4,3,7,6,4,6,8
14,44,0.518157940496277,9,S001;S002;S004;S005;S009;S010;S013;S014;S015 | S003;S006;S007;S008;S011 | S012,6,4,3,7,6,4,6,8
15,45,0.49354760000592746,9,S001;S002;S004;S005;S009;S010;S013;S014 | S003;S006;S007;S008;S011;S015 | S012,6,4,3,7,7,4,6,8
16,46,0.3615683113885339,10,S001;S002;S004;S005;S009;S010;S013;S014 | S003;S006;S007;S008;S011 | S012;S015,6,4,3,7,7,4,6,9
15,45,0.4748800572230623,10,S001;S002;S004;S005;S012 | S003;S006;S007;S008;S009;S010;S011;S013;S014 | S015,5,5,3,7,7,4,6,8
13,43,0.5008500792163961,10,S001;S002;S004;S005 | S003;S006;S007;S008;S009;S010;S011;S012;S013;S014 | S015,5,4,3,7,6,4,6,8
13,43,0.5047129559564649,10,S001;S002;S004;S005;S015 | S003;S006;S007;S008;S009;S010;S011;S013;S014 | S012,5,4,3,7,6,4,6,8
14,44,0.5285602411988509,10,S001;S002;S004;S005 | S003;S006;S007;S008;S009;S010;S011;S013;S014;S015 | S012,5,4,3,7,7,4,6,8
15,45,0.3770100620143942,11,S001;S002;S004;S005 | S003;S006;S007;S008;S009;S010;S011;S013;S014 | S012;S015,5,4,3,7,7,4,6,9
16,46,0.14127066029100666,10,S001;S002;S004;S005;S012;S015 | S003;S006;S007;S008;S011 | S009;S010;S013;S014,7,4,3,7,6,4,6,9
17,47,0.11948671285928428,10,S001;S002;S004;S005;S012 | S003;S006;S007;S008;S011;S015 | S009;S010;S013;S014,7,4,3,7,7,4,6,9
18,48,0.08229682723491694,10,S001;S002;S004;S005;S012 | S003;S006;S007;S008;S011 | S009;S010;S013;S014;S015,7,5,3,7,7,4,6,9
14,44,0.14277088428167983,11,S001;S002;S004;S005;S015 | S003;S006;S007;S008;S011;S012 | S009;S010;S013;S014,7,3,3,7,5,4,6,9
15,45,0.16464689840172606,11,S001;S002;S004;S005 | S003;S006;S007;S008;S011;S012;S015 | S009;S010;S013;S014,7,3,3,7,6,4,6,9
16,46,0.1077122631802649,11,S001;S002;S004;S005 | S003;S006;S007;S008;S011;S012 | S009;S010;S013;S014;S015,7,4,3,7,6,4,6,9
16,46,0.07843248695951073,10,S001;S002;S004;S005;S015 | S003;S006;S007;S008;S011 | S009;S010;S012;S013;S014,7,4,3,7,6,4,6,9
17,47,0.0648003245583165,10,S001;S002;S004;S005 | S003;S006;S007;S008;S011;S015 | S009;S010;S012;S013;S014,7,4,3,7,7,4,6,9
17,47,0.020555467575055667,10,S001;S002;S004;S005 | S003;S006;S007;S008;S011 | S009;S010;S012;S013;S014;S015,7,4,3,7,7,4,6,9
14,44,0.544889197910856,8,S001;S002;S004;S005;S009;S010;S012;S013;S014;S015 | S003;S006;S007;S011 | S008,6,5,3,7,6,4,6,7
16,46,0.5020405142519468,8,S001;S002;S004;S005;S009;S010;S012;S013;S014 | S003;S006;S007;S011;S015 | S008,6,6,3,7,7,4,6,7
16,46,0.41746103147621905,9,S001;S002;S004;S005;S009;S010;S012;S013;S014 | S003;S006;S007;S011 | S008;S015,6,5,3,7,7,4,6,8
14,44,0.47453892486588584,9,S001;S002;S004;S005;S009;S010;S013;S014;S015 | S003;S006;S007;S011;S012 | S008,6,4,3,7,6,4,6,8
16,46,0.4449281992108103,9,S001;S002;S004;S005;S009;S010;S013;S014 | S003;S006;S007;S011;S012;S015 | S008,6,5,3,7,7,4,6,8
16,46,0.34242816791935077,10,S001;S002;S004;S005;S009;S010;S013;S014 | S003;S006;S007;S011;S012 | S008;S015,6,4,3,7,7,4,6,9
13,43,0.36836746807571397,10,S001;S002;S004;S005;S009;S010;S013;S014;S015 | S003;S006;S007;S011 | S008;S012,6,4,3,7,5,4,6,8
15,45,0.31882911045875406,10,S001;S002;S004;S005;S009;S010;S013;S014 | S003;S006;S007;S011;S015 | S008;S012,6,5,3,7,6,4,6,8
14,44,0.31822129747962136,10,S001;S002;S004;S005;S009;S010;S013;S014 | S003;S006;S007;S011 | S008;S012;S015,6,4,3,7,6,4,6,8
14,44,0.40498805667769233,9,S001;S002;S004;S005;S012;S015 | S003;S006;S007;S009;S010;S011;S013;S014 | S008,5,5,3,7,6,4,6,8
16,46,0.4159642864702027,9,S001;S002;S004;S005;S012 | S003;S006;S007;S009;S010;S011;S013;S014;S015 | S008,5,6,3,7,7,4,6,8
16,46,0.27922135705730255,10,S001;S002;S004;S005;S012 | S003;S006;S007;S009;S010;S011;S013;S014 | S008;S015,5,5,3,7,7,4,6,9
13,43,0.4169968585097702,9,S001;S002;S004;S005;S015 | S003;S006;S007;S009;S010;S011;S012;S013;S014 | S008,5,4,3,7,6,4,6,8
15,45,0.43711147833390734,9,S001;S002;S004;S005 | S003;S006;S007;S009;S010;S011;S012;S013;S014;S015 | S008,5,5,3,7,7,4,6,8
15,45,0.30116623637592116,10,S001;S002;S004;S005 | S003;S006;S007;S009;S010;S011;S012;S013;S014 | S008;S015,5,4,3,7,7,4,6,9
13,43,0.2171348678935747,11,S001;S002;S004;S005;S015 | S003;S006;S007;S009;S010;S011;S013;S014 | S008;S012,5,4,3,7,5,4,6,9
15,45,0.24134146318734717,11,S001;S002;S004;S005 | S003;S006;S007;S009;S010;S011;S013;S014;S015 | S008;S012,5,5,3,7,6,4,6,9
14,44,0.18437158634802703,11,S001;S002;S004;S005 | S003;S006;S007;S009;S010;S011;S013;S014 | S008;S012;S015,5,4,3,7,6,4,6,9
16,46,0.18593062366439086,10,S001;S002;S004;S005;S012;S015 | S003;S006;S007;S011 | S008;S009;S010;S013;S014,7,5,3,7,6,4,6,8
18,48,0.1306270154538484,10,S001;S002;S004;S005;S012 | S003;S006;S007;S011;S015 | S008;S009;S010;S013;S014,7,6,3,7,7,4,6,8
17,47,0.18224165240365758,10,S001;S002;S004;S005;S012 | S003;S006;S007;S011 | S008;S009;S010;S013;S014;S015,7,5,3,7,7,4,6,8
16,46,0.0713155104129024,11,S001;S002;S004;S005;S015 | S003;S006;S007;S011;S012 | S008;S009;S010;S013;S014,7,4,3,7,6,4,6,9
18,48,0.028792583875306105,11,S001;S002;S004;S005 | S003;S006;S007;S011;S012;S015 | S008;S009;S010;S013;S014,7,5,3,7,7,4,6,9
17,47,0.08535966940110744,11,S001;S002;S004;S005 | S003;S006;S007;S011;S012 | S008;S009;S010;S013;S014;S015,7,4,3,7,7,4,6,9
14,44,0.18266814110512514,10,S001;S002;S004;S005;S015 | S003;S006;S007;S011 | S008;S009;S010;S012;S013;S014,7,4,3,7,5,4,6,8
16,46,0.13995935869495044,10,S001;S002;S004;S005 | S003;S006;S007;S011;S015 | S008;S009;S010;S012;S013;S014,7,5,3,7,6,4,6,8
15,45,0.19865793906130885,10,S001;S002;S004;S005 | S003;S006;S007;S011 | S008;S009;S010;S012;S013;S014;S015,7,4,3,7,6,4,6,8
9,38,0.8424498362461409,6,S001;S002;S004;S005;S008;S009;S010;S012;S013;S014;S015 | S003;S007;S011 | S006,6,3,4,7,4,5,4,5
11,40,0.800347406385693,6,S001;S002;S004;S005;S008;S009;S010;S012;S013;S014 | S003;S007;S011;S015 | S006,6,4,4,7,5,5,4,5
14,44,0.57961948846775,8,S001;S002;S004;S005;S008;S009;S010;S012;S013;S014 | S003;S007;S011 | S006;S015,6,4,4,7,5,5,6,7
10,40,0.761263239160571,7,S001;S002;S004;S005;S008;S009;S010;S013;S014;S015 | S003;S007;S011;S012 | S006,6,3,4,7,5,5,4,6
11,41,0.7302555790190287,7,S001;S002;S004;S005;S008;S009;S010;S013;S014 | S003;S007;S011;S012;S015 | S006,6,4,4,7,5,5,4,6
15,45,0.49997010746633685,9,S001;S002;S004;S005;S008;S009;S010;S013;S014 | S003;S007;S011;S012 | S006;S015,6,4,4,7,5,5,6,8
14,44,0.6051345928314767,8,S001;S002;S004;S005;S008;S009;S010;S013;S014;S015 | S003;S007;S011 | S006;S012,6,4,4,7,5,5,6,7
15,45,0.5597922866624654,8,S001;S002;S004;S005;S008;S009;S010;S013;S014 | S003;S007;S011;S015 | S006;S012,6,5,4,7,5,5,6,7
15,45,0.4633330946554889,9,S001;S002;S004;S005;S008;S009;S010;S013;S014 | S003;S007;S011 | S006;S012;S015,6,4,4,7,5,5,6,8
8,38,0.6649942237390349,7,S001;S002;S004;S005;S008;S012;S015 | S003;S007;S009;S010;S011;S013;S014 | S006,5,3,4,7,4,5,4,6
10,40,0.6630276820964073,7,S001;S002;S004;S005;S008;S012 | S003;S007;S009;S010;S011;S013;S014;S015 | S006,5,4,4,7,5,5,4,6
14,44,0.3963205531064278,9,S001;S002;S004;S005;S008;S012 | S003;S007;S009;S010;S011;S013;S014 | S006;S015,5,4,4,7,5,5,6,8
9,39,0.6631419376892108,7,S001;S002;S004;S005;S008;S015 | S003;S007;S009;S010;S011;S012;S013;S014 | S006,5,3,4,7,5,5,4,6
10,40,0.668567803203893,7,S001;S002;S004;S005;S008 | S003;S007;S009;S010;S011;S012;S013;S014;S015 | S006,5,4,4,7,5,5,4,6
14,44,0.39880786355685005,9,S001;S002;S004;S005;S008 | S003;S007;S009;S010;S011;S012;S013;S014 | S006;S015,5,4,4,7,5,5,6,8
14,44,0.42624694964097337,9,S001;S002;S004;S005;S008;S015 | S003;S007;S009;S010;S011;S013;S014 | S006;S012,5,4,4,7,5,5,6,8
15,45,0.4284993969367077,9,S001;S002;S004;S005;S008 | S003;S007;S009;S010;S011;S013;S014;S015 | S006;S012,5,5,4,7,5,5,6,8
15,45,0.274463801921261,10,S001;S002;S004;S005;S008 | S003;S007;S009;S010;S011;S013;S014 | S006;S012;S015,5,4,4,7,5,5,6,9
14,44,0.2784741902990559,9,S001;S002;S004;S005;S008;S012;S015 | S003;S007;S011 | S006;S009;S010;S013;S014,7,3,4,7,4,5,6,8
16,46,0.2193995300227495,9,S001;S002;S004;S005;S008;S012 | S003;S007;S011;S015 | S006;S009;S010;S013;S014,7,4,4,7,5,5,6,8
16,46,0.241469889503852,9,S001;S002;S004;S005;S008;S012 | S003;S007;S011 | S006;S009;S010;S013;S014;S015,7,4,4,7,5,5,6,8
16,46,0.1751663181749791,10,S001;S002;S004;S005;S008;S015 | S003;S007;S011;S012 | S006;S009;S010;S013;S014,7,3,4,7,5,5,6,9
17,47,0.12704523727577083,10,S001;S002;S004;S005;S008 | S003;S007;S011;S012;S015 | S006;S009;S010;S013;S014,7,4,4,7,5,5,6,9
17,47,0.1285390358480538,10,S001;S002;S004;S005;S008 | S003;S007;S011;S012 | S006;S009;S010;S013;S014;S015,7,4,4,7,5,5,6,9
16,46,0.23938235832333438,9,S001;S002;S004;S005;S008;S015 | S003;S007;S011 | S006;S009;S010;S012;S013;S014,7,4,4,7,5,5,6,8
17,47,0.17846256585324508,9,S001;S002;S004;S005;S008 | S003;S007;S011;S015 | S006;S009;S010;S012;S013;S014,7,5,4,7,5,5,6,8
16,46,0.21442279728778144,9,S001;S002;S004;S005;S008 | S003;S007;S011 | S006;S009;S010;S012;S013;S014;S015,7,4,4,7,5,5,6,8
12,42,0.7332896604030453,7,S001;S002;S004;S005;S009;S010;S012;S013;S014;S015 | S003;S007;S008;S011 | S006,6,4,4,7,6,5,4,6
13,43,0.7065938509079934,7,S001;S002;S004;S005;S009;S010;S012;S013;S014 | S003;S007;S008;S011;S015 | S006,6,4,4,7,7,5,4,6
18,48,0.46653650328403323,9,S001;S002;S004;S005;S009;S010;S012;S013;S014 | S003;S007;S008;S011 | S006;S015,6,5,4,7,7,5,6,8
10,40,0.6882338458178455,8,S001;S002;S004;S005;S009;S010;S013;S014;S015 | S003;S007;S008;S011;S012 | S006,6,3,4,7,5,5,4,6
11,41,0.6740470967160682,8,S001;S002;S004;S005;S009;S010;S013;S014 | S003;S007;S008;S011;S012;S015 | S006,6,3,4,7,6,5,4,6
16,46,0.42614511704489494,10,S001;S002;S004;S005;S009;S010;S013;S014 | S003;S007;S008;S011;S012 | S006;S015,6,4,4,7,6,5,6,8
16,46,0.4936398588442274,9,S001;S002;S004;S005;S009;S010;S013;S014;S015 | S003;S007;S008;S011 | S006;S012,6,4,4,7,6,5,6,8
17,47,0.46457924680641666,9,S001;S002;S004;S005;S009;S010;S013;S014 | S003;S007;S008;S011;S015 | S006;S012,6,4,4,7,7,5,6,8
18,48,0.3424360324254484,10,S001;S002;S004;S005;S009;S010;S013;S014 | S003;S007;S008;S011 | S006;S012;S015,6,4,4,7,7,5,6,9
11,41,0.677058381004702,8,S001;S002;S004;S005;S012;S015 | S003;S007;S008;S009;S010;S011;S013;S014 | S006,5,4,4,7,6,5,4,6
12,42,0.6927608236792037,8,S001;S002;S004;S005;S012 | S003;S007;S008;S009;S010;S011;S013;S014;S015 | S006,5,4,4,7,7,5,4,6
17,47,0.43102052859569273,10,S001;S002;S004;S005;S012 | S003;S007;S008;S009;S010;S011;S013;S014 | S006;S015,5,5,4,7,7,5,6,8
9,39,0.6939975368386058,8,S001;S002;S004;S005;S015 | S003;S007;S008;S009;S010;S011;S012;S013;S014 | S006,5,3,4,7,5,5,4,6
10,40,0.7157848289928546,8,S001;S002;S004;S005 | S003;S007;S008;S009;S010;S011;S012;S013;S014;S015 | S006,5,3,4,7,6,5,4,6
15,45,0.45641564157780734,10,S001;S002;S004;S005 | S003;S007;S008;S009;S010;S011;S012;S013;S014 | S006;S015,5,4,4,7,6,5,6,8
15,45,0.46015897554992413,10,S001;S002;S004;S005;S015 | S003;S007;S008;S009;S010;S011;S013;S014 | S006;S012,5,4,4,7,6,5,6,8
16,46,0.48338512132038164,10,S001;S002;S004;S005 | S003;S007;S008;S009;S010;S011;S013;S014;S015 | S006;S012,5,4,4,7,7,5,6,8
17,47,0.33415855704568065,11,S001;S002;S004;S005 | S003;S007;S008;S009;S010;S011;S013;S014 | S006;S012;S015,5,4,4,7,7,5,6,9
18,48,0.1276414726041571,10,S001;S002;S004;S005;S012;S015 | S003;S007;S008;S011 | S006;S009;S010;S013;S014,7,4,4,7,6,5,6,9
19,49,0.0893397542796734,10,S001;S002;S004;S005;S012 | S003;S007;S008;S011;S015 | S006;S009;S010;S013;S014,7,4,4,7,7,5,6,9
20,50,0.07575052981398829,10,S001;S002;S004;S005;S012 | S003;S007;S008;S011 | S006;S009;S010;S013;S014;S015,7,5,4,7,7,5,6,9
16,46,0.10276000104737329,11,S001;S002;S004;S005;S015 | S003;S007;S008;S011;S012 | S006;S009;S010;S013;S014,7,3,4,7,5,5,6,9
17,47,0.12182813830003994,11,S001;S002;S004;S005 | S003;S007;S008;S011;S012;S015 | S006;S009;S010;S013;S014,7,3,4,7,6,5,6,9
18,48,0.06496631699916462,11,S001;S002;S004;S005 | S003;S007;S008;S011;S012 | S006;S009;S010;S013;S014;S015,7,4,4,7,6,5,6,9
18,48,0.07273095886261063,10,S001;S002;S004;S005;S015 | S003;S007;S008;S011 | S006;S009;S010;S012;S013;S014,7,4,4,7,6,5,6,9
19,49,0.026585531866387242,10,S001;S002;S004;S005 | S003;S007;S008;S011;S015 | S006;S009;S010;S012;S013;S014,7,4,4,7,7,5,6,9
19,49,0.046809118110849986,10,S001;S002;S004;S005 | S003;S007;S008;S011 | S006;S009;S010;S012;S013;S014;S015,7,4,4,7,7,5,6,9
16,46,0.5337745464225317,8,S001;S002;S004;S005;S009;S010;S012;S013;S014;S015 | S003;S007;S011 | S006;S008,6,5,4,7,6,5,6,7
18,48,0.4867561659313735,8,S001;S002;S004;S005;S009;S010;S012;S013;S014 | S003;S007;S011;S015 | S006;S008,6,6,4,7,7,5,6,7
18,48,0.41408817782266943,9,S001;S002;S004;S005;S009;S010;S012;S013;S014 | S003;S007;S011 | S006;S008;S015,6,5,4,7,7,5,6,8
16,46,0.45447837295322235,9,S001;S002;S004;S005;S009;S010;S013;S014;S015 | S003;S007;S011;S012 | S006;S008,6,4,4,7,6,5,6,8
18,48,0.4200503587704784,9,S001;S002;S004;S005;S009;S010;S013;S014 | S003;S007;S011;S012;S015 | S006;S008,6,5,4,7,7,5,6,8
18,48,0.32824648038070253,10,S001;S002;S004;S005;S009;S010;S013;S014 | S003;S007;S011;S012 | S006;S008;S015,6,4,4,7,7,5,6,9
15,45,0.37065003304804767,10,S001;S002;S004;S005;S009;S010;S013;S014;S015 | S003;S007;S011 | S006;S008;S012,6,4,4,7,5,5,6,8
17,47,0.3173459125516848,10,S001;S002;S004;S005;S009;S010;S013;S014 | S003;S007;S011;S015 | S006;S008;S012,6,5,4,7,6,5,6,8
16,46,0.32493396030006727,10,S001;S002;S004;S005;S009;S010;S013;S014 | S003;S007;S011 | S006;S008;S012;S015,6,4,4,7,6,5,6,8
16,46,0.362979304338045,9,S001;S002;S004;S005;S012;S015 | S003;S007;S009;S010;S011;S013;S014 | S006;S008,5,5,4,7,6,5,6,8
18,48,0.37132564970079573,9,S001;S002;S004;S005;S012 | S003;S007;S009;S010;S011;S013;S014;S015 | S006;S008,5,6,4,7,7,5,6,8
18,48,0.2366826682361812,10,S001;S002;S004;S005;S012 | S003;S007;S009;S010;S011;S013;S014 | S006;S008;S015,5,5,4,7,7,5,6,9
15,45,0.37222779624458896,9,S001;S002;S004;S005;S015 | S003;S007;S009;S010;S011;S012;S013;S014 | S006;S008,5,4,4,7,6,5,6,8
17,47,0.3909621438991705,9,S001;S002;S004;S005 | S003;S007;S009;S010;S011;S012;S013;S014;S015 | S006;S008,5,5,4,7,7,5,6,8
17,47,0.25681127281019744,10,S001;S002;S004;S005 | S003;S007;S009;S010;S011;S012;S013;S014 | S006;S008;S015,5,4,4,7,7,5,6,9
15,45,0.17534743091624935,11,S001;S002;S004;S005;S015 | S003;S007;S009;S010;S011;S013;S014 | S006;S008;S012,5,4,4,7,5,5,6,9
17,47,0.198500061055004,11,S001;S002;S004;S005 | S003;S007;S009;S010;S011;S013;S014;S015 | S006;S008;S012,5,5,4,7,6,5,6,9
16,46,0.14154381235007993,11,S001;S002;S004;S005 | S003;S007;S009;S010;S011;S013;S014 | S006;S008;S012;S015,5,4,4,7,6,5,6,9
18,48,0.22066181085424644,10,S001;S002;S004;S005;S012;S015 | S003;S007;S011 | S006;S008;S009;S010;S013;S014,7,5,4,7,6,5,6,8
20,50,0.16898054975339732,10,S001;S002;S004;S005;S012 | S003;S007;S011;S015 | S006;S008;S009;S010;S013;S014,7,6,4,7,7,5,6,8
19,49,0.22352603147894615,10,S001;S002;S004;S005;S012 | S003;S007;S011 | S006;S008;S009;S010;S013;S014;S015,7,5,4,7,7,5,6,8
18,48,0.10852837885773825,11,S001;S002;S004;S005;S015 | S003;S007;S011;S012 | S006;S008;S009;S010;S013;S014,7,4,4,7,6,5,6,9
20,50,0.07126655309410253,11,S001;S002;S004;S005 | S003;S007;S011;S012;S015 | S006;S008;S009;S010;S013;S014,7,5,4,7,7,5,6,9
19,49,0.12814592635210953,11,S001;S002;S004;S005 | S003;S007;S011;S012 | S006;S008;S009;S010;S013;S014;S015,7,4,4,7,7,5,6,9
16,46,0.2242594011964002,10,S001;S002;S004;S005;S015 | S003;S007;S011 | S006;S008;S009;S010;S012;S013;S014,7,4,4,7,5,5,6,8
18,48,0.18407287255813232,10,S001;S002;S004;S005 | S003;S007;S011;S015 | S006;S008;S009;S010;S012;S013;S014,7,5,4,7,6,5,6,8
17,47,0.2429403937736953,10,S001;S002;S004;S005 | S003;S007;S011 | S006;S008;S009;S010;S012;S013;S014;S015,7,4,4,7,6,5,6,8
16,46,0.5041025873883701,9,S001;S002;S006;S008;S009;S010;S012;S013;S014 | S003;S004;S005;S007;S011 | S015,6,4,4,7,5,6,6,8
16,46,0.46478062763205175,10,S001;S002;S006;S008;S009;S010;S013;S014 | S003;S004;S005;S007;S011;S012 | S015,6,4,4,7,5,6,6,8
16,46,0.5323137388804516,9,S001;S002;S006;S008;S009;S010;S013;S014;S015 | S003;S004;S005;S007;S011 | S012,6,4,4,7,5,6,6,8
17,47,0.5046421861563941,9,S001;S002;S006;S008;S009;S010;S013;S014 | S003;S004;S005;S007;S011;S015 | S012,6,5,4,7,5,6,6,8
17,47,0.3772353711428601,10,S001;S002;S006;S008;S009;S010;S013;S014 | S003;S004;S005;S007;S011 | S012;S015,6,4,4,7,5,6,6,9
15,45,0.4654291712528841,10,S001;S002;S006;S008;S012 | S003;S004;S005;S007;S009;S010;S011;S013;S014 | S015,5,4,4,7,5,6,6,8
15,45,0.48821588963287904,10,S001;S002;S006;S008 | S003;S004;S005;S007;S009;S010;S011;S012;S013;S014 | S015,5,4,4,7,5,6,6,8
15,45,0.49538946346157753,10,S001;S002;S006;S008;S015 | S003;S004;S005;S007;S009;S010;S011;S013;S014 | S012,5,4,4,7,5,6,6,8
16,46,0.5162768137214948,10,S001;S002;S006;S008 | S003;S004;S005;S007;S009;S010;S011;S013;S014;S015 | S012,5,5,4,7,5,6,6,8
16,46,0.3636050398150407,11,S001;S002;S006;S008 | S003;S004;S005;S007;S009;S010;S011;S013;S014 | S012;S015,5,4,4,7,5,6,6,9
16,46,0.1588097517336662,10,S001;S002;S006;S008;S012;S015 | S003;S004;S005;S007;S011 | S009;S010;S013;S014,7,3,4,7,4,6,6,9
18,48,0.12709588307768552,10,S001;S002;S006;S008;S012 | S003;S004;S005;S007;S011;S015 | S009;S010;S013;S014,7,4,4,7,5,6,6,9
18,48,0.10169798984714218,10,S001;S002;S006;S008;S012 | S003;S004;S005;S007;S011 | S009;S010;S013;S014;S015,7,4,4,7,5,6,6,9
17,47,0.13950487482672574,11,S001;S002;S006;S008;S015 | S003;S004;S005;S007;S011;S012 | S009;S010;S013;S014,7,3,4,7,5,6,6,9
18,48,0.15179486556410612,11,S001;S002;S006;S008 | S003;S004;S005;S007;S011;S012;S015 | S009;S010;S013;S014,7,4,4,7,5,6,6,9
18,48,0.09543329617851853,11,S001;S002;S006;S008 | S003;S004;S005;S007;S011;S012 | S009;S010;S013;S014;S015,7,4,4,7,5,6,6,9
18,48,0.09803135704609177,10,S001;S002;S006;S008;S015 | S003;S004;S005;S007;S011 | S009;S010;S012;S013;S014,7,4,4,7,5,6,6,9
19,49,0.06535078557473983,10,S001;S002;S006;S008 | S003;S004;S005;S007;S011;S015 | S009;S010;S012;S013;S014,7,5,4,7,5,6,6,9
18,48,0.04677173056705992,10,S001;S002;S006;S008 | S003;S004;S005;S007;S011 | S009;S010;S012;S013;S014;S015,7,4,4,7,5,6,6,9
19,49,0.43407804737605404,8,S001;S002;S006;S009;S010;S012;S013;S014 | S003;S004;S005;S007;S008;S011 | S015,6,5,4,7,7,6,6,8
17,47,0.4364052809906658,9,S001;S002;S006;S009;S010;S013;S014 | S003;S004;S005;S007;S008;S011;S012 | S015,6,4,4,7,6,6,6,8
17,47,0.46516959062685276,8,S001;S002;S006;S009;S010;S013;S014;S015 | S003;S004;S005;S007;S008;S011 | S012,6,4,4,7,6,6,6,8
18,48,0.4571395940977297,8,S001;S002;S006;S009;S010;S013;S014 | S003;S004;S005;S007;S008;S011;S015 | S012,6,4,4,7,7,6,6,8
19,49,0.3017944859106238,9,S001;S002;S006;S009;S010;S013;S014 | S003;S004;S005;S007;S008;S011 | S012;S015,6,4,4,7,7,6,6,9
18,48,0.5370528126291588,9,S001;S002;S006;S012 | S003;S004;S005;S007;S008;S009;S010;S011;S013;S014 | S015,5,5,4,7,7,6,6,8
16,46,0.5774371547439091,9,S001;S002;S006 | S003;S004;S005;S007;S008;S009;S010;S011;S012;S013;S014 | S015,5,4,4,7,6,6,6,8
16,46,0.5667144705933735,9,S001;S002;S006;S015 | S003;S004;S005;S007;S008;S009;S010;S011;S013;S014 | S012,5,4,4,7,6,6,6,8
17,47,0.604135234298341,9,S001;S002;S006 | S003;S004;S005;S007;S008;S009;S010;S011;S013;S014;S015 | S012,5,4,4,7,7,6,6,8
18,48,0.4569409962003099,10,S001;S002;S006 | S003;S004;S005;S007;S008;S009;S010;S011;S013;S014 | S012;S015,5,4,4,7,7,6,6,9
19,49,0.11657541774566055,9,S001;S002;S006;S012;S015 | S003;S004;S005;S007;S008;S011 | S009;S010;S013;S014,7,4,4,7,6,6,6,9
20,50,0.15670463310253926,9,S001;S002;S006;S012 | S003;S004;S005;S007;S008;S011;S015 | S009;S010;S013;S014,7,4,4,7,7,6,6,9
21,51,0.10173893120774416,9,S001;S002;S006;S012 | S003;S004;S005;S007;S008;S011 | S009;S010;S013;S014;S015,7,5,4,7,7,6,6,9
17,47,0.20627680769871823,10,S001;S002;S006;S015 | S003;S004;S005;S007;S008;S011;S012 | S009;S010;S013;S014,7,3,4,7,5,6,6,9
18,48,0.2557732803937582,10,S001;S002;S006 | S003;S004;S005;S007;S008;S011;S012;S015 | S009;S010;S013;S014,7,3,4,7,6,6,6,9
19,49,0.2078823885876113,10,S001;S002;S006 | S003;S004;S005;S007;S008;S011;S012 | S009;S010;S013;S014;S015,7,4,4,7,6,6,6,9
19,49,0.10197031920055034,9,S001;S002;S006;S015 | S003;S004;S005;S007;S008;S011 | S009;S010;S012;S013;S014,7,4,4,7,6,6,6,9
20,50,0.1591262229617807,9,S001;S002;S006 | S003;S004;S005;S007;S008;S011;S015 | S009;S010;S012;S013;S014,7,4,4,7,7,6,6,9
20,50,0.12276936810364801,9,S001;S002;S006 | S003;S004;S005;S007;S008;S011 | S009;S010;S012;S013;S014;S015,7,4,4,7,7,6,6,9
18,48,0.4356408101435078,8,S001;S002;S006;S009;S010;S012;S013;S014;S015 | S003;S004;S005;S007;S011 | S008,6,5,4,7,6,6,6,8
20,50,0.41108783503951535,8,S001;S002;S006;S009;S010;S012;S013;S014 | S003;S004;S005;S007;S011;S015 | S008,6,6,4,7,7,6,6,8
20,50,0.2963299562729094,9,S001;S002;S006;S009;S010;S012;S013;S014 | S003;S004;S005;S007;S011 | S008;S015,6,5,4,7,7,6,6,9
17,47,0.40911936258156195,9,S001;S002;S006;S009;S010;S013;S014;S015 | S003;S004;S005;S007;S011;S012 | S008,6,4,4,7,6,6,6,8
19,49,0.40293718903659104,9,S001;S002;S006;S009;S010;S013;S014 | S003;S004;S005;S007;S011;S012;S015 | S008,6,5,4,7,7,6,6,8
19,49,0.2731873259703131,10,S001;S002;S006;S009;S010;S013;S014 | S003;S004;S005;S007;S011;S012 | S008;S015,6,4,4,7,7,6,6,9
17,47,0.23727695023501183,10,S001;S002;S006;S009;S010;S013;S014;S015 | S003;S004;S005;S007;S011 | S008;S012,6,4,4,7,5,6,6,9
19,49,0.2062130497625777,10,S001;S002;S006;S009;S010;S013;S014 | S003;S004;S005;S007;S011;S015 | S008;S012,6,5,4,7,6,6,6,9
18,48,0.17889545568851983,10,S001;S002;S006;S009;S010;S013;S014 | S003;S004;S005;S007;S011 | S008;S012;S015,6,4,4,7,6,6,6,9
17,47,0.4595413714501204,9,S001;S002;S006;S012;S015 | S003;S004;S005;S007;S009;S010;S011;S013;S014 | S008,5,5,4,7,6,6,6,8
19,49,0.49233631581553156,9,S001;S002;S006;S012 | S003;S004;S005;S007;S009;S010;S011;S013;S014;S015 | S008,5,6,4,7,7,6,6,8
19,49,0.3621335367382266,10,S001;S002;S006;S012 | S003;S004;S005;S007;S009;S010;S011;S013;S014 | S008;S015,5,5,4,7,7,6,6,9
16,46,0.4946853370435146,9,S001;S002;S006;S015 | S003;S004;S005;S007;S009;S010;S011;S012;S013;S014 | S008,5,4,4,7,6,6,6,8
18,48,0.5330098136052982,9,S001;S002;S006 | S003;S004;S005;S007;S009;S010;S011;S012;S013;S014;S015 | S008,5,5,4,7,7,6,6,8
18,48,0.4067853700348493,10,S001;S002;S006 | S003;S004;S005;S007;S009;S010;S011;S012;S013;S014 | S008;S015,5,4,4,7,7,6,6,9
16,46,0.3116801911916522,11,S001;S002;S006;S015 | S003;S004;S005;S007;S009;S010;S011;S013;S014 | S008;S012,5,4,4,7,5,6,6,9
18,48,0.3564570348919025,11,S001;S002;S006 | S003;S004;S005;S007;S009;S010;S011;S013;S014;S015 | S008;S012,5,5,4,7,6,6,6,9
17,47,0.3056130480702665,11,S001;S002;S006 | S003;S004;S005;S007;S009;S010;S011;S013;S014 | S008;S012;S015,5,4,4,7,6,6,6,9
20,50,0.05546972188725507,10,S001;S002;S006;S012;S015 | S003;S004;S005;S007;S011 | S008;S009;S010;S013;S014,7,5,4,7,6,6,6,9
22,52,0.07639483645212464,10,S001;S002;S006;S012 | S003;S004;S005;S007;S011;S015 | S008;S009;S010;S013;S014,7,6,4,7,7,6,6,9
21,51,0.10886571278832032,10,S001;S002;S006;S012 | S003;S004;S005;S007;S011 | S008;S009;S010;S013;S014;S015,7,5,4,7,7,6,6,9
19,49,0.10296802294212112,11,S001;S002;S006;S015 | S003;S004;S005;S007;S011;S012 | S008;S009;S010;S013;S014,7,4,4,7,6,6,6,9
21,51,0.1586330663947008,11,S001;S002;S006 | S003;S004;S005;S007;S011;S012;S015 | S008;S009;S010;S013;S014,7,5,4,7,7,6,6,9
20,50,0.14903773836055437,11,S001;S002;S006 | S003;S004;S005;S007;S011;S012 | S008;S009;S010;S013;S014;S015,7,4,4,7,7,6,6,9
18,48,0.11257395159978423,10,S001;S002;S006;S015 | S003;S004;S005;S007;S011 | S008;S009;S010;S012;S013;S014,7,4,4,7,5,6,6,9
20,50,0.13841939000890485,10,S001;S002;S006 | S003;S004;S005;S007;S011;S015 | S008;S009;S010;S012;S013;S014,7,5,4,7,6,6,6,9
19,49,0.1700095640725803,10,S001;S002;S006 | S003;S004;S005;S007;S011 | S008;S009;S010;S012;S013;S014;S015,7,4,4,7,6,6,6,9
14,44,0.4821158284310513,9,S001;S002;S008;S009;S010;S012;S013;S014 | S003;S004;S005;S006;S007;S011 | S015,6,4,3,7,5,5,6,8
14,44,0.45349800832753806,10,S001;S002;S008;S009;S010;S013;S014 | S003;S004;S005;S006;S007;S011;S012 | S015,6,4,3,7,5,5,6,8
14,44,0.5109298629371252,9,S001;S002;S008;S009;S010;S013;S014;S015 | S003;S004;S005;S006;S007;S011 | S012,6,4,3,7,5,5,6,8
15,45,0.4881097991091414,9,S001;S002;S008;S009;S010;S013;S014 | S003;S004;S005;S006;S007;S011;S015 | S012,6,5,3,7,5,5,6,8
15,45,0.35359814144281526,10,S001;S002;S008;S009;S010;S013;S014 | S003;S004;S005;S006;S007;S011 | S012;S015,6,4,3,7,5,5,6,9
13,43,0.4807628211193383,10,S001;S002;S008;S012 | S003;S004;S005;S006;S007;S009;S010;S011;S013;S014 | S015,5,4,3,7,5,5,6,8
13,43,0.5083991681753052,10,S001;S002;S008 | S003;S004;S005;S006;S007;S009;S010;S011;S012;S013;S014 | S015,5,4,3,7,5,5,6,8
13,43,0.5105141897161923,10,S001;S002;S008;S015 | S003;S004;S005;S006;S007;S009;S010;S011;S013;S014 | S012,5,4,3,7,5,5,6,8
14,44,0.5359174392025987,10,S001;S002;S008 | S003;S004;S005;S006;S007;S009;S010;S011;S013;S014;S015 | S012,5,5,3,7,5,5,6,8
14,44,0.3850768939052434,11,S001;S002;S008 | S003;S004;S005;S006;S007;S009;S010;S011;S013;S014 | S012;S015,5,4,3,7,5,5,6,9
14,44,0.13322841739960842,10,S001;S002;S008;S012;S015 | S003;S004;S005;S006;S007;S011 | S009;S010;S013;S014,7,3,3,7,4,5,6,9
16,46,0.11808257831586795,10,S001;S002;S008;S012 | S003;S004;S005;S006;S007;S011;S015 | S009;S010;S013;S014,7,4,3,7,5,5,6,9
16,46,0.07417670807410108,10,S001;S002;S008;S012 | S003;S004;S005;S006;S007;S011 | S009;S010;S013;S014;S015,7,4,3,7,5,5,6,9
15,45,0.14679214179839978,11,S001;S002;S008;S015 | S003;S004;S005;S006;S007;S011;S012 | S009;S010;S013;S014,7,3,3,7,5,5,6,9
16,46,0.1732431833627,11,S001;S002;S008 | S003;S004;S005;S006;S007;S011;S012;S015 | S009;S010;S013;S014,7,4,3,7,5,5,6,9
16,46,0.11677514761787247,11,S001;S002;S008 | S003;S004;S005;S006;S007;S011;S012 | S009;S010;S013;S014;S015,7,4,3,7,5,5,6,9
16,46,0.07030371411464748,10,S001;S002;S008;S015 | S003;S004;S005;S006;S007;S011 | S009;S010;S012;S013;S014,7,4,3,7,5,5,6,9
17,47,0.06974272921661581,10,S001;S002;S008 | S003;S004;S005;S006;S007;S011;S015 | S009;S010;S012;S013;S014,7,5,3,7,5,5,6,9
16,46,0.012267394137257364,10,S001;S002;S008 | S003;S004;S005;S006;S007;S011 | S009;S010;S012;S013;S014;S015,7,4,3,7,5,5,6,9
17,47,0.4267496229000086,8,S001;S002;S009;S010;S012;S013;S014 | S003;S004;S005;S006;S007;S008;S011 | S015,6,5,3,7,7,5,6,8
15,45,0.44151596019814054,9,S001;S002;S009;S010;S013;S014 | S003;S004;S005;S006;S007;S008;S011;S012 | S015,6,4,3,7,6,5,6,8
15,45,0.45829537444318696,8,S001;S002;S009;S010;S013;S014;S015 | S003;S004;S005;S006;S007;S008;S011 | S012,6,4,3,7,6,5,6,8
16,46,0.457065549529845,8,S001;S002;S009;S010;S013;S014 | S003;S004;S005;S006;S007;S008;S011;S015 | S012,6,4,3,7,7,5,6,8
17,47,0.29703155976064444,9,S001;S002;S009;S010;S013;S014 | S003;S004;S005;S006;S007;S008;S011 | S012;S015,6,4,3,7,7,5,6,9
16,46,0.5650743508449038,9,S001;S002;S012 | S003;S004;S005;S006;S007;S008;S009;S010;S011;S013;S014 | S015,5,5,3,7,7,5,6,8
14,44,0.6084962359486406,9,S001;S002 | S003;S004;S005;S006;S007;S008;S009;S010;S011;S012;S013;S014 | S015,5,4,3,7,6,5,6,8
14,44,0.5944696736889715,9,S001;S002;S015 | S003;S004;S005;S006;S007;S008;S009;S010;S011;S013;S014 | S012,5,4,3,7,6,5,6,8
15,45,0.6348237088499185,9,S001;S002 | S003;S004;S005;S006;S007;S008;S009;S010;S011;S013;S014;S015 | S012,5,4,3,7,7,5,6,8
16,46,0.4900682868850143,10,S001;S002 | S003;S004;S005;S006;S007;S008;S009;S010;S011;S013;S014 | S012;S015,5,4,3,7,7,5,6,9
17,47,0.14540958452744565,9,S001;S002;S012;S015 | S003;S004;S005;S006;S007;S008;S011 | S009;S010;S013;S014,7,4,3,7,6,5,6,9
18,48,0.1941505058408402,9,S001;S002;S012 | S003;S004;S005;S006;S007;S008;S011;S015 | S009;S010;S013;S014,7,4,3,7,7,5,6,9
19,49,0.14386420051373097,9,S001;S002;S012 | S003;S004;S005;S006;S007;S008;S011 | S009;S010;S013;S014;S015,7,5,3,7,7,5,6,9
15,45,0.24311758218816434,10,S001;S002;S015 | S003;S004;S005;S006;S007;S008;S011;S012 | S009;S010;S013;S014,7,3,3,7,5,5,6,9
16,46,0.29521152420039415,10,S001;S002 | S003;S004;S005;S006;S007;S008;S011;S012;S015 | S009;S010;S013;S014,7,3,3,7,6,5,6,9
17,47,0.24971592400341824,10,S001;S002 | S003;S004;S005;S006;S007;S008;S011;S012 | S009;S010;S013;S014;S015,7,4,3,7,6,5,6,9
17,47,0.14466311477098467,9,S001;S002;S015 | S003;S004;S005;S006;S007;S008;S011 | S009;S010;S012;S013;S014,7,4,3,7,6,5,6,9
18,48,0.20355486543938675,9,S001;S002 | S003;S004;S005;S006;S007;S008;S011;S015 | S009;S010;S012;S013;S014,7,4,3,7,7,5,6,9
18,48,0.16850450242721043,9,S001;S002 | S003;S004;S005;S006;S007;S008;S011 | S009;S010;S012;S013;S014;S015,7,4,3,7,7,5,6,9
16,46,0.41638280341564643,8,S001;S002;S009;S010;S012;S013;S014;S015 | S003;S004;S005;S006;S007;S011 | S008,6,5,3,7,6,5,6,8
18,48,0.3985388490584586,8,S001;S002;S009;S010;S012;S013;S014 | S003;S004;S005;S006;S007;S011;S015 | S008,6,6,3,7,7,5,6,8
18,48,0.2751947483983669,9,S001;S002;S009;S010;S012;S013;S014 | S003;S004;S005;S006;S007;S011 | S008;S015,6,5,3,7,7,5,6,9
15,45,0.4035946802481592,9,S001;S002;S009;S010;S013;S014;S015 | S003;S004;S005;S006;S007;S011;S012 | S008,6,4,3,7,6,5,6,8
17,47,0.4045154991250498,9,S001;S002;S009;S010;S013;S014 | S003;S004;S005;S006;S007;S011;S012;S015 | S008,6,5,3,7,7,5,6,8
17,47,0.2704883966969425,10,S001;S002;S009;S010;S013;S014 | S003;S004;S005;S006;S007;S011;S012 | S008;S015,6,4,3,7,7,5,6,9
15,45,0.21281045209424546,10,S001;S002;S009;S010;S013;S014;S015 | S003;S004;S005;S006;S007;S011 | S008;S012,6,4,3,7,5,5,6,9
17,47,0.19176187616271143,10,S001;S002;S009;S010;S013;S014 | S003;S004;S005;S006;S007;S011;S015 | S008;S012,6,5,3,7,6,5,6,9
16,46,0.15369434081447983,10,S001;S002;S009;S010;S013;S014 | S003;S004;S005;S006;S007;S011 | S008;S012;S015,6,4,3,7,6,5,6,9
15,45,0.4836711558963257,9,S001;S002;S012;S015 | S003;S004;S005;S006;S007;S009;S010;S011;S013;S014 | S008,5,5,3,7,6,5,6,8
17,47,0.5204987612673536,9,S001;S002;S012 | S003;S004;S005;S006;S007;S009;S010;S011;S013;S014;S015 | S008,5,6,3,7,7,5,6,8
17,47,0.39311896556880527,10,S001;S002;S012 | S003;S004;S005;S006;S007;S009;S010;S011;S013;S014 | S008;S015,5,5,3,7,7,5,6,9
14,44,0.5230832550654139,9,S001;S002;S015 | S003;S004;S005;S006;S007;S009;S010;S011;S012;S013;S014 | S008,5,4,3,7,6,5,6,8
16,46,0.5645939851625555,9,S001;S002 | S003;S004;S005;S006;S007;S009;S010;S011;S012;S013;S014;S015 | S008,5,5,3,7,7,5,6,8
16,46,0.44100174889401583,10,S001;S002 | S003;S004;S005;S006;S007;S009;S010;S011;S012;S013;S014 | S008;S015,5,4,3,7,7,5,6,9
14,44,0.3450155646074767,11,S001;S002;S015 | S003;S004;S005;S006;S007;S009;S010;S011;S013;S014 | S008;S012,5,4,3,7,5,5,6,9
16,46,0.39222189197029017,11,S001;S002 | S003;S004;S005;S006;S007;S009;S010;S011;S013;S014;S015 | S008;S012,5,5,3,7,6,5,6,9
15,45,0.343122619014381,11,S001;S002 | S003;S004;S005;S006;S007;S009;S010;S011;S013;S014 | S008;S012;S015,5,4,3,7,6,5,6,9
18,48,0.06707764117213397,10,S001;S002;S012;S015 | S003;S004;S005;S006;S007;S011 | S008;S009;S010;S013;S014,7,5,3,7,6,5,6,9
20,50,0.11189078954429553,10,S001;S002;S012 | S003;S004;S005;S006;S007;S011;S015 | S008;S009;S010;S013;S014,7,6,3,7,7,5,6,9
19,49,0.12611380671656303,10,S001;S002;S012 | S003;S004;S005;S006;S007;S011 | S008;S009;S010;S013;S014;S015,7,5,3,7,7,5,6,9
17,47,0.14473059051087506,11,S001;S002;S015 | S003;S004;S005;S006;S007;S011;S012 | S008;S009;S010;S013;S014,7,4,3,7,6,5,6,9
19,49,0.2009830251824241,11,S001;S002 | S003;S004;S005;S006;S007;S011;S012;S015 | S008;S009;S010;S013;S014,7,5,3,7,7,5,6,9
18,48,0.18708120115336133,11,S001;S002 | S003;S004;S005;S006;S007;S011;S012 | S008;S009;S010;S013;S014;S015,7,4,3,7,7,5,6,9
16,46,0.12999463748431656,10,S001;S002;S015 | S003;S004;S005;S006;S007;S011 | S008;S009;S010;S012;S013;S014,7,4,3,7,5,5,6,9
18,48,0.1692527594329157,10,S001;S002 | S003;S004;S005;S006;S007;S011;S015 | S008;S009;S010;S012;S013;S014,7,5,3,7,6,5,6,9
17,47,0.18910153885334333,10,S001;S002 | S003;S004;S005;S006;S007;S011 | S008;S009;S010;S012;S013;S014;S015,7,4,3,7,6,5,6,9
10,40,0.7255993027426937,7,S001;S002;S008;S009;S010;S012;S013;S014;S015 | S003;S004;S005;S007;S011 | S006,6,3,4,7,4,6,4,6
12,42,0.7004116319259293,7,S001;S002;S008;S009;S010;S012;S013;S014 | S003;S004;S005;S007;S011;S015 | S006,6,4,4,7,5,6,4,6
16,46,0.4578876669930779,9,S001;S002;S008;S009;S010;S012;S013;S014 | S003;S004;S005;S007;S011 | S006;S015,6,4,4,7,5,6,6,8
11,41,0.6838434420510906,8,S001;S002;S008;S009;S010;S013;S014;S015 | S003;S004;S005;S007;S011;S012 | S006,6,3,4,7,5,6,4,6
12,42,0.6712894200286803,8,S001;S002;S008;S009;S010;S013;S014 | S003;S004;S005;S007;S011;S012;S015 | S006,6,4,4,7,5,6,4,6
16,46,0.4214950125858459,10,S001;S002;S008;S009;S010;S013;S014 | S003;S004;S005;S007;S011;S012 | S006;S015,6,4,4,7,5,6,6,8
16,46,0.4852342781283682,9,S001;S002;S008;S009;S010;S013;S014;S015 | S003;S004;S005;S007;S011 | S006;S012,6,4,4,7,5,6,6,8
17,47,0.4579368296690893,9,S001;S002;S008;S009;S010;S013;S014 | S003;S004;S005;S007;S011;S015 | S006;S012,6,5,4,7,5,6,6,8
17,47,0.33295319550721836,10,S001;S002;S008;S009;S010;S013;S014 | S003;S004;S005;S007;S011 | S006;S012;S015,6,4,4,7,5,6,6,9
9,39,0.6806781135514203,8,S001;S002;S008;S012;S015 | S003;S004;S005;S007;S009;S010;S011;S013;S014 | S006,5,3,4,7,4,6,4,6
11,41,0.6979585746646578,8,S001;S002;S008;S012 | S003;S004;S005;S007;S009;S010;S011;S013;S014;S015 | S006,5,4,4,7,5,6,4,6
15,45,0.43668742798148436,10,S001;S002;S008;S012 | S003;S004;S005;S007;S009;S010;S011;S013;S014 | S006;S015,5,4,4,7,5,6,6,8
10,40,0.699294767695324,8,S001;S002;S008;S015 | S003;S004;S005;S007;S009;S010;S011;S012;S013;S014 | S006,5,3,4,7,5,6,4,6
11,41,0.7225250739928373,8,S001;S002;S008 | S003;S004;S005;S007;S009;S010;S011;S012;S013;S014;S015 | S006,5,4,4,7,5,6,4,6
15,45,0.46392838077755205,10,S001;S002;S008 | S003;S004;S005;S007;S009;S010;S011;S012;S013;S014 | S006;S015,5,4,4,7,5,6,6,8
15,45,0.46573133884068174,10,S001;S002;S008;S015 | S003;S004;S005;S007;S009;S010;S011;S013;S014 | S006;S012,5,4,4,7,5,6,6,8
16,46,0.4906756319475361,10,S001;S002;S008 | S003;S004;S005;S007;S009;S010;S011;S013;S014;S015 | S006;S012,5,5,4,7,5,6,6,8
16,46,0.34227952712243964,11,S001;S002;S008 | S003;S004;S005;S007;S009;S010;S011;S013;S014 | S006;S012;S015,5,4,4,7,5,6,6,9
16,46,0.11567259630540398,10,S001;S002;S008;S012;S015 | S003;S004;S005;S007;S011 | S006;S009;S010;S013;S014,7,3,4,7,4,6,6,9
18,48,0.0833270946948612,10,S001;S002;S008;S012 | S003;S004;S005;S007;S011;S015 | S006;S009;S010;S013;S014,7,4,4,7,5,6,6,9
18,48,0.061342899170193144,10,S001;S002;S008;S012 | S003;S004;S005;S007;S011 | S006;S009;S010;S013;S014;S015,7,4,4,7,5,6,6,9
17,47,0.10521279100537931,11,S001;S002;S008;S015 | S003;S004;S005;S007;S011;S012 | S006;S009;S010;S013;S014,7,3,4,7,5,6,6,9
18,48,0.13073790877432692,11,S001;S002;S008 | S003;S004;S005;S007;S011;S012;S015 | S006;S009;S010;S013;S014,7,4,4,7,5,6,6,9
18,48,0.07483870580718219,11,S001;S002;S008 | S003;S004;S005;S007;S011;S012 | S006;S009;S010;S013;S014;S015,7,4,4,7,5,6,6,9
18,48,0.05810457682887747,10,S001;S002;S008;S015 | S003;S004;S005;S007;S011 | S006;S009;S010;S012;S013;S014,7,4,4,7,5,6,6,9
19,49,0.02582922732227267,10,S001;S002;S008 | S003;S004;S005;S007;S011;S015 | S006;S009;S010;S012;S013;S014,7,5,4,7,5,6,6,9
18,48,0.0348489241402523,10,S001;S002;S008 | S003;S004;S005;S007;S011 | S006;S009;S010;S012;S013;S014;S015,7,4,4,7,5,6,6,9
13,43,0.6698890413806058,6,S001;S002;S009;S010;S012;S013;S014;S015 | S003;S004;S005;S007;S008;S011 | S006,6,4,4,7,6,6,4,6
14,44,0.6619855505962036,6,S001;S002;S009;S010;S012;S013;S014 | S003;S004;S005;S007;S008;S011;S015 | S006,6,4,4,7,7,6,4,6
19,49,0.3890262114709866,8,S001;S002;S009;S010;S012;S013;S014 | S003;S004;S005;S007;S008;S011 | S006;S015,6,5,4,7,7,6,6,8
11,41,0.6631842716495538,7,S001;S002;S009;S010;S013;S014;S015 | S003;S004;S005;S007;S008;S011;S012 | S006,6,3,4,7,5,6,4,6
12,42,0.6687530190949461,7,S001;S002;S009;S010;S013;S014 | S003;S004;S005;S007;S008;S011;S012;S015 | S006,6,3,4,7,6,6,4,6
17,47,0.3989610525045849,9,S001;S002;S009;S010;S013;S014 | S003;S004;S005;S007;S008;S011;S012 | S006;S015,6,4,4,7,6,6,6,8
17,47,0.4194887593826936,8,S001;S002;S009;S010;S013;S014;S015 | S003;S004;S005;S007;S008;S011 | S006;S012,6,4,4,7,6,6,6,8
18,48,0.4143728787431341,8,S001;S002;S009;S010;S013;S014 | S003;S004;S005;S007;S008;S011;S015 | S006;S012,6,4,4,7,7,6,6,8
19,49,0.2591123345779635,9,S001;S002;S009;S010;S013;S014 | S003;S004;S005;S007;S008;S011 | S006;S012;S015,6,4,4,7,7,6,6,9
12,42,0.7457868362917189,7,S001;S002;S012;S015 | S003;S004;S005;S007;S008;S009;S010;S011;S013;S014 | S006,5,4,4,7,6,6,4,6
13,43,0.7792638358091232,7,S001;S002;S012 | S003;S004;S005;S007;S008;S009;S010;S011;S013;S014;S015 | S006,5,4,4,7,7,6,4,6
18,48,0.5199464760821945,9,S001;S002;S012 | S003;S004;S005;S007;S008;S009;S010;S011;S013;S014 | S006;S015,5,5,4,7,7,6,6,8
10,40,0.7816190425198212,7,S001;S002;S015 | S003;S004;S005;S007;S008;S009;S010;S011;S012;S013;S014 | S006,5,3,4,7,5,6,4,6
11,41,0.8196461044758062,7,S001;S002 | S003;S004;S005;S007;S008;S009;S010;S011;S012;S013;S014;S015 | S006,5,3,4,7,6,6,4,6
16,46,0.5642053116053187,9,S001;S002 | S003;S004;S005;S007;S008;S009;S010;S011;S012;S013;S014 | S006;S015,5,4,4,7,6,6,6,8
16,46,0.5483331297553603,9,S001;S002;S015 | S003;S004;S005;S007;S008;S009;S010;S011;S013;S014 | S006;S012,5,4,4,7,6,6,6,8
17,47,0.5893892944809462,9,S001;S002 | S003;S004;S005;S007;S008;S009;S010;S011;S013;S014;S015 | S006;S012,5,4,4,7,7,6,6,8
18,48,0.44899715342369995,10,S001;S002 | S003;S004;S005;S007;S008;S009;S010;S011;S013;S014 | S006;S012;S015,5,4,4,7,7,6,6,9
19,49,0.10228237967084655,9,S001;S002;S012;S015 | S003;S004;S005;S007;S008;S011 | S006;S009;S010;S013;S014,7,4,4,7,6,6,6,9
20,50,0.15562833296237924,9,S001;S002;S012 | S003;S004;S005;S007;S008;S011;S015 | S006;S009;S010;S013;S014,7,4,4,7,7,6,6,9
21,51,0.11316635950861723,9,S001;S002;S012 | S003;S004;S005;S007;S008;S011 | S006;S009;S010;S013;S014;S015,7,5,4,7,7,6,6,9
17,47,0.2059333680383721,10,S001;S002;S015 | S003;S004;S005;S007;S008;S011;S012 | S006;S009;S010;S013;S014,7,3,4,7,5,6,6,9
18,48,0.2605097301099964,10,S001;S002 | S003;S004;S005;S007;S008;S011;S012;S015 | S006;S009;S010;S013;S014,7,3,4,7,6,6,6,9
19,49,0.2196528029523757,10,S001;S002 | S003;S004;S005;S007;S008;S011;S012 | S006;S009;S010;S013;S014;S015,7,4,4,7,6,6,6,9
19,49,0.11498046017233444,9,S001;S002;S015 | S003;S004;S005;S007;S008;S011 | S006;S009;S010;S012;S013;S014,7,4,4,7,6,6,6,9
20,50,0.17588545668688413,9,S001;S002 | S003;S004;S005;S007;S008;S011;S015 | S006;S009;S010;S012;S013;S014,7,4,4,7,7,6,6,9
20,50,0.15322805095912512,9,S001;S002 | S003;S004;S005;S007;S008;S011 | S006;S009;S010;S012;S013;S014;S015,7,4,4,7,7,6,6,9
18,48,0.38728073336879965,8,S001;S002;S009;S010;S012;S013;S014;S015 | S003;S004;S005;S007;S011 | S006;S008,6,5,4,7,6,6,6,8
20,50,0.3637592615734359,8,S001;S002;S009;S010;S012;S013;S014 | S003;S004;S005;S007;S011;S015 | S006;S008,6,6,4,7,7,6,6,8
20,50,0.2501240617291184,9,S001;S002;S009;S010;S012;S013;S014 | S003;S004;S005;S007;S011 | S006;S008;S015,6,5,4,7,7,6,6,9
17,47,0.36569872822563854,9,S001;S002;S009;S010;S013;S014;S015 | S003;S004;S005;S007;S011;S012 | S006;S008,6,4,4,7,6,6,6,8
19,49,0.36276367529635534,9,S001;S002;S009;S010;S013;S014 | S003;S004;S005;S007;S011;S012;S015 | S006;S008,6,5,4,7,7,6,6,8
19,49,0.23249692636087407,10,S001;S002;S009;S010;S013;S014 | S003;S004;S005;S007;S011;S012 | S006;S008;S015,6,4,4,7,7,6,6,9
17,47,0.19333207262226076,10,S001;S002;S009;S010;S013;S014;S015 | S003;S004;S005;S007;S011 | S006;S008;S012,6,4,4,7,5,6,6,9
19,49,0.16196045816383586,10,S001;S002;S009;S010;S013;S014 | S003;S004;S005;S007;S011;S015 | S006;S008;S012,6,5,4,7,6,6,6,9
18,48,0.13543035519013025,10,S001;S002;S009;S010;S013;S014 | S003;S004;S005;S007;S011 | S006;S008;S012;S015,6,4,4,7,6,6,6,9
17,47,0.43721840080690033,9,S001;S002;S012;S015 | S003;S004;S005;S007;S009;S010;S011;S013;S014 | S006;S008,5,5,4,7,6,6,6,8
19,49,0.4746144799938166,9,S001;S002;S012 | S003;S004;S005;S007;S009;S010;S011;S013;S014;S015 | S006;S008,5,6,4,7,7,6,6,8
19,49,0.3507118284549573,10,S001;S002;S012 | S003;S004;S005;S007;S009;S010;S011;S013;S014 | S006;S008;S015,5,5,4,7,7,6,6,9
16,46,0.4772491358313946,9,S001;S002;S015 | S003;S004;S005;S007;S009;S010;S011;S012;S013;S014 | S006;S008,5,4,4,7,6,6,6,8
18,48,0.5196487421178041,9,S001;S002 | S003;S004;S005;S007;S009;S010;S011;S012;S013;S014;S015 | S006;S008,5,5,4,7,7,6,6,8
18,48,0.40016948504226596,10,S001;S002 | S003;S004;S005;S007;S009;S010;S011;S012;S013;S014 | S006;S008;S015,5,4,4,7,7,6,6,9
16,46,0.3061411590887529,11,S001;S002;S015 | S003;S004;S005;S007;S009;S010;S011;S013;S014 | S006;S008;S012,5,4,4,7,5,6,6,9
18,48,0.3550803905022145,11,S001;S002 | S003;S004;S005;S007;S009;S010;S011;S013;S014;S015 | S006;S008;S012,5,5,4,7,6,6,6,9
17,47,0.30799740166828543,11,S001;S002 | S003;S004;S005;S007;S009;S010;S011;S013;S014 | S006;S008;S012;S015,5,4,4,7,6,6,6,9
20,50,0.09498944267821963,10,S001;S002;S012;S015 | S003;S004;S005;S007;S011 | S006;S008;S009;S010;S013;S014,7,5,4,7,6,6,6,9
22,52,0.12005292222716467,10,S001;S002;S012 | S003;S004;S005;S007;S011;S015 | S006;S008;S009;S010;S013;S014,7,6,4,7,7,6,6,9
21,51,0.15185093165439986,10,S001;S002;S012 | S003;S004;S005;S007;S011 | S006;S008;S009;S010;S013;S014;S015,7,5,4,7,7,6,6,9
19,49,0.13684644538563293,11,S001;S002;S015 | S003;S004;S005;S007;S011;S012 | S006;S008;S009;S010;S013;S014,7,4,4,7,6,6,6,9
21,51,0.18902799768340495,11,S001;S002 | S003;S004;S005;S007;S011;S012;S015 | S006;S008;S009;S010;S013;S014,7,5,4,7,7,6,6,9
20,50,0.18767519787755335,11,S001;S002 | S003;S004;S005;S007;S011;S012 | S006;S008;S009;S010;S013;S014;S015,7,4,4,7,7,6,6,9
18,48,0.155645049220013,10,S001;S002;S015 | S003;S004;S005;S007;S011 | S006;S008;S009;S010;S012;S013;S014,7,4,4,7,5,6,6,9
20,50,0.1826002278832434,10,S001;S002 | S003;S004;S005;S007;S011;S015 | S006;S008;S009;S010;S012;S013;S014,7,5,4,7,6,6,6,9
19,49,0.21381439730146629,10,S001;S002 | S003;S004;S005;S007;S011 | S006;S008;S009;S010;S012;S013;S014;S015,7,4,4,7,6,6,6,9
14,44,0.49584616464897,9,S001;S002;S006;S008;S009;S010;S012;S013;S014;S015 | S003;S007;S011 | S004;S005,6,3,4,7,4,6,6,8
16,46,0.4476638060167396,9,S001;S002;S006;S008;S009;S010;S012;S013;S014 | S003;S007;S011;S015 | S004;S005,6,4,4,7,5,6,6,8
16,46,0.4403490907772078,9,S001;S002;S006;S008;S009;S010;S012;S013;S014 | S003;S007;S011 | S004;S005;S015,6,4,4,7,5,6,6,8
16,46,0.41364098986045794,10,S001;S002;S006;S008;S009;S010;S013;S014;S015 | S003;S007;S011;S012 | S004;S005,6,3,4,7,5,6,6,9
17,47,0.37673228966335437,10,S001;S002;S006;S008;S009;S010;S013;S014 | S003;S007;S011;S012;S015 | S004;S005,6,4,4,7,5,6,6,9
17,47,0.3559745193424483,10,S001;S002;S006;S008;S009;S010;S013;S014 | S003;S007;S011;S012 | S004;S005;S015,6,4,4,7,5,6,6,9
16,46,0.39406738229956423,10,S001;S002;S006;S008;S009;S010;S013;S014;S015 | S003;S007;S011 | S004;S005;S012,6,4,4,7,5,6,6,8
17,47,0.3419395539953482,10,S001;S002;S006;S008;S009;S010;S013;S014 | S003;S007;S011;S015 | S004;S005;S012,6,5,4,7,5,6,6,8
16,46,0.3465586306946139,10,S001;S002;S006;S008;S009;S010;S013;S014 | S003;S007;S011 | S004;S005;S012;S015,6,4,4,7,5,6,6,8
14,44,0.3079461377711311,10,S001;S002;S006;S008;S012;S015 | S003;S007;S009;S010;S011;S013;S014 | S004;S005,5,3,4,7,4,6,6,9
16,46,0.31421456645403184,10,S001;S002;S006;S008;S012 | S003;S007;S009;S010;S011;S013;S014;S015 | S004;S005,5,4,4,7,5,6,6,9
16,46,0.25881581077524307,10,S001;S002;S006;S008;S012 | S003;S007;S009;S010;S011;S013;S014 | S004;S005;S015,5,4,4,7,5,6,6,9
15,45,0.3150107464401737,10,S001;S002;S006;S008;S015 | S003;S007;S009;S010;S011;S012;S013;S014 | S004;S005,5,3,4,7,5,6,6,9
16,46,0.3325466047026082,10,S001;S002;S006;S008 | S003;S007;S009;S010;S011;S012;S013;S014;S015 | S004;S005,5,4,4,7,5,6,6,9
16,46,0.2740699225986585,10,S001;S002;S006;S008 | S003;S007;S009;S010;S011;S012;S013;S014 | S004;S005;S015,5,4,4,7,5,6,6,9
16,46,0.19561779348519276,11,S001;S002;S006;S008;S015 | S003;S007;S009;S010;S011;S013;S014 | S004;S005;S012,5,4,4,7,5,6,6,9
17,47,0.21295391876216221,11,S001;S002;S006;S008 | S003;S007;S009;S010;S011;S013;S014;S015 | S004;S005;S012,5,5,4,7,5,6,6,9
16,46,0.15623458570416002,11,S001;S002;S006;S008 | S003;S007;S009;S010;S011;S013;S014 | S004;S005;S012;S015,5,4,4,7,5,6,6,9
15,45,0.22491988221041595,10,S001;S002;S006;S008;S012;S015 | S003;S007;S011 | S004;S005;S009;S010;S013;S014,7,3,4,7,4,6,6,8
17,47,0.169582783378492,10,S001;S002;S006;S008;S012 | S003;S007;S011;S015 | S004;S005;S009;S010;S013;S014,7,4,4,7,5,6,6,8
17,47,0.22016892730702703,10,S001;S002;S006;S008;S012 | S003;S007;S011 | S004;S005;S009;S010;S013;S014;S015,7,4,4,7,5,6,6,8
17,47,0.10892412200836535,11,S001;S002;S006;S008;S015 | S003;S007;S011;S012 | S004;S005;S009;S010;S013;S014,7,3,4,7,5,6,6,9
18,48,0.05993725557575696,11,S001;S002;S006;S008 | S003;S007;S011;S012;S015 | S004;S005;S009;S010;S013;S014,7,4,4,7,5,6,6,9
18,48,0.1155959736968116,11,S001;S002;S006;S008 | S003;S007;S011;S012 | S004;S005;S009;S010;S013;S014;S015,7,4,4,7,5,6,6,9
17,47,0.22040940543231305,10,S001;S002;S006;S008;S015 | S003;S007;S011 | S004;S005;S009;S010;S012;S013;S014,7,4,4,7,5,6,6,8
18,48,0.17457784787659686,10,S001;S002;S006;S008 | S003;S007;S011;S015 | S004;S005;S009;S010;S012;S013;S014,7,5,4,7,5,6,6,8
17,47,0.2322094163975783,10,S001;S002;S006;S008 | S003;S007;S011 | S004;S005;S009;S010;S012;S013;S014;S015,7,4,4,7,5,6,6,8
18,48,0.35010705651483814,9,S001;S002;S006;S009;S010;S012;S013;S014;S015 | S003;S007;S008;S011 | S004;S005,6,4,4,7,6,6,6,9
19,49,0.3204042540378541,9,S001;S002;S006;S009;S010;S012;S013;S014 | S003;S007;S008;S011;S015 | S004;S005,6,4,4,7,7,6,6,9
20,50,0.28877515328467807,9,S001;S002;S006;S009;S010;S012;S013;S014 | S003;S007;S008;S011 | S004;S005;S015,6,5,4,7,7,6,6,9
16,46,0.3172220859926953,10,S001;S002;S006;S009;S010;S013;S014;S015 | S003;S007;S008;S011;S012 | S004;S005,6,3,4,7,5,6,6,9
17,47,0.3084008931654218,10,S001;S002;S006;S009;S010;S013;S014 | S003;S007;S008;S011;S012;S015 | S004;S005,6,3,4,7,6,6,6,9
18,48,0.26091243073225545,10,S001;S002;S006;S009;S010;S013;S014 | S003;S007;S008;S011;S012 | S004;S005;S015,6,4,4,7,6,6,6,9
18,48,0.23180446407544184,10,S001;S002;S006;S009;S010;S013;S014;S015 | S003;S007;S008;S011 | S004;S005;S012,6,4,4,7,6,6,6,9
19,49,0.19753423966702188,10,S001;S002;S006;S009;S010;S013;S014 | S003;S007;S008;S011;S015 | S004;S005;S012,6,4,4,7,7,6,6,9
19,49,0.1742800821164228,10,S001;S002;S006;S009;S010;S013;S014 | S003;S007;S008;S011 | S004;S005;S012;S015,6,4,4,7,7,6,6,9
17,47,0.36901762908324826,10,S001;S002;S006;S012;S015 | S003;S007;S008;S009;S010;S011;S013;S014 | S004;S005,5,4,4,7,6,6,6,9
18,48,0.40463179566042445,10,S001;S002;S006;S012 | S003;S007;S008;S009;S010;S011;S013;S014;S015 | S004;S005,5,4,4,7,7,6,6,9
19,49,0.34663419544820034,10,S001;S002;S006;S012 | S003;S007;S008;S009;S010;S011;S013;S014 | S004;S005;S015,5,5,4,7,7,6,6,9
15,45,0.4071625621208466,10,S001;S002;S006;S015 | S003;S007;S008;S009;S010;S011;S012;S013;S014 | S004;S005,5,3,4,7,5,6,6,9
16,46,0.44809567661456917,10,S001;S002;S006 | S003;S007;S008;S009;S010;S011;S012;S013;S014;S015 | S004;S005,5,3,4,7,6,6,6,9
17,47,0.3917784563167823,10,S001;S002;S006 | S003;S007;S008;S009;S010;S011;S012;S013;S014 | S004;S005;S015,5,4,4,7,6,6,6,9
17,47,0.29725504894934673,11,S001;S002;S006;S015 | S003;S007;S008;S009;S010;S011;S013;S014 | S004;S005;S012,5,4,4,7,6,6,6,9
18,48,0.3426478429845547,11,S001;S002;S006 | S003;S007;S008;S009;S010;S011;S013;S014;S015 | S004;S005;S012,5,4,4,7,7,6,6,9
18,48,0.29237895557304605,11,S001;S002;S006 | S003;S007;S008;S009;S010;S011;S013;S014 | S004;S005;S012;S015,5,4,4,7,7,6,6,9
19,49,0.07027988983374406,10,S001;S002;S006;S012;S015 | S003;S007;S008;S011 | S004;S005;S009;S010;S013;S014,7,4,4,7,6,6,6,9
20,50,0.0822285801975886,10,S001;S002;S006;S012 | S003;S007;S008;S011;S015 | S004;S005;S009;S010;S013;S014,7,4,4,7,7,6,6,9
21,51,0.12104181423678437,10,S001;S002;S006;S012 | S003;S007;S008;S011 | S004;S005;S009;S010;S013;S014;S015,7,5,4,7,7,6,6,9
17,47,0.10022317141722124,11,S001;S002;S006;S015 | S003;S007;S008;S011;S012 | S004;S005;S009;S010;S013;S014,7,3,4,7,5,6,6,9
18,48,0.1540669469014348,11,S001;S002;S006 | S003;S007;S008;S011;S012;S015 | S004;S005;S009;S010;S013;S014,7,3,4,7,6,6,6,9
19,49,0.1500820234489066,11,S001;S002;S006 | S003;S007;S008;S011;S012 | S004;S005;S009;S010;S013;S014;S015,7,4,4,7,6,6,6,9
19,49,0.12463471792200329,10,S001;S002;S006;S015 | S003;S007;S008;S011 | S004;S005;S009;S010;S012;S013;S014,7,4,4,7,6,6,6,9
20,50,0.14520275947486222,10,S001;S002;S006 | S003;S007;S008;S011;S015 | S004;S005;S009;S010;S012;S013;S014,7,4,4,7,7,6,6,9
20,50,0.1808346612596295,10,S001;S002;S006 | S003;S007;S008;S011 | S004;S005;S009;S010;S012;S013;S014;S015,7,4,4,7,7,6,6,9
18,48,0.3454579529717084,8,S001;S002;S006;S009;S010;S012;S013;S014;S015 | S003;S007;S011 | S004;S005;S008,6,5,4,7,6,6,6,8
20,50,0.29079692409061453,8,S001;S002;S006;S009;S010;S012;S013;S014 | S003;S007;S011;S015 | S004;S005;S008,6,6,4,7,7,6,6,8
19,49,0.2938590950287831,8,S001;S002;S006;S009;S010;S012;S013;S014 | S003;S007;S011 | S004;S005;S008;S015,6,5,4,7,7,6,6,8
18,48,0.25678664025646025,9,S001;S002;S006;S009;S010;S013;S014;S015 | S003;S007;S011;S012 | S004;S005;S008,6,4,4,7,6,6,6,9
20,50,0.21801127012679317,9,S001;S002;S006;S009;S010;S013;S014 | S003;S007;S011;S012;S015 | S004;S005;S008,6,5,4,7,7,6,6,9
19,49,0.19855283645985367,9,S001;S002;S006;S009;S010;S013;S014 | S003;S007;S011;S012 | S004;S005;S008;S015,6,4,4,7,7,6,6,9
16,46,0.2651161220957275,9,S001;S002;S006;S009;S010;S013;S014;S015 | S003;S007;S011 | S004;S005;S008;S012,6,4,4,7,5,6,6,8
18,48,0.20522328122808828,9,S001;S002;S006;S009;S010;S013;S014 | S003;S007;S011;S015 | S004;S005;S008;S012,6,5,4,7,6,6,6,8
17,47,0.23136531021801846,9,S001;S002;S006;S009;S010;S013;S014 | S003;S007;S011 | S004;S005;S008;S012;S015,6,4,4,7,6,6,6,8
18,48,0.21053952274873078,9,S001;S002;S006;S012;S015 | S003;S007;S009;S010;S011;S013;S014 | S004;S005;S008,5,5,4,7,6,6,6,9
20,50,0.24702057871742272,9,S001;S002;S006;S012 | S003;S007;S009;S010;S011;S013;S014;S015 | S004;S005;S008,5,6,4,7,7,6,6,9
19,49,0.18804816160383264,9,S001;S002;S006;S012 | S003;S007;S009;S010;S011;S013;S014 | S004;S005;S008;S015,5,5,4,7,7,6,6,9
17,47,0.2497505910414146,9,S001;S002;S006;S015 | S003;S007;S009;S010;S011;S012;S013;S014 | S004;S005;S008,5,4,4,7,6,6,6,9
19,49,0.2949254533643224,9,S001;S002;S006 | S003;S007;S009;S010;S011;S012;S013;S014;S015 | S004;S005;S008,5,5,4,7,7,6,6,9
18,48,0.23951466132963087,9,S001;S002;S006 | S003;S007;S009;S010;S011;S012;S013;S014 | S004;S005;S008;S015,5,4,4,7,7,6,6,9
16,46,0.14995532718590845,10,S001;S002;S006;S015 | S003;S007;S009;S010;S011;S013;S014 | S004;S005;S008;S012,5,4,4,7,5,6,6,9
18,48,0.2040072958314311,10,S001;S002;S006 | S003;S007;S009;S010;S011;S013;S014;S015 | S004;S005;S008;S012,5,5,4,7,6,6,6,9
17,47,0.16397877670582645,10,S001;S002;S006 | S003;S007;S009;S010;S011;S013;S014 | S004;S005;S008;S012;S015,5,4,4,7,6,6,6,9
19,49,0.23768043308148784,9,S001;S002;S006;S012;S015 | S003;S007;S011 | S004;S005;S008;S009;S010;S013;S014,7,5,4,7,6,6,6,8
21,51,0.21418075409339443,9,S001;S002;S006;S012 | S003;S007;S011;S015 | S004;S005;S008;S009;S010;S013;S014,7,6,4,7,7,6,6,8
20,50,0.2735654898365968,9,S001;S002;S006;S012 | S003;S007;S011 | S004;S005;S008;S009;S010;S013;S014;S015,7,5,4,7,7,6,6,8
19,49,0.17242482348894017,10,S001;S002;S006;S015 | S003;S007;S011;S012 | S004;S005;S008;S009;S010;S013;S014,7,4,4,7,6,6,6,9
21,51,0.1805558425107421,10,S001;S002;S006 | S003;S007;S011;S012;S015 | S004;S005;S008;S009;S010;S013;S014,7,5,4,7,7,6,6,9
20,50,0.22448840260723288,10,S001;S002;S006 | S003;S007;S011;S012 | S004;S005;S008;S009;S010;S013;S014;S015,7,4,4,7,7,6,6,9
17,47,0.2762297747558626,9,S001;S002;S006;S015 | S003;S007;S011 | S004;S005;S008;S009;S010;S012;S013;S014,7,4,4,7,5,6,6,8
19,49,0.26389579465933155,9,S001;S002;S006 | S003;S007;S011;S015 | S004;S005;S008;S009;S010;S012;S013;S014,7,5,4,7,6,6,6,8
18,48,0.32025359805534764,9,S001;S002;S006 | S003;S007;S011 | S004;S005;S008;S009;S010;S012;S013;S014;S015,7,4,4,7,6,6,6,8
12,42,0.4593184890069566,9,S001;S002;S008;S009;S010;S012;S013;S014;S015 | S003;S006;S007;S011 | S004;S005,6,3,3,7,4,5,6,8
14,44,0.41375658990778014,9,S001;S002;S008;S009;S010;S012;S013;S014 | S003;S006;S007;S011;S015 | S004;S005,6,4,3,7,5,5,6,8
14,44,0.4023160022407072,9,S001;S002;S008;S009;S010;S012;S013;S014 | S003;S006;S007;S011 | S004;S005;S015,6,4,3,7,5,5,6,8
14,44,0.3853699490423835,10,S001;S002;S008;S009;S010;S013;S014;S015 | S003;S006;S007;S011;S012 | S004;S005,6,3,3,7,5,5,6,9
15,45,0.35298612586972045,10,S001;S002;S008;S009;S010;S013;S014 | S003;S006;S007;S011;S012;S015 | S004;S005,6,4,3,7,5,5,6,9
15,45,0.32674059508720715,10,S001;S002;S008;S009;S010;S013;S014 | S003;S006;S007;S011;S012 | S004;S005;S015,6,4,3,7,5,5,6,9
14,44,0.35466313535542787,10,S001;S002;S008;S009;S010;S013;S014;S015 | S003;S006;S007;S011 | S004;S005;S012,6,4,3,7,5,5,6,8
15,45,0.30443448264541284,10,S001;S002;S008;S009;S010;S013;S014 | S003;S006;S007;S011;S015 | S004;S005;S012,6,5,3,7,5,5,6,8
14,44,0.30533612826081163,10,S001;S002;S008;S009;S010;S013;S014 | S003;S006;S007;S011 | S004;S005;S012;S015,6,4,3,7,5,5,6,8
12,42,0.3116265679989829,10,S001;S002;S008;S012;S015 | S003;S006;S007;S009;S010;S011;S013;S014 | S004;S005,5,3,3,7,4,5,6,9
14,44,0.3259937817442142,10,S001;S002;S008;S012 | S003;S006;S007;S009;S010;S011;S013;S014;S015 | S004;S005,5,4,3,7,5,5,6,9
14,44,0.26813494167411317,10,S001;S002;S008;S012 | S003;S006;S007;S009;S010;S011;S013;S014 | S004;S005;S015,5,4,3,7,5,5,6,9
13,43,0.32728954624507034,10,S001;S002;S008;S015 | S003;S006;S007;S009;S010;S011;S012;S013;S014 | S004;S005,5,3,3,7,5,5,6,9
14,44,0.35175954693095707,10,S001;S002;S008 | S003;S006;S007;S009;S010;S011;S012;S013;S014;S015 | S004;S005,5,4,3,7,5,5,6,9
14,44,0.29262848136572195,10,S001;S002;S008 | S003;S006;S007;S009;S010;S011;S012;S013;S014 | S004;S005;S015,5,4,3,7,5,5,6,9
14,44,0.2073326092864089,11,S001;S002;S008;S015 | S003;S006;S007;S009;S010;S011;S013;S014 | S004;S005;S012,5,4,3,7,5,5,6,9
15,45,0.2344249513988064,11,S001;S002;S008 | S003;S006;S007;S009;S010;S011;S013;S014;S015 | S004;S005;S012,5,5,3,7,5,5,6,9
14,44,0.17768605405034932,11,S001;S002;S008 | S003;S006;S007;S009;S010;S011;S013;S014 | S004;S005;S012;S015,5,4,3,7,5,5,6,9
13,43,0.18308570040420497,10,S001;S002;S008;S012;S015 | S003;S006;S007;S011 | S004;S005;S009;S010;S013;S014,7,3,3,7,4,5,6,8
15,45,0.13019446434729195,10,S001;S002;S008;S012 | S003;S006;S007;S011;S015 | S004;S005;S009;S010;S013;S014,7,4,3,7,5,5,6,8
15,45,0.18448903966128521,10,S001;S002;S008;S012 | S003;S006;S007;S011 | S004;S005;S009;S010;S013;S014;S015,7,4,3,7,5,5,6,8
15,45,0.07098088433976284,11,S001;S002;S008;S015 | S003;S006;S007;S011;S012 | S004;S005;S009;S010;S013;S014,7,3,3,7,5,5,6,9
16,46,0.04063856258519843,11,S001;S002;S008 | S003;S006;S007;S011;S012;S015 | S004;S005;S009;S010;S013;S014,7,4,3,7,5,5,6,9
16,46,0.09475678872573436,11,S001;S002;S008 | S003;S006;S007;S011;S012 | S004;S005;S009;S010;S013;S014;S015,7,4,3,7,5,5,6,9
15,45,0.1852428610740421,10,S001;S002;S008;S015 | S003;S006;S007;S011 | S004;S005;S009;S010;S012;S013;S014,7,4,3,7,5,5,6,8
16,46,0.14653632448791024,10,S001;S002;S008 | S003;S006;S007;S011;S015 | S004;S005;S009;S010;S012;S013;S014,7,5,3,7,5,5,6,8
15,45,0.20563621656760858,10,S001;S002;S008 | S003;S006;S007;S011 | S004;S005;S009;S010;S012;S013;S014;S015,7,4,3,7,5,5,6,8
16,46,0.3269463452410458,9,S001;S002;S009;S010;S012;S013;S014;S015 | S003;S006;S007;S008;S011 | S004;S005,6,4,3,7,6,5,6,9
17,47,0.30440010640393755,9,S001;S002;S009;S010;S012;S013;S014 | S003;S006;S007;S008;S011;S015 | S004;S005,6,4,3,7,7,5,6,9
18,48,0.26561407975420515,9,S001;S002;S009;S010;S012;S013;S014 | S003;S006;S007;S008;S011 | S004;S005;S015,6,5,3,7,7,5,6,9
14,44,0.30956012801633853,10,S001;S002;S009;S010;S013;S014;S015 | S003;S006;S007;S008;S011;S012 | S004;S005,6,3,3,7,5,5,6,9
15,45,0.3091433159078418,10,S001;S002;S009;S010;S013;S014 | S003;S006;S007;S008;S011;S012;S015 | S004;S005,6,3,3,7,6,5,6,9
16,46,0.2567164709386882,10,S001;S002;S009;S010;S013;S014 | S003;S006;S007;S008;S011;S012 | S004;S005;S015,6,4,3,7,6,5,6,9
16,46,0.20497960688019565,10,S001;S002;S009;S010;S013;S014;S015 | S003;S006;S007;S008;S011 | S004;S005;S012,6,4,3,7,6,5,6,9
17,47,0.1804548790185959,10,S001;S002;S009;S010;S013;S014 | S003;S006;S007;S008;S011;S015 | S004;S005;S012,6,4,3,7,7,5,6,9
17,47,0.14590169847753415,10,S001;S002;S009;S010;S013;S014 | S003;S006;S007;S008;S011 | S004;S005;S012;S015,6,4,3,7,7,5,6,9
15,45,0.3952730658325143,10,S001;S002;S012;S015 | S003;S006;S007;S008;S009;S010;S011;S013;S014 | S004;S005,5,4,3,7,6,5,6,9
16,46,0.4348040178139154,10,S001;S002;S012 | S003;S006;S007;S008;S009;S010;S011;S013;S014;S015 | S004;S005,5,4,3,7,7,5,6,9
17,47,0.3779583050775575,10,S001;S002;S012 | S003;S006;S007;S008;S009;S010;S011;S013;S014 | S004;S005;S015,5,5,3,7,7,5,6,9
13,43,0.43755516290527985,10,S001;S002;S015 | S003;S006;S007;S008;S009;S010;S011;S012;S013;S014 | S004;S005,5,3,3,7,5,5,6,9
14,44,0.48137694361306205,10,S001;S002 | S003;S006;S007;S008;S009;S010;S011;S012;S013;S014;S015 | S004;S005,5,3,3,7,6,5,6,9
15,45,0.42637302488651885,10,S001;S002 | S003;S006;S007;S008;S009;S010;S011;S012;S013;S014 | S004;S005;S015,5,4,3,7,6,5,6,9
15,45,0.3310550837047006,11,S001;S002;S015 | S003;S006;S007;S008;S009;S010;S011;S013;S014 | S004;S005;S012,5,4,3,7,6,5,6,9
16,46,0.3788530654481917,11,S001;S002 | S003;S006;S007;S008;S009;S010;S011;S013;S014;S015 | S004;S005;S012,5,4,3,7,7,5,6,9
16,46,0.33040120500865466,11,S001;S002 | S003;S006;S007;S008;S009;S010;S011;S013;S014 | S004;S005;S012;S015,5,4,3,7,7,5,6,9
17,47,0.0752141946559241,10,S001;S002;S012;S015 | S003;S006;S007;S008;S011 | S004;S005;S009;S010;S013;S014,7,4,3,7,6,5,6,9
18,48,0.1128729791107603,10,S001;S002;S012 | S003;S006;S007;S008;S011;S015 | S004;S005;S009;S010;S013;S014,7,4,3,7,7,5,6,9
19,49,0.13416207318424114,10,S001;S002;S012 | S003;S006;S007;S008;S011 | S004;S005;S009;S010;S013;S014;S015,7,5,3,7,7,5,6,9
15,45,0.14048103164000433,11,S001;S002;S015 | S003;S006;S007;S008;S011;S012 | S004;S005;S009;S010;S013;S014,7,3,3,7,5,5,6,9
16,46,0.19573465933737863,11,S001;S002 | S003;S006;S007;S008;S011;S012;S015 | S004;S005;S009;S010;S013;S014,7,3,3,7,6,5,6,9
17,47,0.1861651100839529,11,S001;S002 | S003;S006;S007;S008;S011;S012 | S004;S005;S009;S010;S013;S014;S015,7,4,3,7,6,5,6,9
17,47,0.1380395464028825,10,S001;S002;S015 | S003;S006;S007;S008;S011 | S004;S005;S009;S010;S012;S013;S014,7,4,3,7,6,5,6,9
18,48,0.17281725222923122,10,S001;S002 | S003;S006;S007;S008;S011;S015 | S004;S005;S009;S010;S012;S013;S014,7,4,3,7,7,5,6,9
18,48,0.19711090050315982,10,S001;S002 | S003;S006;S007;S008;S011 | S004;S005;S009;S010;S012;S013;S014;S015,7,4,3,7,7,5,6,9
16,46,0.3040378028541167,8,S001;S002;S009;S010;S012;S013;S014;S015 | S003;S006;S007;S011 | S004;S005;S008,6,5,3,7,6,5,6,8
18,48,0.2523994628673331,8,S001;S002;S009;S010;S012;S013;S014 | S003;S006;S007;S011;S015 | S004;S005;S008,6,6,3,7,7,5,6,8
17,47,0.2499467558805096,8,S001;S002;S009;S010;S012;S013;S014 | S003;S006;S007;S011 | S004;S005;S008;S015,6,5,3,7,7,5,6,8
16,46,0.22672147219357278,9,S001;S002;S009;S010;S013;S014;S015 | S003;S006;S007;S011;S012 | S004;S005;S008,6,4,3,7,6,5,6,9
18,48,0.19640804177604715,9,S001;S002;S009;S010;S013;S014 | S003;S006;S007;S011;S012;S015 | S004;S005;S008,6,5,3,7,7,5,6,9
17,47,0.1663684315667053,9,S001;S002;S009;S010;S013;S014 | S003;S006;S007;S011;S012 | S004;S005;S008;S015,6,4,3,7,7,5,6,9
14,44,0.22002469740721464,9,S001;S002;S009;S010;S013;S014;S015 | S003;S006;S007;S011 | S004;S005;S008;S012,6,4,3,7,5,5,6,8
16,46,0.1607011576332489,9,S001;S002;S009;S010;S013;S014 | S003;S006;S007;S011;S015 | S004;S005;S008;S012,6,5,3,7,6,5,6,8
15,45,0.18559686113356397,9,S001;S002;S009;S010;S013;S014 | S003;S006;S007;S011 | S004;S005;S008;S012;S015,6,4,3,7,6,5,6,8
16,46,0.23703725988847887,9,S001;S002;S012;S015 | S003;S006;S007;S009;S010;S011;S013;S014 | S004;S005;S008,5,5,3,7,6,5,6,9
18,48,0.2801122915522435,9,S001;S002;S012 | S003;S006;S007;S009;S010;S011;S013;S014;S015 | S004;S005;S008,5,6,3,7,7,5,6,9
17,47,0.22363779160742914,9,S001;S002;S012 | S003;S006;S007;S009;S010;S011;S013;S014 | S004;S005;S008;S015,5,5,3,7,7,5,6,9
15,45,0.2831710308572093,9,S001;S002;S015 | S003;S006;S007;S009;S010;S011;S012;S013;S014 | S004;S005;S008,5,4,3,7,6,5,6,9
17,47,0.3322280175811988,9,S001;S002 | S003;S006;S007;S009;S010;S011;S012;S013;S014;S015 | S004;S005;S008,5,5,3,7,7,5,6,9
16,46,0.27923059789238397,9,S001;S002 | S003;S006;S007;S009;S010;S011;S012;S013;S014 | S004;S005;S008;S015,5,4,3,7,7,5,6,9
14,44,0.19034740932314193,10,S001;S002;S015 | S003;S006;S007;S009;S010;S011;S013;S014 | S004;S005;S008;S012,5,4,3,7,5,5,6,9
16,46,0.2460454196276431,10,S001;S002 | S003;S006;S007;S009;S010;S011;S013;S014;S015 | S004;S005;S008;S012,5,5,3,7,6,5,6,9
15,45,0.20789779492790122,10,S001;S002 | S003;S006;S007;S009;S010;S011;S013;S014 | S004;S005;S008;S012;S015,5,4,3,7,6,5,6,9
17,47,0.21866540613970162,9,S001;S002;S012;S015 | S003;S006;S007;S011 | S004;S005;S008;S009;S010;S013;S014,7,5,3,7,6,5,6,8
19,49,0.2068330839808654,9,S001;S002;S012 | S003;S006;S007;S011;S015 | S004;S005;S008;S009;S010;S013;S014,7,6,3,7,7,5,6,8
18,48,0.2625883234613945,9,S001;S002;S012 | S003;S006;S007;S011 | S004;S005;S008;S009;S010;S013;S014;S015,7,5,3,7,7,5,6,8
17,47,0.17676809455866282,10,S001;S002;S015 | S003;S006;S007;S011;S012 | S004;S005;S008;S009;S010;S013;S014,7,4,3,7,6,5,6,9
19,49,0.19821929130678245,10,S001;S002 | S003;S006;S007;S011;S012;S015 | S004;S005;S008;S009;S010;S013;S014,7,5,3,7,7,5,6,9
18,48,0.2334493526339295,10,S001;S002 | S003;S006;S007;S011;S012 | S004;S005;S008;S009;S010;S013;S014;S015,7,4,3,7,7,5,6,9
15,45,0.26570813228357065,9,S001;S002;S015 | S003;S006;S007;S011 | S004;S005;S008;S009;S010;S012;S013;S014,7,4,3,7,5,5,6,8
17,47,0.26367190061023293,9,S001;S002 | S003;S006;S007;S011;S015 | S004;S005;S008;S009;S010;S012;S013;S014,7,5,3,7,6,5,6,8
16,46,0.3156774762057579,9,S001;S002 | S003;S006;S007;S011 | S004;S005;S008;S009;S010;S012;S013;S014;S015,7,4,3,7,6,5,6,8
12,42,0.45397020644873254,9,S001;S002;S008;S009;S010;S012;S013;S014;S015 | S003;S007;S011 | S004;S005;S006,6,3,3,7,4,5,6,8
14,44,0.40431324629239546,9,S001;S002;S008;S009;S010;S012;S013;S014 | S003;S007;S011;S015 | S004;S005;S006,6,4,3,7,5,5,6,8
14,44,0.3997679679795602,9,S001;S002;S008;S009;S010;S012;S013;S014 | S003;S007;S011 | S004;S005;S006;S015,6,4,3,7,5,5,6,8
14,44,0.3702335453929746,10,S001;S002;S008;S009;S010;S013;S014;S015 | S003;S007;S011;S012 | S004;S005;S006,6,3,3,7,5,5,6,9
15,45,0.3324630154485927,10,S001;S002;S008;S009;S010;S013;S014 | S003;S007;S011;S012;S015 | S004;S005;S006,6,4,3,7,5,5,6,9
15,45,0.3129740019744934,10,S001;S002;S008;S009;S010;S013;S014 | S003;S007;S011;S012 | S004;S005;S006;S015,6,4,3,7,5,5,6,9
14,44,0.3580187184749162,10,S001;S002;S008;S009;S010;S013;S014;S015 | S003;S007;S011 | S004;S005;S006;S012,6,4,3,7,5,5,6,8
15,45,0.3040417545291986,10,S001;S002;S008;S009;S010;S013;S014 | S003;S007;S011;S015 | S004;S005;S006;S012,6,5,3,7,5,5,6,8
14,44,0.31345181981326403,10,S001;S002;S008;S009;S010;S013;S014 | S003;S007;S011 | S004;S005;S006;S012;S015,6,4,3,7,5,5,6,8
12,42,0.27062781804705144,10,S001;S002;S008;S012;S015 | S003;S007;S009;S010;S011;S013;S014 | S004;S005;S006,5,3,3,7,4,5,6,9
14,44,0.2824355056102404,10,S001;S002;S008;S012 | S003;S007;S009;S010;S011;S013;S014;S015 | S004;S005;S006,5,4,3,7,5,5,6,9
14,44,0.22506682094286745,10,S001;S002;S008;S012 | S003;S007;S009;S010;S011;S013;S014 | S004;S005;S006;S015,5,4,3,7,5,5,6,9
13,43,0.2836257283859614,10,S001;S002;S008;S015 | S003;S007;S009;S010;S011;S012;S013;S014 | S004;S005;S006,5,3,3,7,5,5,6,9
14,44,0.3072937627963995,10,S001;S002;S008 | S003;S007;S009;S010;S011;S012;S013;S014;S015 | S004;S005;S006,5,4,3,7,5,5,6,9
14,44,0.24816720926068614,10,S001;S002;S008 | S003;S007;S009;S010;S011;S012;S013;S014 | S004;S005;S006;S015,5,4,3,7,5,5,6,9
14,44,0.1650462828014694,11,S001;S002;S008;S015 | S003;S007;S009;S010;S011;S013;S014 | S004;S005;S006;S012,5,4,3,7,5,5,6,9
15,45,0.19174442402079558,11,S001;S002;S008 | S003;S007;S009;S010;S011;S013;S014;S015 | S004;S005;S006;S012,5,5,3,7,5,5,6,9
14,44,0.13516063289802074,11,S001;S002;S008 | S003;S007;S009;S010;S011;S013;S014 | S004;S005;S006;S012;S015,5,4,3,7,5,5,6,9
13,43,0.21987819214741666,10,S001;S002;S008;S012;S015 | S003;S007;S011 | S004;S005;S006;S009;S010;S013;S014,7,3,3,7,4,5,6,8
15,45,0.1707226268294008,10,S001;S002;S008;S012 | S003;S007;S011;S015 | S004;S005;S006;S009;S010;S013;S014,7,4,3,7,5,5,6,8
15,45,0.22691998671189512,10,S001;S002;S008;S012 | S003;S007;S011 | S004;S005;S006;S009;S010;S013;S014;S015,7,4,3,7,5,5,6,8
15,45,0.11128830510432801,11,S001;S002;S008;S015 | S003;S007;S011;S012 | S004;S005;S006;S009;S010;S013;S014,7,3,3,7,5,5,6,9
16,46,0.08096724888491842,11,S001;S002;S008 | S003;S007;S011;S012;S015 | S004;S005;S006;S009;S010;S013;S014,7,4,3,7,5,5,6,9
16,46,0.1369972562108111,11,S001;S002;S008 | S003;S007;S011;S012 | S004;S005;S006;S009;S010;S013;S014;S015,7,4,3,7,5,5,6,9
15,45,0.22791260291027132,10,S001;S002;S008;S015 | S003;S007;S011 | S004;S005;S006;S009;S010;S012;S013;S014,7,4,3,7,5,5,6,8
16,46,0.1909756593291377,10,S001;S002;S008 | S003;S007;S011;S015 | S004;S005;S006;S009;S010;S012;S013;S014,7,5,3,7,5,5,6,8
15,45,0.2500918220880962,10,S001;S002;S008 | S003;S007;S011 | S004;S005;S006;S009;S010;S012;S013;S014;S015,7,4,3,7,5,5,6,8
16,46,0.3039817980023176,9,S001;S002;S009;S010;S012;S013;S014;S015 | S003;S007;S008;S011 | S004;S005;S006,6,4,3,7,6,5,6,9
17,47,0.27446248753678965,9,S001;S002;S009;S010;S012;S013;S014 | S003;S007;S008;S011;S015 | S004;S005;S006,6,4,3,7,7,5,6,9
18,48,0.24269867897870562,9,S001;S002;S009;S010;S012;S013;S014 | S003;S007;S008;S011 | S004;S005;S006;S015,6,5,3,7,7,5,6,9
14,44,0.2747673696510228,10,S001;S002;S009;S010;S013;S014;S015 | S003;S007;S008;S011;S012 | S004;S005;S006,6,3,3,7,5,5,6,9
15,45,0.26946019263201043,10,S001;S002;S009;S010;S013;S014 | S003;S007;S008;S011;S012;S015 | S004;S005;S006,6,3,3,7,6,5,6,9
16,46,0.21955274979678505,10,S001;S002;S009;S010;S013;S014 | S003;S007;S008;S011;S012 | S004;S005;S006;S015,6,4,3,7,6,5,6,9
16,46,0.1884538577295931,10,S001;S002;S009;S010;S013;S014;S015 | S003;S007;S008;S011 | S004;S005;S006;S012,6,4,3,7,6,5,6,9
17,47,0.15307433388180017,10,S001;S002;S009;S010;S013;S014 | S003;S007;S008;S011;S015 | S004;S005;S006;S012,6,4,3,7,7,5,6,9
17,47,0.1319695108716435,10,S001;S002;S009;S010;S013;S014 | S003;S007;S008;S011 | S004;S005;S006;S012;S015,6,4,3,7,7,5,6,9
15,45,0.3513913041736319,10,S001;S002;S012;S015 | S003;S007;S008;S009;S010;S011;S013;S014 | S004;S005;S006,5,4,3,7,6,5,6,9
16,46,0.3919938227302428,10,S001;S002;S012 | S003;S007;S008;S009;S010;S011;S013;S014;S015 | S004;S005;S006,5,4,3,7,7,5,6,9
17,47,0.3357349570389954,10,S001;S002;S012 | S003;S007;S008;S009;S010;S011;S013;S014 | S004;S005;S006;S015,5,5,3,7,7,5,6,9
13,43,0.39482449438244904,10,S001;S002;S015 | S003;S007;S008;S009;S010;S011;S012;S013;S014 | S004;S005;S006,5,3,3,7,5,5,6,9
14,44,0.4399149846241637,10,S001;S002 | S003;S007;S008;S009;S010;S011;S012;S013;S014;S015 | S004;S005;S006,5,3,3,7,6,5,6,9
15,45,0.38581892910384274,10,S001;S002 | S003;S007;S008;S009;S010;S011;S012;S013;S014 | S004;S005;S006;S015,5,4,3,7,6,5,6,9
15,45,0.29256234506874246,11,S001;S002;S015 | S003;S007;S008;S009;S010;S011;S013;S014 | S004;S005;S006;S012,5,4,3,7,6,5,6,9
16,46,0.3421729156677212,11,S001;S002 | S003;S007;S008;S009;S010;S011;S013;S014;S015 | S004;S005;S006;S012,5,4,3,7,7,5,6,9
16,46,0.2959777219064039,11,S001;S002 | S003;S007;S008;S009;S010;S011;S013;S014 | S004;S005;S006;S012;S015,5,4,3,7,7,5,6,9
17,47,0.10765674537800525,10,S001;S002;S012;S015 | S003;S007;S008;S011 | S004;S005;S006;S009;S010;S013;S014,7,4,3,7,6,5,6,9
18,48,0.12665970249577466,10,S001;S002;S012 | S003;S007;S008;S011;S015 | S004;S005;S006;S009;S010;S013;S014,7,4,3,7,7,5,6,9
19,49,0.16298064472017676,10,S001;S002;S012 | S003;S007;S008;S011 | S004;S005;S006;S009;S010;S013;S014;S015,7,5,3,7,7,5,6,9
15,45,0.13719881149012475,11,S001;S002;S015 | S003;S007;S008;S011;S012 | S004;S005;S006;S009;S010;S013;S014,7,3,3,7,5,5,6,9
16,46,0.1869707255193833,11,S001;S002 | S003;S007;S008;S011;S012;S015 | S004;S005;S006;S009;S010;S013;S014,7,3,3,7,6,5,6,9
17,47,0.19023312047214896,11,S001;S002 | S003;S007;S008;S011;S012 | S004;S005;S006;S009;S010;S013;S014;S015,7,4,3,7,6,5,6,9
17,47,0.16670605092701088,10,S001;S002;S015 | S003;S007;S008;S011 | S004;S005;S006;S009;S010;S012;S013;S014,7,4,3,7,6,5,6,9
18,48,0.18966118418896868,10,S001;S002 | S003;S007;S008;S011;S015 | S004;S005;S006;S009;S010;S012;S013;S014,7,4,3,7,7,5,6,9
18,48,0.22409624509660475,10,S001;S002 | S003;S007;S008;S011 | S004;S005;S006;S009;S010;S012;S013;S014;S015,7,4,3,7,7,5,6,9
16,46,0.30624380182184935,8,S001;S002;S009;S010;S012;S013;S014;S015 | S003;S007;S011 | S004;S005;S006;S008,6,5,3,7,6,5,6,8
18,48,0.24905691055371207,8,S001;S002;S009;S010;S012;S013;S014 | S003;S007;S011;S015 | S004;S005;S006;S008,6,6,3,7,7,5,6,8
17,47,0.25853836488272375,8,S001;S002;S009;S010;S012;S013;S014 | S003;S007;S011 | S004;S005;S006;S008;S015,6,5,3,7,7,5,6,8
16,46,0.212855163898068,9,S001;S002;S009;S010;S013;S014;S015 | S003;S007;S011;S012 | S004;S005;S006;S008,6,4,3,7,6,5,6,9
18,48,0.17230448311771251,9,S001;S002;S009;S010;S013;S014 | S003;S007;S011;S012;S015 | S004;S005;S006;S008,6,5,3,7,7,5,6,9
17,47,0.15612536207391065,9,S001;S002;S009;S010;S013;S014 | S003;S007;S011;S012 | S004;S005;S006;S008;S015,6,4,3,7,7,5,6,9
14,44,0.23873298566454937,9,S001;S002;S009;S010;S013;S014;S015 | S003;S007;S011 | S004;S005;S006;S008;S012,6,4,3,7,5,5,6,8
16,46,0.17780735143280244,9,S001;S002;S009;S010;S013;S014 | S003;S007;S011;S015 | S004;S005;S006;S008;S012,6,5,3,7,6,5,6,8
15,45,0.21405780680483677,9,S001;S002;S009;S010;S013;S014 | S003;S007;S011 | S004;S005;S006;S008;S012;S015,6,4,3,7,6,5,6,8
16,46,0.19207575360131574,9,S001;S002;S012;S015 | S003;S007;S009;S010;S011;S013;S014 | S004;S005;S006;S008,5,5,3,7,6,5,6,9
18,48,0.2374391492749927,9,S001;S002;S012 | S003;S007;S009;S010;S011;S013;S014;S015 | S004;S005;S006;S008,5,6,3,7,7,5,6,9
17,47,0.1830635769272926,9,S001;S002;S012 | S003;S007;S009;S010;S011;S013;S014 | S004;S005;S006;S008;S015,5,5,3,7,7,5,6,9
15,45,0.2406593312865674,9,S001;S002;S015 | S003;S007;S009;S010;S011;S012;S013;S014 | S004;S005;S006;S008,5,4,3,7,6,5,6,9
17,47,0.2920865588626166,9,S001;S002 | S003;S007;S009;S010;S011;S012;S013;S014;S015 | S004;S005;S006;S008,5,5,3,7,7,5,6,9
16,46,0.24185282019069626,9,S001;S002 | S003;S007;S009;S010;S011;S012;S013;S014 | S004;S005;S006;S008;S015,5,4,3,7,7,5,6,9
14,44,0.1586049561606837,10,S001;S002;S015 | S003;S007;S009;S010;S011;S013;S014 | S004;S005;S006;S008;S012,5,4,3,7,5,5,6,9
16,46,0.21650595040575235,10,S001;S002 | S003;S007;S009;S010;S011;S013;S014;S015 | S004;S005;S006;S008;S012,5,5,3,7,6,5,6,9
15,45,0.1863647146321691,10,S001;S002 | S003;S007;S009;S010;S011;S013;S014 | S004;S005;S006;S008;S012;S015,5,4,3,7,6,5,6,9
17,47,0.26380938784620905,9,S001;S002;S012;S015 | S003;S007;S011 | S004;S005;S006;S008;S009;S010;S013;S014,7,5,3,7,6,5,6,8
19,49,0.24853325549369612,9,S001;S002;S012 | S003;S007;S011;S015 | S004;S005;S006;S008;S009;S010;S013;S014,7,6,3,7,7,5,6,8
18,48,0.3058192925701527,9,S001;S002;S012 | S003;S007;S011 | S004;S005;S006;S008;S009;S010;S013;S014;S015,7,5,3,7,7,5,6,8
17,47,0.21125375335927743,10,S001;S002;S015 | S003;S007;S011;S012 | S004;S005;S006;S008;S009;S010;S013;S014,7,4,3,7,6,5,6,9
19,49,0.2237971372902246,10,S001;S002 | S003;S007;S011;S012;S015 | S004;S005;S006;S008;S009;S010;S013;S014,7,5,3,7,7,5,6,9
18,48,0.26545565946317345,10,S001;S002 | S003;S007;S011;S012 | S004;S005;S006;S008;S009;S010;S013;S014;S015,7,4,3,7,7,5,6,9
15,45,0.3087992816744986,9,S001;S002;S015 | S003;S007;S011 | S004;S005;S006;S008;S009;S010;S012;S013;S014,7,4,3,7,5,5,6,8
17,47,0.30246830768889427,9,S001;S002 | S003;S007;S011;S015 | S004;S005;S006;S008;S009;S010;S012;S013;S014,7,5,3,7,6,5,6,8
16,46,0.35665169647849915,9,S001;S002 | S003;S007;S011 | S004;S005;S006;S008;S009;S010;S012;S013;S014;S015,7,4,3,7,6,5,6,8
